heart_rate_bpm,sweat_microsiemens,skin_temp_celsius,grip_force_newton,rr_interval_ms,qrs_duration_ms,st_deviation_mv,qt_interval_ms,driver_id,timestamp_offset,condition_label
73.65,3.18,33.61,15.93,813.04,92.01,0.012,390.39,1,0,0
73.53,3.16,33.6,15.87,810.97,92.97,0.012,389.9,1,1,0
73.29,3.14,33.58,15.87,808.17,93.32,0.015,390.81,1,2,0
73.37,3.15,33.58,15.79,804.86,93.43,0.017,390.48,1,3,0
73.76,3.14,33.57,15.77,802.3,92.49,0.02,389.36,1,4,0
73.79,3.11,33.58,15.85,798.51,93.47,0.016,390.71,1,5,0
74.1,3.13,33.58,15.9,795.45,94.31,0.019,389.92,1,6,0
74.45,3.14,33.57,15.81,792.12,94.89,0.017,389.68,1,7,0
74.64,3.14,33.58,15.72,791.96,95.46,0.021,387.9,1,8,0
75.02,3.15,33.58,15.75,795.41,96.1,0.023,389.47,1,9,0
74.71,3.17,33.59,15.81,797.06,96.14,0.019,388.63,1,10,0
74.93,3.17,33.58,15.81,797.92,95.15,0.024,389.87,1,11,0
74.76,3.15,33.58,15.91,800.72,95.6,0.028,389.27,1,12,0
74.96,3.16,33.56,16.0,798.24,96.0,0.03,387.37,1,13,0
75.22,3.18,33.58,15.98,798.22,96.12,0.027,387.98,1,14,0
75.62,3.16,33.57,15.91,796.23,95.17,0.031,386.05,1,15,0
75.56,3.17,33.57,15.91,793.1,95.56,0.033,386.37,1,16,0
75.27,3.16,33.58,15.89,793.25,95.32,0.03,384.5,1,17,0
75.34,3.16,33.58,15.91,794.55,95.84,0.034,386.08,1,18,0
75.26,3.17,33.59,15.84,795.76,95.81,0.031,385.86,1,19,0
75.56,3.16,33.6,15.89,799.0,96.58,0.029,386.27,1,20,0
75.74,3.17,33.58,15.95,796.2,96.34,0.033,385.18,1,21,0
75.98,3.18,33.59,15.87,796.87,97.27,0.03,383.44,1,22,0
76.27,3.2,33.58,15.94,795.84,97.8,0.03,381.92,1,23,0
76.58,3.18,33.58,15.87,798.98,98.48,0.029,381.08,1,24,0
76.19,3.19,33.56,15.77,798.1,98.24,0.027,379.24,1,25,0
76.24,3.18,33.54,15.71,798.29,97.36,0.025,379.1,1,26,0
76.61,3.17,33.53,15.76,799.7,96.62,0.028,377.86,1,27,0
76.94,3.15,33.51,15.81,798.5,95.86,0.033,378.17,1,28,0
77.34,3.14,33.5,15.83,801.36,96.23,0.028,378.35,1,29,0
77.01,3.16,33.52,15.88,803.52,96.87,0.026,378.22,1,30,0
76.82,3.13,33.51,15.82,804.97,96.81,0.025,379.87,1,31,0
76.94,3.11,33.51,15.73,806.48,97.44,0.021,380.98,1,32,0
76.72,3.08,33.5,15.66,803.3,97.5,0.018,382.74,1,33,0
76.59,3.06,33.48,15.64,803.04,97.39,0.022,383.93,1,34,0
76.89,3.08,33.47,15.57,803.89,96.94,0.025,385.32,1,35,0
76.82,3.08,33.47,15.66,807.32,95.99,0.026,384.13,1,36,0
77.1,3.09,33.48,15.72,808.72,96.16,0.028,385.66,1,37,0
77.47,3.08,33.48,15.67,806.41,96.26,0.025,385.91,1,38,0
77.32,3.08,33.5,15.6,809.27,96.37,0.022,387.76,1,39,0
77.49,3.06,33.52,15.67,807.94,96.66,0.021,386.56,1,40,0
77.8,3.06,33.52,15.69,809.64,97.52,0.02,385.1,1,41,0
77.51,3.07,33.5,15.74,810.2,98.06,0.021,384.81,1,42,0
77.36,3.09,33.51,15.66,813.67,98.27,0.025,383.34,1,43,0
77.34,3.08,33.49,15.75,816.38,98.13,0.027,385.0,1,44,0
77.49,3.09,33.48,15.67,814.26,97.88,0.028,383.64,1,45,0
77.79,3.09,33.49,15.65,812.45,98.42,0.03,382.81,1,46,0
77.83,3.1,33.5,15.74,811.96,98.3,0.034,384.8,1,47,0
78.03,3.12,33.52,15.79,814.54,97.83,0.038,385.39,1,48,0
78.22,3.12,33.5,15.76,814.74,97.7,0.035,385.22,1,49,0
78.24,3.12,33.49,15.76,815.33,97.05,0.033,383.54,1,50,0
78.45,3.13,33.5,15.83,815.94,97.93,0.03,382.81,1,51,0
78.47,3.11,33.49,15.75,815.85,98.31,0.032,382.29,1,52,0
78.73,3.08,33.49,15.79,816.38,98.42,0.028,381.18,1,53,0
78.87,3.09,33.48,15.81,816.4,98.89,0.03,381.51,1,54,0
78.74,3.1,33.49,15.72,820.08,98.98,0.035,381.43,1,55,0
78.71,3.13,33.49,15.63,820.91,98.55,0.035,379.67,1,56,0
78.98,3.11,33.47,15.69,817.67,98.46,0.033,381.17,1,57,0
79.04,3.11,33.47,15.74,814.48,98.14,0.028,380.33,1,58,0
79.25,3.11,33.48,15.75,817.51,97.28,0.031,380.61,1,59,0
78.91,3.09,33.49,15.66,819.58,97.9,0.027,382.32,1,60,0
78.75,3.08,33.47,15.59,820.54,98.86,0.029,381.4,1,61,0
78.8,3.1,33.49,15.56,823.41,97.97,0.029,381.06,1,62,0
78.72,3.11,33.47,15.51,821.18,98.73,0.03,380.5,1,63,0
78.46,3.08,33.49,15.44,822.58,98.95,0.033,381.34,1,64,0
78.8,3.06,33.47,15.45,825.13,99.61,0.038,383.08,1,65,0
78.57,3.07,33.45,15.48,828.78,100.58,0.036,384.67,1,66,0
78.92,3.08,33.47,15.54,827.51,100.54,0.038,385.17,1,67,0
79.13,3.07,33.48,15.61,825.91,101.28,0.041,384.83,1,68,0
79.16,3.07,33.46,15.66,829.42,101.46,0.044,386.42,1,69,0
79.34,3.09,33.48,15.63,832.37,102.39,0.043,388.35,1,70,0
79.32,3.07,33.49,15.56,835.57,101.99,0.041,387.98,1,71,0
79.59,3.09,33.48,15.49,837.89,102.91,0.045,388.65,1,72,0
79.85,3.08,33.47,15.47,838.6,102.73,0.044,388.29,1,73,0
79.75,3.06,33.49,15.42,835.59,103.32,0.045,389.66,1,74,0
79.44,3.08,33.49,15.41,837.45,102.44,0.049,390.84,1,75,0
79.8,3.06,33.49,15.44,837.4,102.46,0.054,392.53,1,76,0
79.68,3.06,33.48,15.34,840.64,103.42,0.051,391.88,1,77,0
79.68,3.04,33.49,15.38,840.88,102.54,0.053,390.99,1,78,0
79.51,3.06,33.49,15.35,841.87,103.36,0.054,390.66,1,79,0
79.9,3.03,33.51,15.35,843.51,103.23,0.057,391.78,1,80,0
80.15,3.05,33.51,15.43,841.61,103.27,0.058,390.35,1,81,0
79.99,3.07,33.51,15.36,844.99,102.75,0.056,391.82,1,82,0
79.87,3.04,33.49,15.27,846.22,102.18,0.061,391.95,1,83,0
79.89,3.04,33.51,15.17,842.5,103.0,0.063,390.38,1,84,0
80.09,3.06,33.51,15.16,841.63,103.55,0.064,390.52,1,85,0
80.18,3.04,33.51,15.14,842.31,104.04,0.064,389.7,1,86,0
80.54,3.06,33.49,15.1,842.6,104.04,0.069,391.62,1,87,0
80.23,3.09,33.5,15.03,842.51,104.49,0.065,393.28,1,88,0
80.22,3.1,33.51,14.96,843.5,104.58,0.069,391.64,1,89,0
80.37,3.12,33.49,14.93,841.02,105.43,0.066,392.37,1,90,0
80.58,3.15,33.48,14.92,840.11,104.83,0.069,391.51,1,91,0
80.67,3.16,33.49,14.85,837.84,103.86,0.074,389.74,1,92,0
80.79,3.19,33.48,14.85,837.82,104.85,0.074,391.68,1,93,0
81.1,3.17,33.47,14.82,840.08,104.4,0.075,393.27,1,94,0
81.29,3.17,33.48,14.87,836.62,103.58,0.079,393.91,1,95,0
81.67,3.18,33.49,14.78,838.43,103.52,0.084,392.8,1,96,0
81.53,3.19,33.5,14.87,840.26,103.04,0.08,391.99,1,97,0
81.57,3.19,33.5,14.78,839.37,102.77,0.077,392.11,1,98,0
81.21,3.19,33.49,14.84,837.68,103.06,0.074,393.42,1,99,0
81.47,3.21,33.5,14.85,836.6,103.36,0.071,392.94,1,100,0
81.83,3.23,33.48,14.82,833.77,104.01,0.073,394.07,1,101,0
81.55,3.2,33.46,14.81,837.25,103.02,0.077,394.49,1,102,0
81.29,3.17,33.47,14.76,836.48,102.41,0.077,394.64,1,103,0
81.66,3.16,33.49,14.8,834.12,101.61,0.073,394.73,1,104,0
81.88,3.15,33.48,14.79,832.47,102.51,0.074,394.24,1,105,0
82.27,3.14,33.49,14.71,830.02,101.55,0.077,394.11,1,106,0
82.32,3.17,33.5,14.77,826.96,100.97,0.082,392.12,1,107,0
82.1,3.2,33.5,14.85,828.88,100.22,0.086,390.54,1,108,0
82.13,3.21,33.5,14.78,826.2,100.51,0.088,388.9,1,109,0
82.2,3.21,33.5,14.77,826.03,100.99,0.091,390.18,1,110,0
82.2,3.22,33.5,14.77,823.46,101.6,0.089,390.4,1,111,0
82.03,3.24,33.49,14.76,825.21,101.09,0.086,388.72,1,112,0
81.87,3.22,33.5,14.67,826.65,100.48,0.09,387.28,1,113,0
81.83,3.2,33.51,14.59,830.04,100.85,0.089,386.18,1,114,0
81.98,3.21,33.52,14.67,829.08,101.56,0.086,388.09,1,115,0
81.73,3.24,33.5,14.66,832.63,101.81,0.086,387.84,1,116,0
81.57,3.26,33.52,14.61,834.3,101.6,0.087,388.1,1,117,0
81.32,3.24,33.54,14.61,833.56,101.29,0.085,389.63,1,118,0
81.07,3.21,33.53,14.7,836.03,101.85,0.084,389.12,1,119,0
80.94,3.2,33.51,14.64,838.97,101.6,0.086,387.35,1,120,0
81.32,3.18,33.53,14.68,840.48,101.06,0.09,388.41,1,121,0
81.08,3.18,33.52,14.62,842.43,100.9,0.093,387.61,1,122,0
81.29,3.16,33.52,14.6,844.32,101.7,0.096,389.14,1,123,0
81.64,3.14,33.52,14.7,845.93,102.68,0.099,389.13,1,124,0
81.72,3.12,33.51,14.69,844.8,102.51,0.101,390.92,1,125,0
81.75,3.15,33.5,14.67,847.51,102.36,0.1,391.51,1,126,0
81.88,3.15,33.48,14.6,851.44,102.44,0.095,392.3,1,127,0
81.67,3.14,33.49,14.56,852.63,101.57,0.098,393.61,1,128,0
81.98,3.14,33.48,14.53,853.12,101.71,0.099,395.06,1,129,0
81.72,3.12,33.47,14.5,854.6,102.7,0.095,395.89,1,130,0
81.84,3.15,33.48,14.45,853.04,103.09,0.098,394.94,1,131,0
81.85,3.16,33.49,14.41,855.71,103.87,0.101,396.37,1,132,0
81.97,3.13,33.5,14.32,852.05,103.86,0.103,397.71,1,133,0
81.94,3.11,33.49,14.34,853.2,104.5,0.098,396.07,1,134,0
82.11,3.13,33.48,14.29,849.71,104.3,0.1,395.75,1,135,0
82.03,3.12,33.48,14.31,847.81,103.88,0.104,395.73,1,136,0
81.68,3.12,33.48,14.26,844.45,103.1,0.101,397.16,1,137,0
81.57,3.12,33.49,14.29,841.0,103.07,0.097,395.96,1,138,0
81.4,3.1,33.5,14.33,839.38,103.4,0.099,396.74,1,139,0
81.34,3.13,33.49,14.34,840.77,102.88,0.098,398.44,1,140,0
81.18,3.15,33.49,14.35,838.89,103.6,0.096,398.03,1,141,0
81.52,3.15,33.49,14.33,838.14,103.75,0.101,399.61,1,142,0
81.13,3.17,33.51,14.27,839.02,102.9,0.103,398.46,1,143,0
80.99,3.2,33.52,14.27,836.08,103.24,0.106,399.3,1,144,0
81.12,3.23,33.52,14.19,839.97,104.07,0.111,399.6,1,145,0
80.95,3.22,33.5,14.11,842.27,104.03,0.11,401.17,1,146,0
81.21,3.24,33.5,14.07,840.14,103.82,0.111,401.76,1,147,0
81.59,3.24,33.51,14.0,842.29,103.8,0.106,403.46,1,148,0
81.24,3.26,33.49,13.92,844.97,104.54,0.103,404.23,1,149,0
80.93,3.26,33.5,13.95,847.96,104.9,0.099,405.85,1,150,0
80.81,3.25,33.51,13.9,845.31,104.52,0.095,404.17,1,151,0
81.08,3.23,33.51,13.93,843.75,104.42,0.09,406.05,1,152,0
80.95,3.23,33.5,13.97,845.61,104.06,0.088,407.17,1,153,0
81.04,3.21,33.49,13.89,842.96,103.42,0.084,408.19,1,154,0
81.38,3.2,33.49,13.95,841.34,102.68,0.086,409.89,1,155,0
81.42,3.17,33.48,14.03,839.62,103.55,0.09,408.42,1,156,0
81.52,3.18,33.48,14.0,841.72,103.75,0.092,408.6,1,157,0
81.47,3.16,33.5,14.07,844.81,103.45,0.092,409.94,1,158,0
81.11,3.16,33.49,14.03,847.09,103.94,0.091,408.14,1,159,0
81.26,3.16,33.51,13.98,845.68,103.16,0.089,406.28,1,160,0
81.01,3.16,33.49,14.07,845.54,103.72,0.093,408.09,1,161,0
81.39,3.15,33.5,14.14,842.72,103.88,0.093,409.04,1,162,0
81.57,3.15,33.49,14.16,842.76,103.27,0.092,408.56,1,163,0
81.42,3.13,33.5,14.24,842.88,103.08,0.09,406.66,1,164,0
81.21,3.15,33.51,14.32,845.55,102.86,0.091,408.51,1,165,0
81.47,3.16,33.5,14.4,844.86,103.86,0.092,409.85,1,166,0
81.66,3.16,33.51,14.44,841.94,103.15,0.095,409.88,1,167,0
82.02,3.17,33.53,14.49,842.1,102.96,0.096,408.18,1,168,0
81.75,3.14,33.54,14.45,839.26,103.81,0.099,410.17,1,169,0
81.39,3.14,33.54,14.45,842.03,104.26,0.101,408.24,1,170,0
81.77,3.11,33.53,14.38,845.69,103.94,0.105,408.09,1,171,0
81.38,3.12,33.54,14.48,844.61,104.4,0.106,409.37,1,172,0
81.61,3.13,33.56,14.56,843.04,104.31,0.109,410.21,1,173,0
81.99,3.12,33.57,14.5,839.85,103.51,0.113,409.7,1,174,0
81.75,3.15,33.56,14.52,843.47,104.06,0.118,409.36,1,175,0
81.6,3.13,33.55,14.46,847.07,104.65,0.119,408.26,1,176,0
81.97,3.13,33.55,14.55,844.26,103.96,0.118,407.07,1,177,0
82.33,3.11,33.57,14.57,840.88,103.18,0.122,406.69,1,178,0
82.42,3.09,33.55,14.59,842.85,103.52,0.124,404.81,1,179,0
82.69,3.15,33.54,14.54,838.72,104.11,0.127,405.02,1,180,1
83.08,3.2,33.52,14.47,833.49,104.68,0.132,406.68,1,181,1
83.29,3.27,33.52,14.39,829.05,105.03,0.135,407.58,1,182,1
83.77,3.31,33.52,14.34,826.0,105.51,0.143,409.22,1,183,1
84.04,3.36,33.49,14.27,821.71,105.56,0.146,411.17,1,184,1
84.59,3.4,33.47,14.24,817.7,105.82,0.148,412.35,1,185,1
84.82,3.45,33.47,14.2,811.72,106.03,0.152,412.36,1,186,1
85.57,3.49,33.44,14.12,808.58,106.08,0.158,413.99,1,187,1
85.9,3.55,33.41,14.1,805.54,106.73,0.164,415.67,1,188,1
86.44,3.59,33.39,14.07,800.63,107.66,0.167,416.31,1,189,1
86.71,3.66,33.39,14.03,796.82,107.83,0.171,416.41,1,190,1
87.29,3.69,33.36,13.97,793.73,108.14,0.174,416.82,1,191,1
87.78,3.73,33.36,13.92,791.23,108.78,0.179,417.42,1,192,1
88.29,3.77,33.35,13.89,785.41,108.8,0.186,418.72,1,193,1
88.87,3.81,33.34,13.85,780.86,109.6,0.19,420.25,1,194,1
89.42,3.86,33.32,13.83,778.58,110.37,0.198,422.04,1,195,1
90.15,3.89,33.3,13.76,774.42,111.04,0.205,423.72,1,196,1
90.65,3.93,33.28,13.73,769.78,111.66,0.207,423.94,1,197,1
91.29,3.97,33.26,13.68,767.05,111.88,0.21,425.39,1,198,1
91.89,4.0,33.24,13.64,763.01,112.86,0.214,426.46,1,199,1
92.55,4.04,33.21,13.57,759.26,113.2,0.221,427.7,1,200,1
92.82,4.09,33.2,13.53,755.1,113.42,0.226,429.03,1,201,1
93.56,4.17,33.18,13.5,752.13,113.9,0.229,430.58,1,202,1
93.8,4.24,33.18,13.43,746.57,114.16,0.235,431.19,1,203,1
94.57,4.31,33.16,13.39,742.32,114.91,0.241,432.97,1,204,1
95.2,4.36,33.13,13.34,738.1,115.13,0.248,433.09,1,205,1
95.56,4.42,33.13,13.31,735.97,115.56,0.252,433.46,1,206,1
96.23,4.49,33.1,13.23,730.89,115.73,0.258,434.84,1,207,1
96.68,4.53,33.09,13.17,725.79,116.36,0.262,435.46,1,208,1
97.3,4.6,33.07,13.09,720.25,117.21,0.269,436.22,1,209,1
97.91,4.63,33.04,13.03,717.4,118.16,0.272,437.18,1,210,1
98.39,4.68,33.02,12.97,714.58,118.85,0.277,437.68,1,211,1
98.67,4.75,33.0,12.94,712.44,119.41,0.28,438.87,1,212,1
99.02,4.8,32.98,12.9,706.71,119.74,0.285,439.63,1,213,1
99.51,4.87,32.95,12.85,703.28,120.21,0.288,440.52,1,214,1
100.15,4.91,32.94,12.82,700.8,120.48,0.296,441.72,1,215,1
100.48,4.98,32.92,12.78,696.94,121.15,0.304,442.95,1,216,1
100.94,5.02,32.91,12.75,692.82,121.77,0.307,444.65,1,217,1
101.44,5.07,32.89,12.69,688.46,122.28,0.312,445.96,1,218,1
102.05,5.1,32.89,12.66,684.47,123.27,0.315,447.57,1,219,1
102.54,5.25,32.84,12.6,679.78,124.2,0.325,451.41,1,220,2
103.0,5.35,32.79,12.54,673.91,125.9,0.34,452.43,1,221,2
103.43,5.45,32.74,12.47,666.28,126.84,0.348,453.78,1,222,2
103.99,5.54,32.69,12.33,663.04,128.17,0.358,457.18,1,223,2
104.72,5.67,32.63,12.23,657.88,130.0,0.363,459.26,1,224,2
105.44,5.78,32.58,12.09,650.63,131.83,0.373,463.25,1,225,2
106.06,5.91,32.54,12.0,644.6,132.92,0.385,465.85,1,226,2
106.59,6.01,32.49,11.85,640.89,134.5,0.392,468.31,1,227,2
107.68,6.11,32.45,11.78,635.31,135.3,0.398,470.63,1,228,2
108.66,6.24,32.43,11.71,630.8,136.59,0.405,473.62,1,229,2
109.2,6.34,32.39,11.64,624.26,138.49,0.41,477.62,1,230,2
110.3,6.44,32.36,11.57,621.01,139.21,0.422,479.64,1,231,2
110.95,6.55,32.34,11.45,617.27,140.2,0.427,482.68,1,232,2
111.76,6.65,32.31,11.32,609.86,141.49,0.44,483.87,1,233,2
112.3,6.79,32.28,11.2,602.03,143.42,0.449,484.97,1,234,2
113.06,6.88,32.24,11.09,597.1,145.38,0.455,486.41,1,235,2
113.54,6.96,32.22,11.04,590.9,146.21,0.469,488.74,1,236,2
114.06,7.06,32.2,10.98,587.18,147.79,0.475,492.57,1,237,2
114.48,7.2,32.17,10.84,580.27,148.3,0.482,493.91,1,238,2
115.13,7.31,32.15,10.79,574.63,150.09,0.494,496.09,1,239,2
115.76,7.46,32.12,10.7,569.83,151.49,0.499,498.01,1,240,2
116.84,7.55,32.06,10.56,564.83,153.09,0.51,499.53,1,241,2
117.99,7.65,32.0,10.5,561.24,153.95,0.516,502.08,1,242,2
119.1,7.73,31.95,10.43,553.76,155.69,0.528,505.66,1,243,2
119.92,7.88,31.91,10.38,546.03,157.55,0.539,509.15,1,244,2
120.72,8.0,31.88,10.32,542.1,158.09,0.546,512.86,1,245,2
121.89,8.13,31.83,10.27,535.56,159.96,0.555,514.91,1,246,2
122.45,8.24,31.78,10.18,532.07,161.49,0.568,518.89,1,247,2
123.11,8.37,31.74,10.09,525.8,162.64,0.576,520.54,1,248,2
124.01,8.51,31.71,9.94,520.39,163.27,0.582,523.1,1,249,2
124.76,8.65,31.67,9.88,516.22,164.91,0.596,525.59,1,250,2
125.49,8.78,31.62,9.78,513.15,166.84,0.604,529.49,1,251,2
126.42,8.87,31.58,9.65,506.66,168.04,0.612,532.23,1,252,2
127.34,8.96,31.54,9.5,498.67,169.26,0.622,535.78,1,253,2
128.09,9.06,31.49,9.41,494.51,169.79,0.637,539.07,1,254,2
129.23,9.15,31.44,9.35,488.51,171.16,0.645,541.21,1,255,2
130.36,9.27,31.39,9.24,482.01,172.09,0.653,544.79,1,256,2
131.22,9.4,31.34,9.1,478.17,173.97,0.668,548.26,1,257,2
131.83,9.52,31.31,8.96,470.75,175.35,0.674,550.65,1,258,2
132.54,9.64,31.25,8.89,467.16,177.25,0.687,551.91,1,259,2
133.11,9.79,31.19,8.8,460.36,178.85,0.693,554.28,1,260,2
133.9,9.88,31.15,8.69,456.0,180.73,0.7,557.88,1,261,2
134.67,10.02,31.12,8.54,449.84,182.24,0.713,561.22,1,262,2
135.23,10.15,31.09,8.46,444.87,183.95,0.728,563.98,1,263,2
136.2,10.27,31.03,8.4,440.64,185.57,0.737,566.67,1,264,2
136.89,10.39,30.99,8.29,434.36,187.25,0.748,570.29,1,265,2
137.51,10.54,30.96,8.21,426.4,187.92,0.761,573.04,1,266,2
137.92,10.65,30.91,8.08,422.08,189.89,0.769,574.81,1,267,2
138.74,10.75,30.89,8.02,418.3,191.8,0.78,575.91,1,268,2
139.43,10.84,30.85,7.9,411.12,192.54,0.785,576.94,1,269,2
140.2,10.93,30.79,7.75,405.23,193.16,0.791,579.69,1,270,2
141.36,11.07,30.74,7.66,399.7,194.01,0.802,580.92,1,271,2
142.37,11.22,30.69,7.6,394.09,195.27,0.815,582.97,1,272,2
143.26,11.31,30.66,7.52,390.53,196.61,0.821,586.46,1,273,2
144.2,11.41,30.61,7.41,387.41,198.53,0.83,590.17,1,274,2
145.36,11.54,30.56,7.29,381.82,199.06,0.839,592.68,1,275,2
145.9,11.65,30.5,7.23,378.12,201.04,0.847,594.78,1,276,2
147.05,11.78,30.45,7.17,373.95,202.96,0.861,596.87,1,277,2
147.85,11.9,30.43,7.06,367.33,204.74,0.871,598.03,1,278,2
149.04,12.02,30.38,7.01,360.93,206.26,0.882,600.22,1,279,2
150.22,12.1,30.36,6.87,354.55,207.04,0.889,603.48,1,280,2
151.08,12.22,30.31,6.8,349.93,208.5,0.903,604.61,1,281,2
151.73,12.31,30.28,6.7,344.69,209.11,0.908,607.79,1,282,2
152.83,12.4,30.25,6.61,338.36,210.48,0.915,611.72,1,283,2
153.85,12.52,30.19,6.53,330.91,211.24,0.925,614.79,1,284,2
154.77,12.6,30.15,6.45,324.01,212.05,0.931,617.63,1,285,2
155.57,12.72,30.12,6.39,320.87,212.97,0.938,620.22,1,286,2
156.4,12.83,30.08,6.33,315.23,213.92,0.952,622.55,1,287,2
157.55,12.95,30.04,6.19,308.04,215.9,0.961,626.07,1,288,2
158.31,13.09,29.99,6.08,301.0,217.03,0.974,627.82,1,289,2
159.3,13.19,29.94,5.94,296.63,217.57,0.98,631.8,1,290,2
160.36,13.33,29.9,5.85,292.64,218.49,0.991,634.4,1,291,2
160.76,13.43,29.85,5.77,289.32,219.1,0.999,637.34,1,292,2
161.44,13.56,29.82,5.62,285.7,220.25,1.007,639.18,1,293,2
162.12,13.69,29.77,5.54,278.2,221.18,1.012,642.78,1,294,2
163.24,13.8,29.74,5.49,271.76,222.99,1.017,643.89,1,295,2
164.23,13.94,29.69,5.39,265.54,224.96,1.023,647.15,1,296,2
165.06,14.06,29.65,5.25,260.02,226.65,1.03,650.27,1,297,2
165.67,14.19,29.59,5.18,255.09,227.92,1.04,651.49,1,298,2
166.74,14.3,29.54,5.07,251.3,228.64,1.052,654.4,1,299,2
74.22,3.18,33.6,15.99,809.55,91.43,0.008,389.52,2,0,0
74.24,3.21,33.61,16.07,811.72,90.56,0.008,389.67,2,1,0
74.58,3.19,33.6,15.97,812.42,89.9,0.009,391.22,2,2,0
74.58,3.21,33.58,15.95,808.54,90.78,0.008,389.94,2,3,0
74.51,3.18,33.6,15.88,809.61,89.9,0.004,390.99,2,4,0
74.27,3.17,33.62,15.83,808.94,90.87,0.003,392.36,2,5,0
74.57,3.17,33.6,15.87,810.48,91.38,0.006,391.26,2,6,0
74.74,3.15,33.61,15.83,812.4,91.24,0.009,392.82,2,7,0
74.56,3.13,33.62,15.87,813.9,91.69,0.011,392.35,2,8,0
74.87,3.16,33.63,15.87,810.0,90.86,0.007,393.16,2,9,0
74.92,3.17,33.63,15.89,807.15,90.38,0.004,391.61,2,10,0
74.7,3.14,33.64,15.93,805.66,90.41,0.003,389.89,2,11,0
74.92,3.12,33.63,15.93,802.35,90.71,0.002,389.76,2,12,0
74.9,3.15,33.64,16.0,800.84,91.13,-0.002,388.32,2,13,0
74.56,3.15,33.62,15.94,798.59,90.7,0.003,386.95,2,14,0
74.6,3.13,33.6,15.9,801.11,90.47,0.001,386.64,2,15,0
74.53,3.16,33.59,15.95,797.62,89.93,0.001,388.26,2,16,0
74.86,3.14,33.6,15.98,795.51,89.33,0.001,389.27,2,17,0
74.67,3.16,33.61,16.03,792.95,88.35,0.005,389.3,2,18,0
74.53,3.14,33.6,16.1,793.86,87.85,0.009,391.04,2,19,0
74.21,3.14,33.59,16.02,793.27,87.76,0.007,390.14,2,20,0
74.02,3.11,33.57,16.01,789.63,87.24,0.007,388.81,2,21,0
74.18,3.11,33.57,16.03,786.02,88.1,0.003,387.49,2,22,0
73.93,3.1,33.56,16.01,783.14,88.35,0.007,386.4,2,23,0
73.9,3.09,33.57,16.09,781.6,88.2,0.003,386.96,2,24,0
73.75,3.11,33.58,16.03,782.89,88.63,0.007,386.52,2,25,0
73.7,3.08,33.57,16.08,783.71,89.11,0.012,388.45,2,26,0
73.46,3.08,33.58,16.03,780.81,88.57,0.008,387.55,2,27,0
73.6,3.08,33.58,16.04,779.07,89.32,0.009,387.37,2,28,0
73.4,3.07,33.59,16.03,782.26,89.86,0.005,385.95,2,29,0
73.71,3.09,33.6,16.04,780.66,90.77,0.003,387.6,2,30,0
73.88,3.09,33.61,16.02,784.48,91.04,0.007,387.72,2,31,0
74.22,3.06,33.61,15.96,780.65,90.58,0.006,386.68,2,32,0
74.54,3.07,33.61,16.01,782.12,90.26,0.004,385.96,2,33,0
74.22,3.08,33.61,16.08,785.01,89.75,0.009,384.66,2,34,0
74.48,3.07,33.61,16.13,782.34,90.25,0.008,384.63,2,35,0
74.5,3.05,33.62,16.11,784.25,91.17,0.007,383.25,2,36,0
74.19,3.03,33.61,16.1,780.44,92.13,0.01,381.49,2,37,0
73.79,3.05,33.62,16.19,782.65,91.3,0.01,382.99,2,38,0
73.72,3.07,33.61,16.28,786.21,91.7,0.007,381.04,2,39,0
73.82,3.07,33.6,16.35,790.08,92.56,0.008,381.22,2,40,0
73.86,3.09,33.59,16.29,788.71,91.96,0.01,381.46,2,41,0
73.55,3.1,33.6,16.35,792.59,92.09,0.01,380.34,2,42,0
73.63,3.08,33.61,16.25,796.08,92.46,0.01,379.3,2,43,0
73.27,3.07,33.62,16.16,798.11,92.44,0.01,377.6,2,44,0
73.4,3.09,33.61,16.22,794.14,92.2,0.01,379.46,2,45,0
73.37,3.08,33.62,16.22,794.96,91.83,0.013,378.98,2,46,0
72.97,3.09,33.6,16.25,795.6,92.1,0.017,380.97,2,47,0
73.21,3.09,33.6,16.32,795.88,92.95,0.02,382.39,2,48,0
73.51,3.08,33.61,16.27,795.35,92.25,0.024,381.19,2,49,0
73.75,3.07,33.6,16.22,793.22,93.18,0.022,379.6,2,50,0
73.6,3.07,33.62,16.14,791.17,93.55,0.02,380.56,2,51,0
73.44,3.06,33.61,16.19,789.43,94.4,0.016,379.34,2,52,0
73.49,3.03,33.61,16.19,787.7,93.61,0.013,379.21,2,53,0
73.32,3.02,33.63,16.25,788.86,94.01,0.012,379.39,2,54,0
72.94,2.99,33.63,16.29,785.61,93.08,0.009,381.04,2,55,0
73.0,2.97,33.63,16.19,788.23,93.81,0.007,381.61,2,56,0
73.04,2.99,33.61,16.11,789.95,92.91,0.01,379.94,2,57,0
72.92,3.0,33.6,16.08,787.13,93.89,0.009,379.44,2,58,0
72.62,3.0,33.6,16.16,783.55,94.26,0.009,378.0,2,59,0
72.49,3.02,33.62,16.09,784.82,93.47,0.01,379.83,2,60,0
72.67,3.03,33.63,16.03,783.65,92.62,0.006,378.56,2,61,0
72.59,3.03,33.64,15.96,785.54,92.68,0.005,378.71,2,62,0
72.31,3.05,33.66,16.02,784.07,92.57,0.003,379.35,2,63,0
72.59,3.05,33.65,15.98,781.62,92.92,0.007,381.03,2,64,0
72.78,3.08,33.66,16.0,784.86,92.13,0.005,382.82,2,65,0
73.14,3.1,33.66,16.03,783.2,91.3,0.005,381.82,2,66,0
73.43,3.11,33.65,15.96,785.13,92.08,0.005,381.78,2,67,0
73.32,3.13,33.66,15.98,784.44,91.88,0.005,379.96,2,68,0
73.29,3.12,33.67,15.99,788.36,92.36,0.004,379.66,2,69,0
72.96,3.11,33.68,16.01,785.6,92.98,0.007,381.11,2,70,0
72.98,3.11,33.7,15.95,785.29,92.91,0.01,382.16,2,71,0
72.73,3.09,33.71,15.9,784.0,91.91,0.011,381.89,2,72,0
73.04,3.11,33.73,15.85,785.25,91.33,0.01,383.24,2,73,0
72.92,3.13,33.72,15.78,782.98,91.64,0.006,385.07,2,74,0
72.99,3.11,33.73,15.79,782.22,92.5,0.005,386.78,2,75,0
72.81,3.11,33.72,15.71,780.96,93.02,0.007,384.92,2,76,0
72.55,3.1,33.71,15.76,778.39,92.55,0.01,385.57,2,77,0
72.77,3.13,33.7,15.7,778.62,92.17,0.006,384.43,2,78,0
72.94,3.12,33.71,15.79,777.28,92.8,0.01,385.91,2,79,0
73.01,3.12,33.7,15.73,781.23,92.44,0.012,385.21,2,80,0
73.34,3.13,33.72,15.78,779.39,92.43,0.009,386.52,2,81,0
73.12,3.13,33.72,15.75,777.05,91.93,0.01,385.58,2,82,0
72.95,3.13,33.71,15.72,780.57,91.73,0.014,386.73,2,83,0
72.81,3.1,33.71,15.76,778.53,92.31,0.018,386.06,2,84,0
72.49,3.08,33.71,15.76,781.03,91.63,0.021,387.59,2,85,0
72.62,3.06,33.72,15.84,777.99,92.0,0.016,389.1,2,86,0
72.47,3.05,33.73,15.76,777.59,91.97,0.014,387.8,2,87,0
72.4,3.05,33.74,15.71,780.23,92.02,0.017,389.33,2,88,0
72.66,3.05,33.72,15.68,779.9,91.06,0.015,389.18,2,89,0
73.05,3.04,33.72,15.65,778.63,90.22,0.014,388.74,2,90,0
73.39,3.03,33.73,15.58,781.68,90.39,0.013,388.61,2,91,0
73.78,3.0,33.74,15.66,783.87,89.68,0.009,388.94,2,92,0
73.83,3.02,33.76,15.67,785.25,90.33,0.009,387.0,2,93,0
73.59,3.03,33.78,15.59,786.8,90.05,0.008,386.97,2,94,0
73.99,3.06,33.78,15.64,790.45,90.68,0.011,385.38,2,95,0
74.18,3.07,33.8,15.66,789.13,90.92,0.007,387.37,2,96,0
74.25,3.04,33.79,15.72,791.14,89.99,0.006,385.59,2,97,0
74.23,3.02,33.81,15.68,790.46,89.44,0.006,384.23,2,98,0
74.18,3.02,33.81,15.61,791.53,88.5,0.003,383.29,2,99,0
74.14,3.03,33.82,15.71,791.33,89.4,-0.001,383.06,2,100,0
74.32,3.05,33.84,15.64,793.51,89.99,-0.0,382.82,2,101,0
74.67,3.06,33.82,15.74,790.63,89.97,-0.005,380.87,2,102,0
74.68,3.06,33.82,15.82,794.57,89.91,-0.003,380.71,2,103,0
74.49,3.09,33.83,15.77,797.66,89.14,-0.001,380.1,2,104,0
74.74,3.11,33.84,15.75,795.96,89.6,-0.005,381.37,2,105,0
74.9,3.13,33.82,15.68,795.38,89.74,-0.0,380.78,2,106,0
74.57,3.12,33.84,15.69,793.77,89.23,-0.002,380.93,2,107,0
74.51,3.13,33.85,15.79,792.18,89.75,-0.006,382.48,2,108,0
74.14,3.14,33.86,15.85,794.81,90.49,-0.004,383.88,2,109,0
73.81,3.16,33.86,15.82,792.01,90.56,-0.008,382.13,2,110,0
74.2,3.16,33.84,15.81,792.9,91.0,-0.004,381.53,2,111,0
74.08,3.16,33.83,15.84,796.64,91.09,-0.007,381.03,2,112,0
73.71,3.18,33.81,15.76,795.12,91.07,-0.008,380.56,2,113,0
73.49,3.18,33.8,15.8,792.89,91.08,-0.008,379.2,2,114,0
73.47,3.2,33.78,15.81,795.85,91.56,-0.004,380.55,2,115,0
73.78,3.2,33.76,15.81,793.11,91.66,-0.005,380.1,2,116,0
73.94,3.2,33.75,15.82,792.7,91.47,-0.0,379.26,2,117,0
73.88,3.22,33.76,15.81,789.64,90.87,0.003,379.45,2,118,0
73.88,3.22,33.76,15.74,786.27,90.23,-0.001,379.55,2,119,0
73.77,3.22,33.75,15.65,784.21,90.8,-0.004,380.11,2,120,0
73.9,3.23,33.76,15.6,782.42,89.86,-0.007,380.4,2,121,0
73.77,3.24,33.77,15.64,780.27,90.02,-0.011,381.15,2,122,0
73.98,3.25,33.79,15.63,782.03,90.95,-0.01,380.71,2,123,0
74.27,3.28,33.79,15.61,780.63,91.38,-0.012,382.29,2,124,0
74.57,3.28,33.79,15.67,776.81,90.86,-0.014,382.81,2,125,0
74.68,3.31,33.78,15.65,779.56,91.06,-0.01,382.18,2,126,0
74.93,3.28,33.77,15.57,777.5,91.0,-0.011,380.7,2,127,0
74.64,3.31,33.78,15.57,775.17,90.96,-0.014,379.87,2,128,0
74.63,3.34,33.79,15.51,775.12,90.1,-0.018,380.09,2,129,0
74.23,3.35,33.78,15.48,772.97,90.48,-0.013,378.67,2,130,0
74.57,3.35,33.78,15.44,776.82,89.61,-0.009,380.61,2,131,0
74.37,3.34,33.78,15.54,772.93,88.89,-0.011,378.71,2,132,0
74.07,3.33,33.78,15.51,768.96,88.73,-0.014,378.46,2,133,0
73.95,3.31,33.77,15.58,766.39,87.86,-0.012,377.94,2,134,0
73.67,3.29,33.78,15.49,768.71,88.57,-0.01,377.88,2,135,0
73.63,3.3,33.77,15.5,767.26,89.49,-0.008,377.55,2,136,0
73.65,3.31,33.79,15.53,766.03,88.79,-0.005,379.4,2,137,0
73.88,3.32,33.79,15.5,764.05,88.69,-0.007,378.77,2,138,0
74.04,3.34,33.81,15.51,762.75,89.31,-0.006,377.22,2,139,0
74.28,3.37,33.82,15.49,762.65,88.83,-0.001,375.44,2,140,0
73.96,3.37,33.83,15.53,764.62,88.93,0.001,376.87,2,141,0
73.92,3.38,33.83,15.55,766.41,89.53,-0.001,376.75,2,142,0
74.1,3.37,33.83,15.61,764.08,88.98,-0.005,375.45,2,143,0
74.44,3.4,33.84,15.62,768.04,89.22,-0.001,377.01,2,144,0
74.22,3.41,33.85,15.7,768.43,88.88,0.002,378.11,2,145,0
74.26,3.41,33.87,15.78,769.57,89.52,0.004,377.96,2,146,0
74.08,3.44,33.86,15.83,767.33,89.5,-0.0,376.29,2,147,0
74.31,3.42,33.88,15.84,766.76,88.87,0.004,376.44,2,148,0
74.31,3.4,33.89,15.88,770.65,88.67,0.004,374.49,2,149,0
74.02,3.4,33.88,15.98,769.87,89.2,0.003,372.93,2,150,0
74.42,3.4,33.88,15.93,766.93,88.9,0.002,373.3,2,151,0
74.31,3.39,33.87,15.85,766.66,89.15,-0.002,371.53,2,152,0
74.7,3.37,33.88,15.77,769.69,89.64,-0.001,372.8,2,153,0
74.37,3.37,33.88,15.84,769.83,90.45,-0.003,372.55,2,154,0
74.67,3.36,33.88,15.84,773.62,90.2,-0.003,373.47,2,155,0
74.84,3.34,33.86,15.93,772.13,89.43,0.002,372.4,2,156,0
74.5,3.31,33.88,15.87,768.43,89.85,-0.003,372.88,2,157,0
74.7,3.29,33.87,15.89,769.14,90.28,-0.006,371.14,2,158,0
75.01,3.31,33.89,15.9,772.04,91.12,-0.007,371.79,2,159,0
75.09,3.29,33.89,15.93,769.2,90.41,-0.006,373.64,2,160,0
75.43,3.3,33.87,15.91,772.82,91.19,-0.01,375.11,2,161,0
75.1,3.27,33.88,15.98,768.95,90.51,-0.006,375.03,2,162,0
75.48,3.26,33.88,15.98,770.05,91.06,-0.006,374.15,2,163,0
75.74,3.23,33.87,15.94,769.24,90.22,-0.005,375.22,2,164,0
76.09,3.21,33.86,15.93,768.17,89.5,-0.007,374.14,2,165,0
76.28,3.22,33.87,15.94,769.37,89.94,-0.003,372.63,2,166,0
76.68,3.24,33.87,15.98,769.58,90.09,-0.007,370.77,2,167,0
76.97,3.25,33.87,15.9,769.63,90.51,-0.007,370.94,2,168,0
77.18,3.27,33.87,15.9,771.92,91.1,-0.007,369.03,2,169,0
77.22,3.27,33.88,15.9,771.02,91.99,-0.01,368.94,2,170,0
76.84,3.24,33.86,15.9,771.02,92.76,-0.006,369.73,2,171,0
77.07,3.22,33.85,15.99,773.98,93.7,-0.006,370.91,2,172,0
76.96,3.22,33.85,16.0,772.21,94.0,-0.001,371.31,2,173,0
77.31,3.2,33.86,15.97,768.3,93.49,0.003,370.99,2,174,0
77.54,3.19,33.86,15.93,766.81,92.55,-0.001,369.96,2,175,0
77.19,3.18,33.84,16.01,763.55,92.7,-0.006,369.99,2,176,0
77.1,3.2,33.82,16.06,760.36,92.06,-0.002,369.14,2,177,0
77.3,3.18,33.81,16.03,761.03,91.52,-0.003,370.49,2,178,0
77.58,3.19,33.82,16.01,757.3,91.43,-0.0,369.91,2,179,0
77.93,3.25,33.8,15.96,752.57,91.75,0.002,369.94,2,180,1
78.32,3.32,33.77,15.92,750.12,91.88,0.009,371.21,2,181,1
78.64,3.35,33.76,15.87,744.16,92.47,0.015,373.17,2,182,1
79.24,3.4,33.73,15.8,739.54,92.48,0.022,373.84,2,183,1
79.47,3.46,33.73,15.74,733.66,93.15,0.024,375.18,2,184,1
79.91,3.52,33.71,15.71,729.32,93.53,0.032,376.79,2,185,1
80.24,3.57,33.69,15.63,724.11,94.49,0.037,378.31,2,186,1
80.61,3.65,33.69,15.57,719.43,95.42,0.04,380.19,2,187,1
80.82,3.72,33.66,15.52,715.1,96.01,0.047,380.55,2,188,1
81.09,3.76,33.63,15.48,709.39,96.25,0.05,381.88,2,189,1
81.45,3.8,33.62,15.43,703.78,96.77,0.053,383.41,2,190,1
81.65,3.87,33.59,15.35,697.89,97.51,0.058,384.33,2,191,1
82.42,3.91,33.58,15.32,695.77,98.03,0.06,385.23,2,192,1
83.07,3.96,33.56,15.29,690.02,98.49,0.065,387.22,2,193,1
83.53,4.04,33.53,15.23,687.28,99.39,0.068,389.06,2,194,1
84.05,4.1,33.53,15.18,682.38,100.33,0.072,390.08,2,195,1
84.69,4.17,33.53,15.1,680.06,100.45,0.078,390.37,2,196,1
85.4,4.24,33.51,15.05,675.63,100.85,0.085,392.12,2,197,1
85.95,4.29,33.49,15.03,670.44,101.19,0.088,393.22,2,198,1
86.47,4.33,33.46,14.97,665.28,101.88,0.094,393.53,2,199,1
86.87,4.37,33.43,14.94,662.77,102.22,0.097,394.57,2,200,1
87.09,4.45,33.42,14.91,660.49,103.11,0.101,395.39,2,201,1
87.67,4.51,33.41,14.85,654.83,103.54,0.106,395.43,2,202,1
88.34,4.58,33.38,14.8,649.19,104.06,0.108,396.29,2,203,1
89.11,4.64,33.38,14.75,645.37,105.05,0.11,397.27,2,204,1
89.86,4.68,33.37,14.68,640.21,105.16,0.116,397.35,2,205,1
90.31,4.73,33.35,14.61,638.06,105.75,0.124,397.72,2,206,1
90.69,4.77,33.34,14.58,633.66,106.5,0.13,398.67,2,207,1
91.23,4.85,33.31,14.55,627.76,106.66,0.138,398.69,2,208,1
91.96,4.9,33.3,14.49,625.68,107.06,0.143,400.22,2,209,1
92.58,4.98,33.3,14.43,623.11,107.54,0.146,402.01,2,210,1
93.16,5.02,33.27,14.4,617.99,107.83,0.149,402.42,2,211,1
93.51,5.06,33.27,14.33,613.67,107.98,0.153,403.88,2,212,1
94.01,5.13,33.26,14.28,611.56,108.2,0.158,405.74,2,213,1
94.32,5.21,33.23,14.23,607.78,108.64,0.162,405.86,2,214,1
94.66,5.29,33.2,14.18,604.71,108.86,0.167,407.8,2,215,1
95.11,5.36,33.19,14.12,599.75,109.38,0.171,408.76,2,216,1
95.59,5.43,33.18,14.05,596.56,109.51,0.174,409.77,2,217,1
96.02,5.48,33.15,13.98,592.53,110.38,0.178,411.35,2,218,1
96.6,5.55,33.13,13.95,588.92,110.65,0.184,411.64,2,219,1
97.47,5.63,33.1,13.84,583.46,111.68,0.19,414.5,2,220,2
97.93,5.72,33.06,13.74,580.16,113.66,0.197,415.52,2,221,2
98.84,5.82,33.01,13.63,573.49,114.36,0.204,417.29,2,222,2
99.77,5.96,32.95,13.54,568.91,115.48,0.213,418.66,2,223,2
100.32,6.04,32.9,13.46,562.36,116.01,0.222,421.22,2,224,2
101.05,6.16,32.85,13.36,558.16,116.86,0.234,423.74,2,225,2
101.83,6.3,32.83,13.25,553.03,117.83,0.247,426.34,2,226,2
102.61,6.41,32.77,13.15,545.78,119.79,0.257,428.15,2,227,2
103.77,6.5,32.73,13.03,538.23,120.95,0.262,429.32,2,228,2
104.38,6.64,32.69,12.89,532.93,121.7,0.272,432.93,2,229,2
104.98,6.72,32.65,12.8,528.31,122.44,0.28,434.19,2,230,2
105.52,6.81,32.61,12.68,522.78,124.34,0.285,436.68,2,231,2
106.05,6.9,32.56,12.61,516.42,125.85,0.293,438.63,2,232,2
106.92,7.05,32.53,12.51,509.29,126.82,0.304,441.71,2,233,2
107.92,7.19,32.48,12.44,504.34,127.98,0.317,444.03,2,234,2
108.43,7.32,32.43,12.39,498.1,129.09,0.325,447.19,2,235,2
109.46,7.46,32.4,12.27,490.72,130.94,0.337,449.64,2,236,2
110.22,7.58,32.36,12.16,482.8,131.86,0.344,451.56,2,237,2
111.23,7.67,32.3,12.09,478.58,132.53,0.359,452.71,2,238,2
111.88,7.77,32.24,11.98,472.36,134.37,0.372,455.08,2,239,2
112.42,7.9,32.18,11.93,468.97,135.68,0.382,458.13,2,240,2
113.39,8.04,32.16,11.87,463.66,136.95,0.396,460.81,2,241,2
114.33,8.17,32.12,11.77,459.14,138.32,0.404,464.75,2,242,2
114.96,8.27,32.09,11.63,455.34,139.74,0.411,466.14,2,243,2
115.92,8.4,32.06,11.57,450.51,140.85,0.424,468.39,2,244,2
116.71,8.53,32.03,11.46,443.83,141.53,0.433,471.71,2,245,2
117.48,8.62,31.97,11.32,436.52,142.15,0.441,473.06,2,246,2
118.61,8.71,31.93,11.2,428.66,143.8,0.452,476.02,2,247,2
119.31,8.85,31.89,11.06,423.04,144.6,0.461,478.21,2,248,2
120.18,8.95,31.86,10.95,418.77,145.97,0.47,480.2,2,249,2
121.21,9.07,31.82,10.84,415.43,147.45,0.477,481.26,2,250,2
121.78,9.16,31.77,10.72,409.83,148.46,0.487,482.9,2,251,2
122.8,9.25,31.74,10.66,403.88,149.94,0.499,484.37,2,252,2
123.23,9.36,31.7,10.56,398.17,150.7,0.507,487.01,2,253,2
123.91,9.47,31.64,10.42,393.43,151.29,0.522,489.22,2,254,2
125.04,9.56,31.59,10.28,387.78,151.91,0.535,490.63,2,255,2
125.61,9.67,31.55,10.14,382.58,153.81,0.55,493.7,2,256,2
126.08,9.79,31.5,10.04,378.4,155.48,0.562,496.92,2,257,2
127.09,9.89,31.47,9.89,371.03,156.53,0.573,500.74,2,258,2
127.67,10.0,31.45,9.8,365.37,157.14,0.587,503.12,2,259,2
128.39,10.12,31.41,9.72,360.75,158.73,0.6,506.88,2,260,2
128.82,10.25,31.37,9.6,354.35,159.8,0.612,508.96,2,261,2
129.85,10.35,31.34,9.55,350.32,160.92,0.619,512.95,2,262,2
130.81,10.5,31.29,9.47,346.12,162.02,0.627,514.67,2,263,2
131.98,10.61,31.25,9.4,338.16,163.42,0.634,517.93,2,264,2
132.52,10.72,31.2,9.29,333.58,164.73,0.646,521.36,2,265,2
133.37,10.85,31.17,9.16,326.24,166.65,0.658,523.32,2,266,2
134.23,10.97,31.14,9.09,319.22,168.57,0.666,524.67,2,267,2
135.07,11.09,31.1,9.02,312.11,170.5,0.674,527.99,2,268,2
136.26,11.2,31.05,8.92,304.16,171.78,0.679,529.51,2,269,2
136.68,11.31,31.0,8.8,298.85,172.96,0.689,530.58,2,270,2
137.67,11.46,30.95,8.66,293.25,174.51,0.701,533.69,2,271,2
138.69,11.54,30.9,8.57,289.65,175.09,0.714,534.84,2,272,2
139.43,11.64,30.86,8.51,282.65,176.46,0.728,536.42,2,273,2
140.23,11.74,30.82,8.39,274.71,177.67,0.738,539.2,2,274,2
141.18,11.84,30.77,8.31,267.73,178.18,0.744,542.42,2,275,2
141.91,11.95,30.73,8.21,259.97,179.23,0.75,545.02,2,276,2
142.32,12.05,30.7,8.06,253.89,179.77,0.763,547.68,2,277,2
143.44,12.18,30.64,7.99,246.96,181.26,0.776,548.74,2,278,2
144.62,12.29,30.61,7.88,241.89,183.06,0.789,551.2,2,279,2
145.65,12.39,30.57,7.81,234.95,184.09,0.798,552.31,2,280,2
146.45,12.49,30.52,7.71,231.11,185.38,0.811,555.73,2,281,2
147.1,12.59,30.49,7.59,226.6,186.29,0.822,557.37,2,282,2
147.75,12.67,30.47,7.49,220.64,187.03,0.836,558.9,2,283,2
148.69,12.76,30.44,7.41,212.77,187.72,0.85,562.0,2,284,2
149.66,12.89,30.4,7.3,205.73,189.58,0.858,565.14,2,285,2
150.82,13.04,30.37,7.17,198.36,190.97,0.869,569.04,2,286,2
151.85,13.18,30.35,7.05,194.84,191.59,0.878,572.91,2,287,2
152.94,13.33,30.3,6.94,189.06,193.18,0.888,576.17,2,288,2
154.12,13.45,30.27,6.84,185.99,194.78,0.895,579.53,2,289,2
155.26,13.6,30.22,6.77,179.42,196.33,0.902,581.74,2,290,2
156.04,13.71,30.17,6.66,174.43,197.68,0.916,583.25,2,291,2
156.59,13.82,30.13,6.57,167.42,199.4,0.927,584.92,2,292,2
157.44,13.9,30.08,6.44,163.11,200.97,0.933,587.93,2,293,2
157.87,14.03,30.05,6.32,155.11,202.23,0.943,589.99,2,294,2
158.71,14.12,30.03,6.2,149.77,203.39,0.95,592.84,2,295,2
159.58,14.27,30.0,6.07,143.92,204.21,0.959,596.49,2,296,2
160.42,14.39,29.96,5.97,138.76,204.88,0.971,599.14,2,297,2
161.49,14.48,29.91,5.85,133.79,206.87,0.979,600.92,2,298,2
162.21,14.61,29.87,5.75,126.07,207.79,0.987,602.89,2,299,2
73.72,3.18,33.62,15.93,808.46,91.48,0.015,388.87,3,0,0
73.82,3.2,33.61,15.95,806.87,90.65,0.012,387.42,3,1,0
73.48,3.18,33.61,15.92,806.89,90.03,0.008,386.14,3,2,0
73.19,3.19,33.6,15.88,803.56,90.2,0.01,385.17,3,3,0
73.58,3.17,33.59,15.94,805.89,91.02,0.012,385.96,3,4,0
73.71,3.14,33.58,15.93,804.09,90.15,0.007,387.17,3,5,0
73.66,3.12,33.59,15.96,803.48,90.3,0.003,387.04,3,6,0
73.61,3.13,33.59,15.91,805.46,89.49,0.004,387.19,3,7,0
73.68,3.16,33.61,15.93,804.66,88.82,0.004,387.32,3,8,0
73.66,3.18,33.62,15.95,801.72,89.18,0.006,388.73,3,9,0
73.64,3.17,33.61,15.94,799.98,88.83,0.004,389.7,3,10,0
73.25,3.2,33.6,15.96,802.68,89.75,-0.0,391.34,3,11,0
72.97,3.22,33.6,16.0,801.63,89.89,0.003,391.9,3,12,0
73.31,3.19,33.6,16.09,801.11,89.7,0.002,391.86,3,13,0
73.1,3.21,33.61,15.99,803.73,90.22,0.003,390.35,3,14,0
72.8,3.22,33.61,15.99,800.31,90.5,0.001,390.44,3,15,0
72.63,3.23,33.6,16.07,796.72,89.59,0.0,391.18,3,16,0
72.85,3.26,33.62,16.16,795.75,90.07,-0.001,390.34,3,17,0
72.81,3.23,33.63,16.1,796.51,90.07,0.0,389.39,3,18,0
72.71,3.22,33.64,16.17,798.9,89.82,0.003,389.7,3,19,0
72.45,3.22,33.65,16.24,801.64,89.09,0.008,391.49,3,20,0
72.65,3.24,33.63,16.21,801.12,88.94,0.007,393.05,3,21,0
72.42,3.25,33.63,16.27,800.82,88.12,0.007,392.31,3,22,0
72.8,3.23,33.62,16.31,797.85,88.84,0.011,390.83,3,23,0
72.99,3.22,33.61,16.34,797.8,88.49,0.012,389.3,3,24,0
72.95,3.23,33.62,16.42,796.19,88.57,0.009,388.4,3,25,0
73.07,3.25,33.62,16.49,793.31,88.75,0.013,390.18,3,26,0
72.81,3.23,33.61,16.43,789.67,87.87,0.016,390.15,3,27,0
73.01,3.23,33.6,16.53,790.47,88.14,0.016,389.51,3,28,0
73.01,3.21,33.6,16.51,790.04,89.03,0.019,390.33,3,29,0
72.67,3.2,33.59,16.55,789.81,88.03,0.024,388.88,3,30,0
72.71,3.2,33.6,16.48,788.92,87.64,0.026,388.59,3,31,0
72.47,3.21,33.62,16.55,787.06,87.79,0.024,389.78,3,32,0
72.61,3.19,33.6,16.46,786.8,88.14,0.019,391.39,3,33,0
72.36,3.18,33.61,16.48,790.43,88.05,0.017,389.94,3,34,0
72.21,3.2,33.59,16.56,790.44,87.34,0.015,391.47,3,35,0
72.33,3.2,33.59,16.64,793.46,87.81,0.012,391.66,3,36,0
72.54,3.21,33.61,16.58,793.45,88.25,0.014,390.51,3,37,0
72.57,3.2,33.61,16.58,793.54,88.15,0.013,389.75,3,38,0
72.36,3.22,33.62,16.64,796.02,87.52,0.013,391.62,3,39,0
72.33,3.19,33.62,16.59,793.29,87.53,0.017,391.95,3,40,0
72.22,3.19,33.63,16.6,790.52,88.07,0.014,393.18,3,41,0
71.95,3.2,33.65,16.65,792.42,87.88,0.018,391.6,3,42,0
71.69,3.18,33.65,16.72,790.75,88.52,0.021,390.22,3,43,0
71.73,3.2,33.65,16.79,792.09,88.66,0.017,391.18,3,44,0
71.45,3.18,33.63,16.75,788.52,89.47,0.016,391.16,3,45,0
71.8,3.21,33.62,16.69,787.9,90.22,0.012,392.29,3,46,0
72.07,3.19,33.62,16.63,790.39,89.45,0.012,393.49,3,47,0
72.29,3.2,33.64,16.53,793.8,89.85,0.016,392.94,3,48,0
72.48,3.22,33.63,16.47,797.13,89.11,0.02,392.98,3,49,0
72.58,3.22,33.64,16.41,797.9,89.07,0.016,391.28,3,50,0
72.28,3.2,33.65,16.34,801.52,89.8,0.013,392.58,3,51,0
72.03,3.18,33.66,16.3,803.2,90.51,0.011,393.26,3,52,0
72.3,3.21,33.67,16.28,804.57,91.45,0.013,394.29,3,53,0
72.08,3.21,33.68,16.25,802.77,92.16,0.014,393.32,3,54,0
71.79,3.21,33.67,16.32,804.89,93.03,0.009,392.82,3,55,0
71.98,3.19,33.68,16.42,802.81,93.23,0.005,392.42,3,56,0
72.06,3.16,33.69,16.5,806.71,93.04,0.008,392.71,3,57,0
72.21,3.16,33.7,16.4,804.61,92.85,0.006,392.23,3,58,0
71.89,3.16,33.68,16.4,804.86,92.07,0.01,393.8,3,59,0
72.22,3.17,33.68,16.45,807.53,92.24,0.012,395.55,3,60,0
72.55,3.18,33.67,16.35,806.52,91.52,0.014,396.0,3,61,0
72.22,3.16,33.69,16.26,804.86,92.41,0.018,395.2,3,62,0
72.12,3.14,33.7,16.24,808.73,92.7,0.013,393.45,3,63,0
72.16,3.16,33.71,16.31,805.28,93.54,0.014,392.59,3,64,0
71.87,3.18,33.7,16.23,804.04,92.86,0.011,392.4,3,65,0
71.96,3.2,33.69,16.23,807.48,93.81,0.009,391.79,3,66,0
71.78,3.17,33.69,16.3,807.3,94.38,0.01,390.34,3,67,0
72.04,3.2,33.7,16.27,808.35,94.36,0.011,390.08,3,68,0
72.21,3.18,33.71,16.27,810.26,94.25,0.012,391.12,3,69,0
72.46,3.16,33.7,16.2,809.03,94.85,0.014,392.77,3,70,0
72.85,3.17,33.71,16.23,805.19,94.02,0.011,391.81,3,71,0
72.48,3.19,33.71,16.25,806.66,94.43,0.009,390.35,3,72,0
72.73,3.17,33.7,16.23,806.98,94.33,0.013,390.65,3,73,0
72.57,3.17,33.71,16.3,806.18,94.51,0.013,389.96,3,74,0
72.78,3.18,33.7,16.2,803.94,94.35,0.015,389.53,3,75,0
72.65,3.2,33.71,16.15,806.97,93.49,0.018,388.39,3,76,0
72.39,3.17,33.71,16.2,810.1,93.28,0.019,387.13,3,77,0
72.51,3.15,33.71,16.11,807.94,92.77,0.023,388.26,3,78,0
72.84,3.17,33.72,16.19,811.88,92.82,0.027,387.41,3,79,0
73.21,3.16,33.72,16.12,809.53,92.14,0.023,387.0,3,80,0
73.36,3.17,33.72,16.2,806.52,91.47,0.02,387.51,3,81,0
73.31,3.16,33.74,16.13,806.26,91.34,0.019,389.41,3,82,0
73.65,3.14,33.74,16.1,808.39,91.79,0.018,389.68,3,83,0
73.99,3.15,33.74,16.1,806.22,92.54,0.017,388.54,3,84,0
74.08,3.12,33.74,16.07,808.39,91.84,0.017,387.64,3,85,0
73.8,3.14,33.73,16.08,807.45,92.57,0.017,385.74,3,86,0
74.09,3.11,33.72,16.11,809.76,93.08,0.021,385.12,3,87,0
74.31,3.13,33.7,16.21,808.76,93.02,0.025,383.43,3,88,0
74.3,3.15,33.7,16.3,805.07,93.81,0.021,383.23,3,89,0
74.6,3.14,33.72,16.27,807.66,94.07,0.021,381.55,3,90,0
74.74,3.12,33.71,16.21,807.07,93.55,0.026,383.54,3,91,0
75.0,3.12,33.73,16.27,809.34,94.27,0.025,385.49,3,92,0
74.77,3.11,33.71,16.36,813.11,94.67,0.027,386.59,3,93,0
74.56,3.12,33.71,16.33,816.12,94.23,0.026,388.13,3,94,0
74.41,3.09,33.72,16.24,814.02,94.31,0.022,387.14,3,95,0
74.03,3.09,33.7,16.25,813.57,93.51,0.019,387.75,3,96,0
74.02,3.1,33.7,16.2,810.56,94.28,0.018,385.92,3,97,0
73.8,3.09,33.69,16.19,807.6,95.05,0.015,386.89,3,98,0
73.7,3.07,33.69,16.16,806.09,95.14,0.012,387.69,3,99,0
73.61,3.07,33.68,16.15,803.27,95.81,0.01,386.09,3,100,0
73.26,3.07,33.68,16.05,800.21,95.18,0.015,384.34,3,101,0
73.43,3.1,33.7,16.1,803.53,95.55,0.014,384.89,3,102,0
73.67,3.08,33.7,16.01,807.31,96.32,0.009,384.4,3,103,0
74.05,3.07,33.7,15.92,810.51,96.69,0.011,383.07,3,104,0
74.18,3.09,33.69,15.87,809.75,97.45,0.01,383.21,3,105,0
73.87,3.09,33.69,15.84,806.08,97.35,0.015,384.07,3,106,0
73.77,3.09,33.7,15.93,806.44,97.07,0.016,384.73,3,107,0
74.09,3.08,33.69,15.97,807.31,96.49,0.017,386.54,3,108,0
73.93,3.05,33.68,15.9,809.32,95.9,0.019,384.91,3,109,0
73.55,3.05,33.66,15.94,806.78,96.34,0.019,383.84,3,110,0
73.66,3.06,33.65,15.91,804.81,96.45,0.018,383.5,3,111,0
73.9,3.06,33.64,15.83,802.51,95.47,0.015,383.71,3,112,0
73.73,3.04,33.65,15.75,798.86,96.03,0.013,383.37,3,113,0
73.84,3.01,33.67,15.83,801.88,95.25,0.015,382.6,3,114,0
73.67,3.01,33.68,15.82,800.88,96.06,0.014,383.87,3,115,0
73.66,3.02,33.68,15.76,797.6,95.35,0.014,385.44,3,116,0
73.46,3.04,33.67,15.86,794.01,94.42,0.009,385.29,3,117,0
73.74,3.07,33.68,15.96,792.7,94.08,0.005,383.88,3,118,0
73.44,3.08,33.69,15.91,789.83,93.82,0.004,384.08,3,119,0
73.38,3.06,33.71,15.85,787.13,92.85,-0.0,383.73,3,120,0
73.45,3.06,33.71,15.86,783.64,92.06,0.002,382.33,3,121,0
73.49,3.04,33.7,15.94,787.35,91.11,0.001,381.77,3,122,0
73.6,3.05,33.7,15.98,786.59,90.2,0.003,382.54,3,123,0
73.4,3.04,33.72,15.88,786.86,89.25,0.003,384.02,3,124,0
73.27,3.07,33.7,15.9,785.06,90.13,0.006,383.94,3,125,0
73.03,3.07,33.7,15.82,788.48,89.58,0.002,384.99,3,126,0
72.86,3.05,33.71,15.89,788.76,89.93,0.002,384.06,3,127,0
73.05,3.08,33.72,15.88,785.87,89.04,0.006,382.59,3,128,0
73.27,3.05,33.72,15.79,782.66,88.61,0.005,382.27,3,129,0
73.2,3.07,33.71,15.8,783.13,89.48,0.008,383.76,3,130,0
73.07,3.04,33.71,15.7,786.67,89.93,0.008,384.93,3,131,0
73.31,3.06,33.7,15.69,788.92,89.0,0.005,383.76,3,132,0
73.5,3.04,33.68,15.6,792.83,88.22,0.004,385.21,3,133,0
73.73,3.06,33.66,15.55,789.71,89.0,-0.0,385.8,3,134,0
73.39,3.05,33.66,15.6,789.63,88.65,0.004,387.75,3,135,0
73.04,3.03,33.66,15.67,787.31,87.84,0.007,389.48,3,136,0
73.41,3.04,33.65,15.75,788.55,88.44,0.011,388.11,3,137,0
73.55,3.06,33.63,15.72,786.37,87.49,0.012,388.34,3,138,0
73.4,3.06,33.64,15.72,789.87,87.76,0.014,386.94,3,139,0
73.78,3.06,33.65,15.68,788.17,87.33,0.018,387.06,3,140,0
73.38,3.07,33.64,15.59,788.83,87.58,0.017,386.93,3,141,0
73.46,3.08,33.65,15.66,791.54,86.79,0.014,388.27,3,142,0
73.1,3.1,33.65,15.74,793.43,86.74,0.015,387.25,3,143,0
73.21,3.11,33.66,15.71,790.54,86.61,0.017,388.72,3,144,0
72.89,3.13,33.66,15.68,793.55,86.96,0.016,387.29,3,145,0
73.18,3.16,33.68,15.78,792.44,86.78,0.019,387.54,3,146,0
72.98,3.18,33.66,15.81,789.72,86.79,0.023,386.74,3,147,0
73.13,3.21,33.66,15.87,786.1,86.46,0.024,386.12,3,148,0
73.37,3.2,33.66,15.84,783.13,86.74,0.022,386.46,3,149,0
73.61,3.17,33.67,15.75,784.26,85.88,0.026,385.19,3,150,0
73.51,3.2,33.68,15.69,780.8,85.05,0.025,384.11,3,151,0
73.51,3.22,33.68,15.79,777.5,84.86,0.027,382.65,3,152,0
73.77,3.24,33.66,15.7,774.04,85.06,0.028,381.23,3,153,0
73.67,3.22,33.67,15.68,773.43,86.05,0.029,380.04,3,154,0
73.52,3.25,33.67,15.58,774.5,86.41,0.031,378.59,3,155,0
73.22,3.26,33.68,15.66,775.1,85.85,0.027,380.02,3,156,0
73.43,3.23,33.68,15.62,778.85,85.92,0.027,380.91,3,157,0
73.13,3.21,33.68,15.65,779.01,85.45,0.023,382.63,3,158,0
73.26,3.21,33.69,15.58,782.44,85.55,0.022,380.68,3,159,0
73.06,3.23,33.69,15.56,782.06,86.33,0.019,382.55,3,160,0
72.66,3.24,33.67,15.57,785.8,85.86,0.016,384.24,3,161,0
73.01,3.26,33.67,15.59,784.23,86.28,0.011,384.54,3,162,0
72.72,3.27,33.68,15.65,786.71,85.85,0.012,386.36,3,163,0
72.93,3.28,33.68,15.72,783.0,84.86,0.017,386.71,3,164,0
72.83,3.26,33.69,15.78,783.11,84.49,0.017,386.72,3,165,0
73.16,3.27,33.69,15.81,784.7,85.2,0.012,388.49,3,166,0
72.82,3.29,33.67,15.9,783.32,84.22,0.01,386.69,3,167,0
73.16,3.29,33.67,15.92,783.44,84.5,0.008,385.94,3,168,0
73.41,3.27,33.67,15.93,784.9,84.81,0.004,387.07,3,169,0
73.18,3.29,33.69,16.01,785.39,84.5,0.006,386.42,3,170,0
72.94,3.29,33.7,15.96,787.57,84.58,0.008,386.94,3,171,0
73.05,3.31,33.69,16.02,784.13,85.58,0.013,387.25,3,172,0
73.34,3.29,33.71,16.08,786.23,84.66,0.015,386.54,3,173,0
72.96,3.28,33.69,15.99,787.43,85.19,0.015,386.53,3,174,0
73.14,3.25,33.67,15.92,787.56,84.55,0.015,386.08,3,175,0
72.77,3.27,33.66,15.97,789.85,85.39,0.017,384.56,3,176,0
72.42,3.29,33.67,16.01,786.29,85.68,0.022,383.1,3,177,0
72.21,3.32,33.69,16.04,785.7,86.2,0.019,384.08,3,178,0
72.57,3.32,33.71,16.1,783.99,85.98,0.017,382.4,3,179,0
72.85,3.37,33.69,16.05,781.55,86.45,0.019,384.05,3,180,1
73.33,3.4,33.69,16.0,777.54,86.95,0.024,386.03,3,181,1
73.79,3.44,33.67,15.94,771.65,87.65,0.027,387.8,3,182,1
74.22,3.49,33.64,15.88,766.0,88.64,0.033,389.48,3,183,1
74.99,3.52,33.63,15.8,763.53,88.68,0.036,390.99,3,184,1
75.42,3.58,33.62,15.73,757.6,89.39,0.041,391.72,3,185,1
76.11,3.63,33.61,15.66,752.6,89.91,0.048,393.63,3,186,1
76.65,3.68,33.59,15.6,750.37,89.92,0.053,393.76,3,187,1
76.98,3.72,33.56,15.55,744.99,90.27,0.056,394.45,3,188,1
77.26,3.78,33.55,15.48,742.09,90.63,0.062,395.36,3,189,1
77.47,3.84,33.54,15.43,739.1,91.18,0.066,395.91,3,190,1
77.86,3.89,33.51,15.36,734.98,91.95,0.069,396.92,3,191,1
78.55,3.92,33.51,15.29,730.93,92.58,0.072,396.94,3,192,1
78.93,3.97,33.5,15.24,726.99,92.63,0.075,397.57,3,193,1
79.17,4.04,33.49,15.16,724.32,93.28,0.083,398.74,3,194,1
79.96,4.08,33.48,15.1,719.65,93.97,0.086,399.5,3,195,1
80.62,4.12,33.45,15.03,716.14,94.89,0.094,400.28,3,196,1
81.25,4.16,33.43,15.0,713.8,95.12,0.099,401.11,3,197,1
81.64,4.24,33.43,14.98,709.49,95.76,0.105,402.26,3,198,1
82.07,4.27,33.4,14.9,705.61,95.77,0.112,404.2,3,199,1
82.31,4.3,33.4,14.86,702.19,95.87,0.118,405.39,3,200,1
82.91,4.35,33.39,14.82,699.82,96.63,0.125,406.99,3,201,1
83.13,4.43,33.37,14.79,694.86,97.06,0.127,408.37,3,202,1
83.76,4.46,33.37,14.73,689.79,97.54,0.131,408.95,3,203,1
84.4,4.52,33.35,14.71,684.14,98.34,0.137,410.0,3,204,1
85.2,4.56,33.33,14.66,679.84,98.53,0.141,410.17,3,205,1
85.63,4.64,33.33,14.61,675.78,99.02,0.145,412.04,3,206,1
86.14,4.68,33.32,14.56,673.71,99.64,0.148,412.04,3,207,1
86.35,4.73,33.3,14.51,669.36,100.42,0.152,414.0,3,208,1
87.07,4.81,33.29,14.47,666.76,101.14,0.159,415.75,3,209,1
87.54,4.88,33.26,14.44,662.56,101.27,0.164,416.9,3,210,1
88.08,4.91,33.23,14.36,658.26,101.73,0.168,418.01,3,211,1
88.53,4.95,33.21,14.31,654.45,101.99,0.175,419.37,3,212,1
89.09,5.0,33.19,14.28,648.46,102.9,0.183,419.55,3,213,1
89.64,5.05,33.18,14.25,643.7,102.99,0.187,419.95,3,214,1
90.14,5.1,33.16,14.19,638.96,103.09,0.192,421.6,3,215,1
90.5,5.17,33.14,14.12,635.56,103.5,0.198,422.74,3,216,1
91.25,5.23,33.13,14.06,632.01,104.49,0.203,423.31,3,217,1
91.69,5.31,33.13,14.02,629.85,104.78,0.211,423.73,3,218,1
91.99,5.37,33.13,14.0,624.89,105.75,0.216,424.96,3,219,1
92.48,5.5,33.1,13.92,617.76,107.23,0.228,426.86,3,220,2
93.53,5.62,33.06,13.79,611.1,108.26,0.236,430.8,3,221,2
94.13,5.75,33.02,13.7,607.24,109.87,0.242,431.94,3,222,2
94.97,5.85,32.98,13.56,603.27,110.49,0.25,434.21,3,223,2
96.06,5.98,32.92,13.43,596.24,111.92,0.264,437.37,3,224,2
96.58,6.11,32.89,13.31,591.49,112.73,0.275,440.3,3,225,2
97.47,6.22,32.83,13.25,584.78,113.78,0.282,444.21,3,226,2
98.02,6.33,32.78,13.11,581.01,114.69,0.292,446.7,3,227,2
98.94,6.42,32.73,13.04,574.16,116.1,0.299,448.48,3,228,2
99.83,6.52,32.68,12.93,571.09,117.45,0.305,450.55,3,229,2
100.83,6.62,32.63,12.86,563.92,118.62,0.318,454.03,3,230,2
101.45,6.75,32.61,12.75,559.3,120.07,0.325,455.36,3,231,2
102.07,6.86,32.58,12.62,551.52,120.84,0.336,457.21,3,232,2
103.08,7.01,32.54,12.51,543.78,122.11,0.343,459.25,3,233,2
103.67,7.15,32.49,12.43,539.22,123.8,0.358,462.73,3,234,2
104.85,7.24,32.47,12.34,534.21,124.63,0.371,464.55,3,235,2
105.33,7.35,32.44,12.22,527.29,125.53,0.386,468.54,3,236,2
105.88,7.46,32.41,12.14,521.95,126.2,0.392,469.99,3,237,2
106.72,7.59,32.35,12.03,517.23,127.3,0.399,471.33,3,238,2
107.85,7.71,32.32,11.88,509.28,128.2,0.405,472.92,3,239,2
108.67,7.85,32.3,11.75,505.05,129.73,0.42,474.17,3,240,2
109.21,7.98,32.27,11.67,500.22,130.26,0.426,477.54,3,241,2
109.69,8.08,32.23,11.58,494.21,130.97,0.431,480.91,3,242,2
110.48,8.18,32.17,11.46,488.19,131.61,0.437,483.02,3,243,2
111.49,8.28,32.15,11.33,483.72,132.68,0.45,485.07,3,244,2
112.24,8.38,32.12,11.21,478.33,133.48,0.464,486.76,3,245,2
113.01,8.48,32.08,11.07,472.15,134.93,0.471,489.81,3,246,2
113.47,8.62,32.05,11.0,464.64,136.92,0.48,491.5,3,247,2
114.04,8.71,32.0,10.91,461.34,138.55,0.491,494.79,3,248,2
114.63,8.81,31.97,10.82,454.74,139.67,0.499,496.15,3,249,2
115.62,8.92,31.93,10.7,448.54,141.2,0.507,499.42,3,250,2
116.41,9.05,31.91,10.64,441.2,141.71,0.514,502.44,3,251,2
117.0,9.2,31.89,10.5,436.25,142.23,0.526,505.39,3,252,2
117.92,9.29,31.84,10.38,431.63,143.65,0.532,508.16,3,253,2
119.1,9.41,31.8,10.27,424.23,144.35,0.545,511.19,3,254,2
119.55,9.51,31.76,10.2,417.35,145.55,0.557,515.09,3,255,2
120.37,9.63,31.71,10.11,410.75,146.69,0.566,518.39,3,256,2
120.84,9.73,31.67,10.06,405.66,147.5,0.574,520.2,3,257,2
121.41,9.82,31.64,9.97,397.77,148.18,0.584,524.18,3,258,2
122.17,9.96,31.61,9.83,390.06,148.76,0.594,527.96,3,259,2
122.97,10.09,31.56,9.75,385.13,150.66,0.606,529.67,3,260,2
123.38,10.22,31.53,9.64,377.25,151.23,0.62,531.06,3,261,2
124.27,10.31,31.48,9.56,371.74,153.21,0.631,533.37,3,262,2
125.43,10.43,31.46,9.49,368.71,153.87,0.642,537.14,3,263,2
126.48,10.52,31.42,9.4,365.28,154.61,0.653,541.14,3,264,2
126.89,10.66,31.36,9.26,359.67,156.46,0.661,544.07,3,265,2
127.29,10.8,31.32,9.16,352.82,157.15,0.674,545.79,3,266,2
128.2,10.94,31.27,9.1,346.22,158.95,0.68,546.88,3,267,2
129.35,11.05,31.22,8.97,340.42,159.7,0.695,550.55,3,268,2
129.79,11.14,31.17,8.87,334.59,160.32,0.701,552.63,3,269,2
130.39,11.29,31.13,8.79,327.11,161.47,0.714,555.63,3,270,2
131.08,11.42,31.09,8.65,322.85,162.23,0.725,558.66,3,271,2
132.22,11.55,31.06,8.58,318.44,163.92,0.733,562.56,3,272,2
133.2,11.7,31.02,8.48,311.94,164.83,0.74,566.53,3,273,2
133.97,11.79,30.98,8.34,304.52,166.13,0.753,567.94,3,274,2
134.47,11.89,30.94,8.24,297.97,167.23,0.766,570.48,3,275,2
135.55,12.0,30.91,8.19,294.22,168.21,0.776,571.86,3,276,2
136.72,12.1,30.86,8.04,286.9,169.93,0.787,573.85,3,277,2
137.55,12.2,30.83,7.96,281.88,170.44,0.794,577.72,3,278,2
138.57,12.33,30.79,7.81,277.94,171.72,0.804,578.8,3,279,2
139.69,12.47,30.76,7.68,271.23,172.29,0.816,580.71,3,280,2
140.7,12.57,30.72,7.59,264.63,173.92,0.827,581.99,3,281,2
141.65,12.71,30.69,7.54,259.0,174.66,0.836,584.09,3,282,2
142.08,12.84,30.65,7.45,252.58,175.43,0.848,585.19,3,283,2
143.12,12.93,30.61,7.35,246.8,177.24,0.857,587.79,3,284,2
143.99,13.04,30.55,7.21,239.58,179.01,0.864,589.55,3,285,2
145.0,13.16,30.52,7.11,235.46,179.71,0.871,592.84,3,286,2
145.78,13.26,30.46,7.04,231.78,181.38,0.886,596.71,3,287,2
146.28,13.35,30.42,6.97,228.12,182.25,0.891,598.04,3,288,2
147.11,13.45,30.37,6.89,221.41,183.34,0.896,599.3,3,289,2
147.82,13.55,30.33,6.83,213.5,184.15,0.906,602.21,3,290,2
148.85,13.67,30.29,6.74,207.94,185.19,0.917,604.12,3,291,2
149.86,13.78,30.25,6.63,203.51,187.17,0.923,608.06,3,292,2
151.05,13.87,30.21,6.48,200.0,188.76,0.934,610.09,3,293,2
152.08,13.98,30.16,6.37,196.22,190.58,0.942,611.47,3,294,2
152.6,14.11,30.14,6.3,188.53,191.5,0.949,614.52,3,295,2
153.56,14.24,30.12,6.23,182.33,193.23,0.957,616.26,3,296,2
154.26,14.34,30.06,6.14,175.18,194.23,0.964,620.2,3,297,2
154.88,14.45,30.01,6.08,169.47,195.0,0.973,621.46,3,298,2
155.59,14.56,29.98,5.95,166.22,196.54,0.982,625.1,3,299,2
73.88,3.22,33.58,15.9,812.41,92.84,0.013,388.54,4,0,0
73.87,3.21,33.58,15.94,811.83,91.98,0.017,388.94,4,1,0
73.75,3.21,33.58,15.9,815.39,92.9,0.017,387.37,4,2,0
73.91,3.21,33.57,15.8,817.65,93.11,0.014,387.69,4,3,0
74.3,3.18,33.56,15.77,819.68,92.95,0.018,388.7,4,4,0
74.67,3.2,33.58,15.85,818.04,93.92,0.015,390.12,4,5,0
74.5,3.17,33.58,15.8,821.74,94.45,0.012,389.88,4,6,0
74.65,3.15,33.57,15.83,825.59,94.77,0.011,390.47,4,7,0
74.67,3.13,33.57,15.87,824.46,94.66,0.01,389.19,4,8,0
74.5,3.14,33.58,15.79,822.47,95.31,0.009,388.86,4,9,0
74.86,3.12,33.6,15.88,821.01,94.92,0.011,388.7,4,10,0
74.52,3.11,33.61,15.9,822.81,95.64,0.011,387.99,4,11,0
74.53,3.11,33.59,15.93,824.33,94.88,0.016,387.2,4,12,0
74.52,3.13,33.57,15.93,825.08,95.32,0.016,388.62,4,13,0
74.15,3.11,33.56,15.96,822.48,94.46,0.015,389.12,4,14,0
74.54,3.12,33.54,15.95,820.29,95.12,0.012,388.19,4,15,0
74.5,3.14,33.53,15.91,821.59,95.74,0.012,389.47,4,16,0
74.12,3.12,33.51,15.99,819.27,96.35,0.01,390.65,4,17,0
73.76,3.1,33.51,16.01,816.45,95.37,0.008,390.13,4,18,0
74.07,3.12,33.5,15.92,819.28,94.6,0.007,389.81,4,19,0
73.83,3.14,33.49,15.95,822.33,94.38,0.004,390.23,4,20,0
73.79,3.17,33.5,15.95,820.17,93.4,0.005,389.15,4,21,0
73.9,3.15,33.52,16.02,820.36,93.2,0.002,389.62,4,22,0
73.75,3.14,33.53,16.02,817.11,93.29,-0.002,388.8,4,23,0
73.49,3.15,33.53,16.1,815.45,94.19,0.002,387.93,4,24,0
73.14,3.14,33.51,16.09,818.85,94.94,0.003,386.87,4,25,0
73.47,3.12,33.5,16.16,816.08,94.83,0.002,387.32,4,26,0
73.28,3.15,33.5,16.18,812.22,94.08,-0.001,387.55,4,27,0
73.26,3.15,33.5,16.26,808.72,93.88,-0.006,387.67,4,28,0
73.07,3.14,33.49,16.18,806.64,93.82,-0.009,387.39,4,29,0
73.02,3.15,33.51,16.26,806.43,94.45,-0.008,388.53,4,30,0
73.2,3.17,33.5,16.21,804.92,94.25,-0.011,387.07,4,31,0
73.54,3.16,33.49,16.2,808.42,95.22,-0.016,386.32,4,32,0
73.44,3.16,33.48,16.2,810.61,94.26,-0.015,386.18,4,33,0
73.07,3.14,33.46,16.16,813.37,93.78,-0.013,384.65,4,34,0
73.01,3.16,33.47,16.12,812.62,93.66,-0.013,384.88,4,35,0
72.97,3.18,33.46,16.05,810.93,93.47,-0.014,383.87,4,36,0
72.72,3.17,33.48,16.1,807.55,94.47,-0.01,382.33,4,37,0
72.51,3.15,33.46,16.1,810.91,95.44,-0.007,382.96,4,38,0
72.66,3.15,33.45,16.02,814.91,95.72,-0.011,381.07,4,39,0
72.49,3.15,33.45,15.98,818.81,95.97,-0.009,380.45,4,40,0
72.24,3.16,33.45,16.05,822.02,96.66,-0.008,380.22,4,41,0
72.62,3.18,33.44,16.14,822.33,97.33,-0.009,381.14,4,42,0
72.69,3.17,33.45,16.12,820.96,96.48,-0.01,380.54,4,43,0
72.45,3.15,33.46,16.17,824.21,96.22,-0.007,381.66,4,44,0
72.8,3.15,33.45,16.14,827.98,95.99,-0.01,379.72,4,45,0
72.65,3.17,33.45,16.15,826.9,95.42,-0.006,378.53,4,46,0
72.45,3.16,33.46,16.09,827.01,95.17,-0.006,376.62,4,47,0
72.84,3.18,33.47,16.04,825.34,96.09,-0.008,376.55,4,48,0
73.2,3.17,33.46,16.01,828.37,95.61,-0.007,378.2,4,49,0
73.42,3.17,33.47,15.95,830.25,95.76,-0.01,379.34,4,50,0
73.6,3.18,33.46,16.0,829.38,96.29,-0.014,378.47,4,51,0
73.4,3.16,33.46,15.95,830.84,95.61,-0.013,378.39,4,52,0
73.73,3.19,33.47,15.85,834.47,95.8,-0.011,376.88,4,53,0
73.39,3.2,33.46,15.88,830.78,94.99,-0.012,375.41,4,54,0
73.29,3.21,33.47,15.91,830.82,95.59,-0.012,375.54,4,55,0
73.06,3.2,33.48,15.87,832.93,96.02,-0.014,376.03,4,56,0
73.22,3.17,33.49,15.87,831.25,96.79,-0.014,376.44,4,57,0
73.3,3.19,33.48,15.91,829.4,97.31,-0.016,375.49,4,58,0
73.07,3.22,33.47,15.9,825.77,96.73,-0.013,375.81,4,59,0
73.16,3.23,33.45,15.88,829.51,96.73,-0.016,374.82,4,60,0
73.5,3.21,33.46,15.82,826.39,96.73,-0.018,374.61,4,61,0
73.46,3.21,33.46,15.73,826.11,96.0,-0.014,373.1,4,62,0
73.36,3.24,33.47,15.72,826.21,96.44,-0.01,372.86,4,63,0
73.18,3.23,33.48,15.79,825.49,97.23,-0.009,371.58,4,64,0
73.36,3.26,33.47,15.8,824.14,96.54,-0.01,370.34,4,65,0
73.24,3.27,33.47,15.84,826.5,96.07,-0.014,371.51,4,66,0
73.46,3.28,33.46,15.8,823.31,95.85,-0.015,372.84,4,67,0
73.23,3.29,33.47,15.77,827.08,94.92,-0.011,372.53,4,68,0
73.1,3.26,33.45,15.7,828.53,95.32,-0.007,374.08,4,69,0
72.85,3.28,33.47,15.67,830.48,96.3,-0.009,373.97,4,70,0
72.76,3.25,33.47,15.68,833.04,96.35,-0.009,375.73,4,71,0
72.59,3.23,33.48,15.76,830.41,96.43,-0.013,375.29,4,72,0
72.77,3.23,33.48,15.76,832.31,95.65,-0.014,373.94,4,73,0
72.96,3.25,33.48,15.7,830.27,95.97,-0.015,374.19,4,74,0
72.93,3.28,33.49,15.75,827.33,95.23,-0.014,374.4,4,75,0
72.83,3.27,33.5,15.73,823.8,95.72,-0.012,372.48,4,76,0
72.5,3.26,33.52,15.64,824.27,95.98,-0.013,371.87,4,77,0
72.29,3.24,33.53,15.68,825.0,95.41,-0.018,369.92,4,78,0
72.58,3.24,33.55,15.69,822.49,94.61,-0.022,368.79,4,79,0
72.97,3.25,33.57,15.74,822.95,94.43,-0.025,366.85,4,80,0
72.64,3.23,33.58,15.78,821.26,95.18,-0.028,367.61,4,81,0
72.9,3.26,33.59,15.87,817.92,95.73,-0.027,368.15,4,82,0
72.79,3.28,33.6,15.89,818.01,94.74,-0.028,367.16,4,83,0
72.59,3.31,33.61,15.94,821.48,94.5,-0.028,368.8,4,84,0
72.88,3.3,33.63,15.95,823.9,95.03,-0.025,368.66,4,85,0
73.21,3.3,33.64,15.87,826.11,95.47,-0.026,366.86,4,86,0
73.32,3.29,33.66,15.92,823.09,94.49,-0.024,366.37,4,87,0
73.38,3.31,33.65,15.95,820.12,93.84,-0.023,367.4,4,88,0
73.0,3.31,33.64,15.95,816.49,94.53,-0.027,369.04,4,89,0
73.22,3.33,33.65,16.01,812.61,94.59,-0.026,369.21,4,90,0
73.39,3.3,33.65,16.04,814.78,94.47,-0.026,370.25,4,91,0
73.17,3.3,33.64,15.96,815.42,95.4,-0.022,371.26,4,92,0
72.81,3.29,33.62,15.98,811.49,94.92,-0.018,369.3,4,93,0
73.12,3.27,33.63,16.06,809.25,95.53,-0.018,368.03,4,94,0
73.19,3.3,33.65,16.09,805.96,96.14,-0.016,368.09,4,95,0
72.94,3.29,33.64,16.05,802.25,96.61,-0.015,368.1,4,96,0
72.87,3.3,33.64,16.05,803.91,97.16,-0.014,369.84,4,97,0
72.53,3.3,33.64,16.11,800.96,97.51,-0.017,368.87,4,98,0
72.6,3.27,33.64,16.19,797.37,97.06,-0.021,370.62,4,99,0
72.38,3.29,33.66,16.14,794.91,96.63,-0.024,372.06,4,100,0
72.51,3.26,33.67,16.08,798.13,96.12,-0.027,373.03,4,101,0
72.33,3.26,33.67,15.99,801.64,95.31,-0.03,373.97,4,102,0
72.48,3.24,33.69,15.91,804.71,95.45,-0.033,374.7,4,103,0
72.11,3.25,33.68,15.84,805.91,95.65,-0.036,373.01,4,104,0
72.18,3.25,33.67,15.89,806.53,95.38,-0.041,372.7,4,105,0
72.02,3.24,33.65,15.89,805.24,94.52,-0.038,371.43,4,106,0
72.23,3.21,33.64,15.98,807.8,94.48,-0.037,370.91,4,107,0
71.94,3.2,33.63,15.98,803.88,93.6,-0.037,372.08,4,108,0
72.2,3.22,33.61,16.01,800.81,92.84,-0.036,370.65,4,109,0
72.09,3.2,33.6,16.05,804.56,92.36,-0.037,371.77,4,110,0
72.3,3.22,33.62,15.96,805.0,92.03,-0.038,370.54,4,111,0
72.59,3.22,33.63,15.89,806.98,92.43,-0.041,370.6,4,112,0
72.59,3.24,33.65,15.8,804.44,92.9,-0.039,372.11,4,113,0
72.59,3.22,33.63,15.71,808.37,92.94,-0.038,373.35,4,114,0
72.44,3.22,33.63,15.71,811.2,93.86,-0.04,373.25,4,115,0
72.3,3.24,33.62,15.68,811.04,94.19,-0.038,373.44,4,116,0
72.53,3.26,33.63,15.62,810.86,94.95,-0.034,374.47,4,117,0
72.19,3.27,33.62,15.63,809.83,95.8,-0.036,376.27,4,118,0
72.39,3.25,33.63,15.57,811.4,96.4,-0.038,377.19,4,119,0
72.33,3.27,33.62,15.61,809.68,96.4,-0.039,376.09,4,120,0
72.68,3.25,33.64,15.66,810.67,95.48,-0.044,374.66,4,121,0
72.38,3.22,33.65,15.7,808.36,95.93,-0.043,375.84,4,122,0
72.42,3.21,33.63,15.66,805.57,95.28,-0.045,377.4,4,123,0
72.29,3.19,33.63,15.58,807.6,95.2,-0.041,378.09,4,124,0
72.5,3.18,33.61,15.51,806.92,94.54,-0.04,377.61,4,125,0
72.14,3.19,33.62,15.44,803.77,94.98,-0.043,375.92,4,126,0
71.94,3.17,33.6,15.4,800.67,94.39,-0.046,374.82,4,127,0
71.75,3.15,33.62,15.5,799.76,94.02,-0.048,376.16,4,128,0
71.46,3.14,33.63,15.51,797.93,93.56,-0.052,374.43,4,129,0
71.33,3.13,33.65,15.51,794.65,93.8,-0.054,374.28,4,130,0
71.37,3.15,33.64,15.59,798.25,93.24,-0.052,374.58,4,131,0
71.19,3.14,33.65,15.65,798.6,92.6,-0.048,376.54,4,132,0
71.17,3.16,33.66,15.61,795.01,91.6,-0.046,377.3,4,133,0
70.82,3.14,33.67,15.61,792.72,91.39,-0.045,376.59,4,134,0
70.61,3.15,33.68,15.67,791.47,92.18,-0.045,376.58,4,135,0
70.67,3.13,33.69,15.73,791.75,91.2,-0.048,377.73,4,136,0
71.0,3.12,33.69,15.79,789.42,91.58,-0.049,376.46,4,137,0
70.95,3.14,33.69,15.77,788.28,91.98,-0.053,377.38,4,138,0
71.29,3.17,33.71,15.68,788.25,92.21,-0.051,379.05,4,139,0
71.56,3.19,33.72,15.72,784.73,91.91,-0.047,379.14,4,140,0
71.32,3.22,33.71,15.74,782.32,91.16,-0.047,379.08,4,141,0
71.31,3.2,33.71,15.81,784.02,90.86,-0.044,378.47,4,142,0
71.55,3.21,33.69,15.77,786.63,91.78,-0.042,379.8,4,143,0
71.41,3.23,33.7,15.8,787.94,92.04,-0.045,379.15,4,144,0
71.07,3.21,33.69,15.8,785.41,92.97,-0.042,378.6,4,145,0
70.78,3.21,33.71,15.79,787.9,92.72,-0.04,378.53,4,146,0
70.72,3.22,33.71,15.86,786.01,92.35,-0.037,377.02,4,147,0
70.45,3.21,33.69,15.93,785.24,92.59,-0.039,378.72,4,148,0
70.51,3.23,33.68,15.94,788.68,91.68,-0.04,377.85,4,149,0
70.19,3.24,33.66,15.91,786.56,92.21,-0.036,379.34,4,150,0
70.29,3.27,33.67,15.97,790.18,92.26,-0.039,379.54,4,151,0
69.9,3.27,33.68,16.06,789.94,91.84,-0.041,378.47,4,152,0
69.89,3.26,33.7,16.04,791.54,92.48,-0.041,379.46,4,153,0
69.99,3.24,33.7,16.03,789.27,93.29,-0.046,381.44,4,154,0
70.27,3.24,33.69,15.94,787.7,92.66,-0.046,380.36,4,155,0
70.35,3.24,33.69,16.01,785.73,92.91,-0.044,382.24,4,156,0
70.69,3.26,33.69,15.91,787.11,92.48,-0.045,384.13,4,157,0
70.56,3.29,33.68,15.86,784.23,92.04,-0.05,384.25,4,158,0
70.26,3.31,33.69,15.95,785.55,92.56,-0.047,385.96,4,159,0
70.09,3.33,33.7,15.99,783.73,92.25,-0.043,386.27,4,160,0
70.32,3.34,33.71,15.95,780.8,92.71,-0.04,385.4,4,161,0
70.5,3.33,33.71,15.98,780.34,92.75,-0.045,387.24,4,162,0
70.79,3.32,33.7,16.0,782.0,92.2,-0.049,385.52,4,163,0
71.19,3.29,33.7,15.97,785.12,92.42,-0.048,384.85,4,164,0
71.51,3.27,33.71,15.93,788.34,93.19,-0.049,386.25,4,165,0
71.87,3.26,33.72,15.93,785.43,94.01,-0.047,387.68,4,166,0
71.5,3.25,33.72,15.92,786.8,93.95,-0.049,385.93,4,167,0
71.6,3.26,33.73,15.9,783.47,94.89,-0.048,387.53,4,168,0
71.42,3.28,33.74,15.98,781.01,93.96,-0.051,386.61,4,169,0
71.43,3.27,33.73,15.88,784.28,93.95,-0.048,386.97,4,170,0
71.2,3.29,33.72,15.8,781.39,93.75,-0.052,388.3,4,171,0
71.33,3.26,33.73,15.72,777.95,93.11,-0.049,387.12,4,172,0
71.34,3.27,33.75,15.7,777.75,93.99,-0.053,387.41,4,173,0
71.05,3.29,33.76,15.62,777.08,93.39,-0.058,387.86,4,174,0
70.83,3.27,33.74,15.57,774.49,92.51,-0.062,387.78,4,175,0
70.55,3.27,33.74,15.57,774.57,93.5,-0.058,388.63,4,176,0
70.66,3.25,33.73,15.64,774.58,92.72,-0.059,387.03,4,177,0
70.64,3.27,33.74,15.62,774.75,91.85,-0.06,388.61,4,178,0
70.29,3.29,33.75,15.7,777.27,91.19,-0.059,386.87,4,179,0
70.67,3.35,33.73,15.64,771.43,91.41,-0.052,387.16,4,180,1
70.94,3.43,33.73,15.57,767.3,92.02,-0.046,388.83,4,181,1
71.25,3.48,33.72,15.5,762.11,92.59,-0.041,390.29,4,182,1
71.52,3.56,33.7,15.43,758.13,93.17,-0.034,391.58,4,183,1
72.19,3.62,33.69,15.4,753.08,93.34,-0.027,392.84,4,184,1
72.9,3.69,33.69,15.34,751.02,93.82,-0.025,393.31,4,185,1
73.24,3.75,33.69,15.29,747.44,94.29,-0.02,394.95,4,186,1
73.93,3.8,33.68,15.27,742.35,94.64,-0.012,395.43,4,187,1
74.69,3.83,33.65,15.2,739.05,95.17,-0.009,395.78,4,188,1
75.08,3.91,33.63,15.16,733.88,95.72,-0.002,396.2,4,189,1
75.45,3.97,33.62,15.12,730.59,96.58,0.004,397.32,4,190,1
75.65,4.03,33.6,15.04,727.32,96.72,0.007,398.69,4,191,1
76.07,4.1,33.6,15.02,722.8,97.69,0.014,399.09,4,192,1
76.34,4.15,33.58,14.95,718.37,97.88,0.017,400.26,4,193,1
76.91,4.21,33.58,14.88,716.17,97.92,0.02,402.08,4,194,1
77.63,4.27,33.56,14.84,712.13,98.05,0.023,402.44,4,195,1
78.03,4.31,33.55,14.78,708.56,98.54,0.025,402.61,4,196,1
78.38,4.36,33.53,14.73,705.72,98.67,0.032,404.55,4,197,1
78.92,4.43,33.52,14.68,702.06,98.82,0.04,406.41,4,198,1
79.52,4.51,33.52,14.65,696.36,99.23,0.043,407.76,4,199,1
79.82,4.56,33.52,14.58,693.14,99.84,0.047,409.06,4,200,1
80.08,4.63,33.51,14.54,690.18,100.09,0.053,410.86,4,201,1
80.43,4.69,33.49,14.46,685.08,100.63,0.056,411.57,4,202,1
80.76,4.74,33.48,14.39,680.16,101.03,0.062,413.14,4,203,1
81.42,4.77,33.48,14.34,675.5,101.48,0.065,414.13,4,204,1
81.8,4.8,33.45,14.31,670.77,101.55,0.068,414.95,4,205,1
82.57,4.88,33.44,14.23,664.78,102.54,0.073,416.63,4,206,1
82.93,4.96,33.43,14.17,660.39,103.37,0.076,417.43,4,207,1
83.51,5.01,33.42,14.1,656.2,103.89,0.079,418.26,4,208,1
83.8,5.08,33.4,14.06,650.47,103.91,0.082,418.4,4,209,1
84.53,5.14,33.37,13.99,645.35,103.97,0.088,418.54,4,210,1
84.96,5.18,33.35,13.91,639.41,104.66,0.092,419.55,4,211,1
85.46,5.23,33.33,13.87,634.28,104.68,0.1,420.14,4,212,1
86.05,5.28,33.32,13.85,630.97,105.67,0.105,420.96,4,213,1
86.76,5.34,33.31,13.8,626.33,106.53,0.112,422.27,4,214,1
87.03,5.39,33.29,13.74,622.5,107.51,0.116,423.3,4,215,1
87.44,5.46,33.28,13.71,619.69,108.29,0.119,424.63,4,216,1
88.22,5.5,33.26,13.66,617.2,109.15,0.123,426.09,4,217,1
88.87,5.58,33.25,13.6,614.24,109.42,0.128,427.56,4,218,1
89.47,5.63,33.25,13.57,608.48,109.96,0.131,427.61,4,219,1
90.62,5.72,33.2,13.44,603.25,111.94,0.137,430.69,4,220,2
91.09,5.82,33.15,13.36,599.58,112.71,0.147,433.38,4,221,2
91.9,5.96,33.1,13.28,595.76,114.28,0.155,436.18,4,222,2
92.75,6.09,33.07,13.16,589.88,116.07,0.164,438.61,4,223,2
93.56,6.2,33.04,13.08,585.78,116.97,0.177,442.44,4,224,2
94.19,6.31,32.99,12.98,580.94,117.96,0.185,446.3,4,225,2
95.15,6.4,32.96,12.84,573.4,119.27,0.192,450.03,4,226,2
95.63,6.5,32.91,12.74,567.85,120.12,0.198,451.1,4,227,2
96.12,6.62,32.87,12.63,562.68,121.16,0.206,454.5,4,228,2
97.0,6.76,32.82,12.5,559.32,122.82,0.219,456.4,4,229,2
97.96,6.88,32.8,12.45,552.59,124.72,0.234,457.93,4,230,2
99.06,7.01,32.75,12.3,545.27,125.98,0.239,459.26,4,231,2
99.9,7.15,32.71,12.2,541.77,126.62,0.246,462.55,4,232,2
100.57,7.28,32.68,12.12,537.21,127.88,0.254,465.61,4,233,2
101.67,7.39,32.65,11.99,529.69,129.18,0.26,468.98,4,234,2
102.3,7.53,32.61,11.86,524.99,129.95,0.266,471.75,4,235,2
103.07,7.63,32.56,11.79,519.23,130.98,0.277,475.27,4,236,2
103.95,7.74,32.51,11.66,513.12,132.15,0.288,479.07,4,237,2
104.63,7.86,32.46,11.6,505.7,133.11,0.299,480.7,4,238,2
105.37,8.0,32.41,11.47,499.65,134.05,0.313,482.42,4,239,2
106.1,8.11,32.37,11.34,494.96,135.18,0.326,485.06,4,240,2
107.04,8.22,32.35,11.21,490.67,137.15,0.333,486.72,4,241,2
107.61,8.33,32.32,11.14,487.16,138.69,0.344,489.36,4,242,2
108.38,8.47,32.29,11.02,480.73,139.41,0.356,491.86,4,243,2
108.9,8.58,32.26,10.97,476.72,140.31,0.368,495.2,4,244,2
109.81,8.66,32.24,10.89,470.17,141.66,0.379,497.34,4,245,2
110.97,8.77,32.2,10.8,463.98,142.64,0.384,499.49,4,246,2
111.92,8.9,32.16,10.74,456.41,143.71,0.389,503.1,4,247,2
112.96,8.98,32.12,10.69,452.48,145.38,0.4,505.34,4,248,2
113.54,9.12,32.06,10.59,447.09,146.82,0.412,508.32,4,249,2
114.49,9.22,32.0,10.51,443.57,147.51,0.421,509.66,4,250,2
115.31,9.32,31.95,10.41,437.96,148.96,0.428,511.85,4,251,2
115.83,9.42,31.9,10.27,433.17,150.9,0.437,514.05,4,252,2
116.92,9.53,31.85,10.17,429.39,152.17,0.451,517.01,4,253,2
117.45,9.62,31.82,10.07,423.92,152.99,0.459,520.96,4,254,2
118.27,9.72,31.78,10.01,416.75,154.99,0.465,523.95,4,255,2
119.26,9.83,31.74,9.95,410.59,156.88,0.478,524.97,4,256,2
120.09,9.95,31.69,9.87,403.24,158.48,0.491,527.66,4,257,2
121.24,10.09,31.66,9.73,398.9,160.17,0.501,531.06,4,258,2
121.86,10.23,31.63,9.63,392.2,161.27,0.507,534.64,4,259,2
122.84,10.32,31.6,9.55,387.11,162.61,0.518,538.61,4,260,2
124.04,10.43,31.55,9.48,381.23,163.72,0.528,542.56,4,261,2
124.66,10.54,31.5,9.4,375.79,165.08,0.538,546.48,4,262,2
125.53,10.62,31.45,9.29,368.31,166.24,0.543,547.77,4,263,2
126.4,10.76,31.4,9.22,362.16,166.98,0.555,548.96,4,264,2
127.29,10.89,31.35,9.14,357.9,168.78,0.569,552.92,4,265,2
127.75,10.97,31.3,9.0,354.41,170.52,0.579,554.13,4,266,2
128.63,11.1,31.26,8.94,349.06,171.05,0.594,557.59,4,267,2
129.29,11.21,31.21,8.82,345.69,171.9,0.603,560.3,4,268,2
130.11,11.32,31.19,8.76,341.0,172.64,0.611,563.58,4,269,2
130.77,11.42,31.15,8.63,335.35,174.22,0.622,565.79,4,270,2
131.69,11.55,31.11,8.54,328.59,175.33,0.627,568.7,4,271,2
132.55,11.67,31.07,8.4,321.83,176.57,0.634,572.2,4,272,2
133.28,11.81,31.02,8.26,317.14,178.44,0.64,573.95,4,273,2
134.14,11.95,31.0,8.17,312.76,179.15,0.65,576.7,4,274,2
134.72,12.09,30.97,8.04,306.21,180.3,0.66,579.53,4,275,2
135.35,12.22,30.91,7.98,299.97,181.32,0.666,583.18,4,276,2
135.81,12.36,30.89,7.88,294.92,182.52,0.674,586.03,4,277,2
136.54,12.45,30.85,7.81,287.9,184.19,0.68,587.87,4,278,2
137.04,12.58,30.79,7.7,282.97,185.96,0.688,591.43,4,279,2
137.49,12.69,30.74,7.6,276.6,187.09,0.698,592.64,4,280,2
138.04,12.84,30.69,7.47,268.61,188.05,0.712,595.77,4,281,2
138.5,12.93,30.67,7.35,263.77,190.04,0.724,598.89,4,282,2
139.31,13.03,30.62,7.21,255.78,191.36,0.734,601.32,4,283,2
140.39,13.11,30.6,7.16,252.74,192.18,0.744,602.89,4,284,2
141.05,13.2,30.56,7.05,247.11,193.7,0.758,604.1,4,285,2
141.58,13.29,30.52,6.98,243.8,194.88,0.766,607.27,4,286,2
142.44,13.41,30.49,6.9,239.53,196.04,0.777,610.09,4,287,2
142.93,13.54,30.44,6.8,236.46,197.97,0.784,612.22,4,288,2
143.33,13.67,30.4,6.68,229.13,199.5,0.799,614.68,4,289,2
143.98,13.79,30.36,6.56,221.96,200.65,0.808,618.04,4,290,2
144.87,13.92,30.33,6.45,217.45,201.4,0.823,619.29,4,291,2
145.99,14.04,30.27,6.36,213.07,202.29,0.838,623.08,4,292,2
146.83,14.15,30.24,6.3,208.99,203.71,0.85,624.61,4,293,2
147.38,14.25,30.2,6.22,203.29,204.46,0.862,627.28,4,294,2
148.14,14.35,30.16,6.11,197.27,205.98,0.87,628.84,4,295,2
148.72,14.46,30.12,6.05,191.78,207.04,0.882,631.74,4,296,2
149.16,14.55,30.07,5.96,187.86,207.57,0.894,634.8,4,297,2
149.81,14.67,30.03,5.89,180.35,208.57,0.899,636.05,4,298,2
150.42,14.78,29.98,5.8,176.1,209.67,0.912,640.01,4,299,2
73.75,3.22,33.62,16.08,806.87,92.62,0.014,391.37,5,0,0
73.42,3.21,33.6,16.17,810.03,92.7,0.012,391.97,5,1,0
73.19,3.22,33.59,16.12,807.55,91.94,0.008,391.78,5,2,0
73.29,3.25,33.6,16.12,811.1,91.31,0.012,390.62,5,3,0
73.31,3.22,33.61,16.03,810.66,90.32,0.015,388.71,5,4,0
73.4,3.19,33.6,16.06,812.92,90.23,0.017,387.77,5,5,0
73.52,3.2,33.62,15.96,809.65,90.62,0.014,387.86,5,6,0
73.51,3.18,33.63,16.04,806.75,89.92,0.016,388.87,5,7,0
73.64,3.18,33.62,16.04,810.49,89.63,0.013,389.42,5,8,0
73.82,3.19,33.63,16.08,814.4,90.4,0.009,390.35,5,9,0
73.91,3.19,33.62,16.1,817.03,90.64,0.009,391.28,5,10,0
73.79,3.21,33.61,16.19,820.47,90.42,0.005,389.47,5,11,0
73.54,3.22,33.61,16.17,819.51,91.4,0.008,389.55,5,12,0
73.86,3.24,33.63,16.14,819.64,91.89,0.007,391.5,5,13,0
74.23,3.26,33.63,16.1,820.15,91.56,0.004,391.89,5,14,0
74.39,3.27,33.63,16.18,818.51,92.08,0.008,390.35,5,15,0
74.61,3.3,33.64,16.09,814.65,92.76,0.007,390.35,5,16,0
74.95,3.28,33.64,16.18,818.54,93.33,0.009,391.21,5,17,0
75.28,3.28,33.66,16.26,819.13,92.95,0.006,391.29,5,18,0
75.38,3.26,33.64,16.28,822.81,93.58,0.007,392.11,5,19,0
75.57,3.29,33.64,16.24,820.53,94.1,0.011,392.82,5,20,0
75.89,3.3,33.64,16.22,823.05,93.39,0.014,392.62,5,21,0
75.99,3.27,33.66,16.2,819.57,92.8,0.013,393.11,5,22,0
76.01,3.26,33.65,16.2,818.81,93.3,0.016,392.8,5,23,0
75.85,3.25,33.66,16.17,820.85,93.25,0.011,394.28,5,24,0
75.76,3.24,33.65,16.18,818.66,93.75,0.011,393.31,5,25,0
75.71,3.25,33.66,16.19,816.87,94.75,0.012,393.66,5,26,0
75.55,3.27,33.67,16.2,817.33,94.2,0.013,394.67,5,27,0
75.67,3.26,33.67,16.16,820.23,94.48,0.015,395.31,5,28,0
75.95,3.28,33.65,16.07,818.61,94.52,0.016,397.13,5,29,0
75.78,3.25,33.63,16.1,815.97,94.74,0.016,395.8,5,30,0
75.72,3.23,33.64,16.13,816.89,94.39,0.02,396.7,5,31,0
76.03,3.24,33.62,16.2,814.87,93.4,0.024,395.98,5,32,0
76.04,3.22,33.62,16.18,818.79,94.32,0.025,396.42,5,33,0
76.19,3.19,33.63,16.14,817.0,95.03,0.022,396.03,5,34,0
76.29,3.19,33.62,16.16,813.73,95.47,0.022,394.57,5,35,0
76.31,3.18,33.63,16.1,815.5,95.23,0.017,394.7,5,36,0
76.58,3.2,33.61,16.1,815.31,94.85,0.022,393.86,5,37,0
76.4,3.19,33.59,16.07,811.45,95.09,0.022,395.78,5,38,0
76.35,3.22,33.59,16.1,809.17,94.89,0.019,394.87,5,39,0
76.73,3.2,33.6,16.18,811.09,95.6,0.014,396.15,5,40,0
77.13,3.17,33.61,16.18,808.14,94.84,0.013,397.02,5,41,0
76.74,3.17,33.61,16.09,811.92,95.67,0.009,398.9,5,42,0
76.94,3.15,33.63,16.08,813.05,94.76,0.006,400.1,5,43,0
76.7,3.16,33.65,16.01,810.15,94.62,0.003,402.05,5,44,0
76.43,3.14,33.65,15.93,810.55,94.81,-0.0,403.23,5,45,0
76.3,3.17,33.67,15.92,810.05,94.63,-0.003,404.96,5,46,0
75.94,3.2,33.67,15.84,807.44,93.76,-0.001,404.87,5,47,0
76.31,3.2,33.68,15.78,803.99,93.87,0.0,403.9,5,48,0
76.61,3.21,33.68,15.86,804.15,94.03,-0.002,403.72,5,49,0
76.36,3.19,33.69,15.91,805.1,94.38,-0.005,403.23,5,50,0
76.15,3.18,33.69,15.98,801.93,94.35,-0.008,401.29,5,51,0
75.77,3.17,33.71,16.04,803.25,93.79,-0.007,401.83,5,52,0
75.7,3.2,33.7,16.1,804.86,94.0,-0.004,403.3,5,53,0
75.4,3.2,33.71,16.01,806.32,94.52,-0.002,402.13,5,54,0
75.31,3.18,33.7,16.08,808.6,93.94,0.001,400.79,5,55,0
75.53,3.19,33.7,16.01,809.74,93.22,0.001,399.39,5,56,0
75.18,3.17,33.72,16.05,808.22,92.78,0.005,398.95,5,57,0
75.31,3.17,33.72,16.1,805.1,92.3,0.002,399.58,5,58,0
74.96,3.16,33.72,16.02,807.56,92.71,0.005,400.98,5,59,0
74.89,3.19,33.71,16.09,806.63,93.66,0.006,401.67,5,60,0
74.51,3.18,33.7,16.0,805.34,93.75,0.006,401.98,5,61,0
74.6,3.16,33.71,15.9,802.06,93.33,0.001,400.94,5,62,0
74.56,3.19,33.72,15.88,798.51,93.35,0.006,402.7,5,63,0
74.17,3.18,33.72,15.86,797.39,94.27,0.006,401.91,5,64,0
73.79,3.18,33.74,15.83,793.66,95.05,0.003,401.73,5,65,0
73.86,3.18,33.75,15.85,795.69,94.06,0.001,403.24,5,66,0
73.7,3.21,33.75,15.82,797.62,93.86,-0.001,402.71,5,67,0
73.95,3.19,33.76,15.75,798.89,93.78,0.002,404.54,5,68,0
73.58,3.18,33.76,15.79,796.72,93.61,0.005,404.87,5,69,0
73.84,3.18,33.78,15.77,798.99,94.22,0.004,404.87,5,70,0
73.56,3.21,33.8,15.83,797.39,94.07,0.008,403.75,5,71,0
73.21,3.19,33.8,15.77,796.63,95.02,0.012,405.73,5,72,0
73.27,3.2,33.8,15.86,793.5,94.49,0.011,405.57,5,73,0
73.47,3.19,33.8,15.81,795.47,94.21,0.009,406.19,5,74,0
73.25,3.16,33.8,15.82,791.91,94.9,0.013,406.44,5,75,0
73.44,3.17,33.8,15.91,793.16,94.31,0.014,407.73,5,76,0
73.57,3.19,33.8,15.87,790.9,93.57,0.015,406.13,5,77,0
73.48,3.17,33.8,15.9,790.97,93.11,0.02,406.39,5,78,0
73.72,3.15,33.8,15.86,788.92,92.99,0.023,405.9,5,79,0
73.42,3.18,33.81,15.89,788.58,93.11,0.018,407.82,5,80,0
73.68,3.19,33.81,15.96,787.47,92.7,0.023,406.62,5,81,0
74.01,3.18,33.81,15.91,787.34,93.2,0.02,406.38,5,82,0
73.77,3.17,33.81,15.85,789.23,93.63,0.017,407.25,5,83,0
73.79,3.17,33.81,15.82,790.37,93.75,0.013,409.13,5,84,0
73.81,3.15,33.82,15.92,792.27,94.26,0.009,407.42,5,85,0
73.93,3.15,33.8,15.87,793.62,94.41,0.009,405.52,5,86,0
74.23,3.14,33.81,15.79,795.82,93.44,0.006,406.43,5,87,0
74.5,3.17,33.81,15.81,798.39,93.68,0.005,406.53,5,88,0
74.52,3.17,33.82,15.76,800.12,94.32,0.001,406.9,5,89,0
74.41,3.19,33.82,15.74,797.13,94.52,0.002,407.92,5,90,0
74.77,3.17,33.8,15.69,798.06,95.5,-0.002,406.73,5,91,0
74.97,3.2,33.78,15.59,795.27,95.83,0.003,407.46,5,92,0
75.2,3.18,33.78,15.56,795.11,95.09,-0.001,408.77,5,93,0
75.44,3.19,33.77,15.53,794.51,95.98,-0.003,407.6,5,94,0
75.58,3.16,33.75,15.62,794.21,96.61,0.0,409.5,5,95,0
75.32,3.14,33.75,15.64,792.36,95.79,-0.004,410.38,5,96,0
75.14,3.14,33.75,15.68,791.33,96.67,-0.002,412.03,5,97,0
74.93,3.14,33.76,15.72,790.26,96.06,-0.004,411.31,5,98,0
75.21,3.13,33.75,15.63,790.45,96.09,-0.004,411.92,5,99,0
75.16,3.14,33.75,15.6,787.82,96.86,-0.003,413.03,5,100,0
74.96,3.15,33.74,15.65,787.2,97.68,-0.002,412.8,5,101,0
75.13,3.13,33.75,15.65,786.01,98.57,-0.006,411.64,5,102,0
74.89,3.11,33.74,15.73,782.04,99.19,-0.01,410.17,5,103,0
75.21,3.11,33.72,15.63,781.66,99.88,-0.006,408.21,5,104,0
75.3,3.11,33.73,15.6,783.26,100.55,-0.009,407.25,5,105,0
75.37,3.1,33.75,15.54,780.5,100.42,-0.01,407.12,5,106,0
75.35,3.08,33.75,15.63,777.54,101.34,-0.01,407.13,5,107,0
75.65,3.06,33.75,15.54,778.31,101.14,-0.008,405.58,5,108,0
75.99,3.08,33.73,15.55,777.74,100.87,-0.01,405.17,5,109,0
75.7,3.07,33.73,15.62,778.95,101.48,-0.006,405.82,5,110,0
75.31,3.07,33.72,15.58,779.15,102.11,-0.011,404.14,5,111,0
75.64,3.07,33.71,15.57,777.94,101.84,-0.011,403.0,5,112,0
75.42,3.1,33.72,15.49,776.53,101.25,-0.007,401.21,5,113,0
75.04,3.07,33.72,15.45,775.18,101.46,-0.003,403.2,5,114,0
74.86,3.1,33.7,15.39,771.38,102.33,-0.002,402.13,5,115,0
75.26,3.08,33.72,15.37,774.42,103.19,-0.005,401.15,5,116,0
75.64,3.08,33.72,15.33,770.91,102.93,-0.004,399.98,5,117,0
75.44,3.07,33.7,15.28,769.9,102.94,-0.008,401.07,5,118,0
75.26,3.09,33.7,15.23,772.58,103.07,-0.01,401.86,5,119,0
75.12,3.1,33.7,15.23,773.37,102.44,-0.013,401.62,5,120,0
75.03,3.1,33.72,15.15,772.01,101.88,-0.015,400.05,5,121,0
74.89,3.09,33.71,15.17,769.54,102.24,-0.017,399.74,5,122,0
74.52,3.08,33.7,15.09,766.55,101.97,-0.019,400.09,5,123,0
74.14,3.1,33.69,15.09,763.87,101.4,-0.014,401.61,5,124,0
74.35,3.08,33.7,15.17,762.49,101.65,-0.016,402.39,5,125,0
74.66,3.07,33.72,15.2,764.51,102.08,-0.015,401.83,5,126,0
75.04,3.07,33.72,15.19,760.53,102.96,-0.017,402.27,5,127,0
75.23,3.09,33.73,15.21,758.31,102.18,-0.021,402.32,5,128,0
74.83,3.08,33.74,15.18,758.64,102.18,-0.017,402.74,5,129,0
74.79,3.1,33.74,15.21,760.13,101.56,-0.013,402.87,5,130,0
75.12,3.13,33.73,15.12,762.34,100.67,-0.009,404.38,5,131,0
75.27,3.14,33.73,15.14,758.99,100.92,-0.005,404.55,5,132,0
75.02,3.13,33.73,15.16,757.38,101.83,-0.01,404.1,5,133,0
75.03,3.16,33.73,15.19,759.24,102.16,-0.011,403.83,5,134,0
74.87,3.18,33.73,15.14,755.27,101.79,-0.013,405.35,5,135,0
74.54,3.17,33.74,15.23,755.35,102.68,-0.01,406.08,5,136,0
74.67,3.2,33.74,15.15,752.95,101.82,-0.007,405.31,5,137,0
74.56,3.2,33.75,15.06,750.95,101.32,-0.01,407.0,5,138,0
74.5,3.18,33.74,15.08,751.34,102.22,-0.007,406.65,5,139,0
74.72,3.18,33.74,15.08,754.43,102.45,-0.007,405.3,5,140,0
74.57,3.19,33.75,15.0,750.48,103.18,-0.011,406.56,5,141,0
74.22,3.2,33.76,15.1,748.92,102.92,-0.009,405.65,5,142,0
73.97,3.19,33.75,15.18,749.96,102.24,-0.013,407.29,5,143,0
73.59,3.18,33.75,15.1,750.61,101.63,-0.012,406.22,5,144,0
73.23,3.18,33.77,15.15,754.36,101.11,-0.011,404.38,5,145,0
72.9,3.19,33.78,15.06,753.64,100.95,-0.007,403.56,5,146,0
73.25,3.18,33.77,15.1,753.13,101.54,-0.011,403.97,5,147,0
73.18,3.17,33.75,15.16,754.35,100.73,-0.009,403.06,5,148,0
72.98,3.17,33.76,15.21,751.59,101.06,-0.01,404.95,5,149,0
73.05,3.18,33.76,15.26,750.51,101.42,-0.015,404.41,5,150,0
73.32,3.15,33.74,15.27,753.32,100.99,-0.017,403.53,5,151,0
73.17,3.16,33.73,15.34,753.86,100.18,-0.02,404.48,5,152,0
73.25,3.16,33.72,15.38,754.12,100.72,-0.022,405.36,5,153,0
73.44,3.15,33.74,15.4,756.98,99.91,-0.025,406.06,5,154,0
73.19,3.17,33.76,15.38,760.97,99.45,-0.022,404.52,5,155,0
73.33,3.18,33.76,15.33,760.96,100.29,-0.022,406.27,5,156,0
73.43,3.19,33.77,15.31,761.01,99.84,-0.017,407.23,5,157,0
73.74,3.19,33.77,15.37,764.26,98.97,-0.02,407.32,5,158,0
73.61,3.17,33.78,15.28,767.7,98.51,-0.018,408.13,5,159,0
73.43,3.18,33.79,15.35,770.35,99.24,-0.022,407.85,5,160,0
73.82,3.21,33.81,15.28,769.72,98.34,-0.021,406.99,5,161,0
73.97,3.23,33.81,15.27,771.76,97.64,-0.021,408.47,5,162,0
73.57,3.22,33.79,15.32,772.0,98.39,-0.017,410.39,5,163,0
73.93,3.2,33.8,15.23,774.0,98.86,-0.017,410.82,5,164,0
74.27,3.18,33.82,15.27,777.61,98.24,-0.017,409.0,5,165,0
74.44,3.2,33.83,15.32,779.35,98.81,-0.022,407.83,5,166,0
74.48,3.22,33.81,15.36,777.47,98.13,-0.023,409.44,5,167,0
74.48,3.21,33.82,15.31,775.29,97.22,-0.021,411.39,5,168,0
74.59,3.2,33.81,15.38,775.68,97.88,-0.026,413.34,5,169,0
74.82,3.22,33.81,15.38,774.22,98.37,-0.028,414.59,5,170,0
75.1,3.22,33.81,15.46,770.28,97.9,-0.026,413.98,5,171,0
75.48,3.2,33.8,15.4,768.84,97.3,-0.021,412.3,5,172,0
75.71,3.22,33.78,15.38,767.06,97.9,-0.017,410.76,5,173,0
75.4,3.24,33.79,15.47,767.31,97.21,-0.018,412.22,5,174,0
75.11,3.23,33.81,15.5,764.66,97.79,-0.018,412.55,5,175,0
74.98,3.25,33.79,15.57,763.92,97.36,-0.017,413.61,5,176,0
75.22,3.28,33.77,15.58,761.8,97.18,-0.014,415.18,5,177,0
75.28,3.3,33.75,15.53,763.75,96.26,-0.011,414.7,5,178,0
75.23,3.32,33.77,15.44,764.01,96.42,-0.012,414.39,5,179,0
75.64,3.36,33.76,15.37,760.23,97.34,-0.009,415.59,5,180,1
76.1,3.42,33.73,15.34,756.02,98.22,-0.003,415.87,5,181,1
76.9,3.46,33.71,15.3,751.36,98.39,0.005,417.21,5,182,1
77.66,3.5,33.7,15.25,746.56,99.35,0.01,417.87,5,183,1
78.22,3.57,33.68,15.19,742.43,99.44,0.015,419.15,5,184,1
78.58,3.64,33.67,15.14,736.72,100.33,0.019,419.67,5,185,1
79.25,3.7,33.65,15.1,731.06,100.92,0.023,421.14,5,186,1
79.46,3.76,33.64,15.05,728.38,101.09,0.025,421.6,5,187,1
80.18,3.8,33.64,15.01,725.21,101.25,0.03,422.2,5,188,1
80.46,3.86,33.63,14.97,722.8,101.6,0.035,422.21,5,189,1
81.03,3.9,33.63,14.91,717.86,102.44,0.04,422.42,5,190,1
81.38,3.95,33.62,14.84,715.79,102.67,0.044,423.9,5,191,1
81.89,4.01,33.59,14.8,712.12,103.56,0.048,425.0,5,192,1
82.2,4.07,33.58,14.77,708.03,104.06,0.051,426.21,5,193,1
82.74,4.13,33.58,14.71,704.76,104.91,0.055,427.31,5,194,1
83.4,4.16,33.58,14.65,702.44,105.06,0.059,427.82,5,195,1
84.04,4.21,33.58,14.62,697.57,105.52,0.062,429.68,5,196,1
84.62,4.25,33.57,14.55,695.32,105.62,0.068,431.26,5,197,1
84.88,4.33,33.55,14.51,691.39,105.74,0.07,431.52,5,198,1
85.61,4.36,33.53,14.47,686.28,106.43,0.075,433.0,5,199,1
86.1,4.41,33.51,14.42,681.91,106.51,0.081,433.22,5,200,1
86.39,4.44,33.5,14.39,677.76,107.03,0.085,434.4,5,201,1
86.65,4.5,33.48,14.32,673.06,107.1,0.088,436.19,5,202,1
87.3,4.55,33.46,14.26,668.66,107.63,0.096,437.5,5,203,1
87.92,4.6,33.43,14.19,664.67,108.45,0.1,438.1,5,204,1
88.25,4.65,33.43,14.12,661.41,109.32,0.102,438.97,5,205,1
88.7,4.71,33.43,14.08,655.92,109.35,0.106,439.38,5,206,1
89.34,4.78,33.4,14.02,651.79,109.85,0.108,440.28,5,207,1
89.9,4.82,33.38,13.97,648.07,110.66,0.112,442.0,5,208,1
90.41,4.86,33.37,13.9,642.11,110.74,0.116,443.67,5,209,1
90.93,4.89,33.35,13.82,636.22,111.74,0.123,444.91,5,210,1
91.22,4.95,33.34,13.76,632.8,112.43,0.13,445.22,5,211,1
91.57,5.01,33.32,13.68,630.63,112.61,0.138,446.67,5,212,1
92.03,5.04,33.31,13.64,624.91,112.92,0.142,447.05,5,213,1
92.5,5.1,33.29,13.6,620.7,113.81,0.144,448.99,5,214,1
92.81,5.18,33.27,13.55,616.4,114.44,0.146,449.04,5,215,1
93.12,5.22,33.26,13.51,612.54,114.8,0.153,450.83,5,216,1
93.49,5.25,33.24,13.45,606.63,115.47,0.159,451.96,5,217,1
93.91,5.29,33.22,13.4,602.93,115.96,0.162,453.71,5,218,1
94.21,5.36,33.2,13.36,599.55,116.37,0.168,455.33,5,219,1
94.98,5.44,33.15,13.29,594.72,117.25,0.174,456.88,5,220,2
96.11,5.56,33.12,13.15,589.32,118.46,0.187,459.81,5,221,2
97.06,5.71,33.07,13.07,581.67,120.46,0.2,463.37,5,222,2
97.55,5.81,33.03,13.0,578.37,121.63,0.209,466.09,5,223,2
98.44,5.93,32.99,12.93,575.22,123.38,0.218,469.65,5,224,2
98.89,6.01,32.94,12.87,567.84,124.76,0.233,473.59,5,225,2
100.07,6.11,32.9,12.74,560.88,126.45,0.238,474.93,5,226,2
100.78,6.24,32.86,12.6,553.29,127.32,0.252,478.69,5,227,2
101.21,6.35,32.82,12.45,546.6,129.17,0.26,482.17,5,228,2
102.1,6.48,32.78,12.32,541.78,130.65,0.268,484.32,5,229,2
103.17,6.57,32.73,12.23,536.15,132.57,0.28,486.08,5,230,2
103.76,6.67,32.7,12.11,529.75,133.91,0.286,489.83,5,231,2
104.64,6.8,32.68,12.03,522.6,135.54,0.294,493.7,5,232,2
105.27,6.94,32.65,11.9,515.04,136.39,0.303,495.89,5,233,2
106.04,7.08,32.6,11.8,511.27,138.01,0.314,498.99,5,234,2
106.56,7.21,32.55,11.67,506.99,139.79,0.329,502.22,5,235,2
107.21,7.33,32.51,11.54,500.05,140.88,0.338,504.17,5,236,2
108.11,7.43,32.45,11.45,496.74,142.71,0.35,508.01,5,237,2
109.28,7.56,32.43,11.39,490.38,143.97,0.36,510.57,5,238,2
110.34,7.71,32.4,11.26,485.77,145.17,0.374,512.68,5,239,2
110.81,7.84,32.36,11.18,479.08,146.24,0.386,513.79,5,240,2
111.37,7.98,32.31,11.04,472.08,148.13,0.391,516.71,5,241,2
111.98,8.08,32.29,10.92,468.88,149.88,0.398,518.14,5,242,2
112.86,8.18,32.26,10.84,461.36,151.11,0.411,519.9,5,243,2
113.68,8.31,32.21,10.71,458.22,152.62,0.426,522.34,5,244,2
114.3,8.43,32.19,10.6,454.21,153.92,0.435,523.71,5,245,2
114.83,8.56,32.17,10.45,448.3,154.76,0.445,524.88,5,246,2
115.52,8.65,32.14,10.35,442.27,156.74,0.457,527.11,5,247,2
116.2,8.74,32.11,10.21,434.71,158.68,0.466,530.54,5,248,2
116.98,8.87,32.06,10.16,428.65,159.4,0.472,531.91,5,249,2
117.92,9.0,32.02,10.02,425.09,160.1,0.487,533.94,5,250,2
118.65,9.13,32.0,9.94,418.43,161.58,0.501,536.02,5,251,2
119.46,9.25,31.97,9.87,413.81,162.72,0.508,539.86,5,252,2
120.22,9.35,31.94,9.78,406.21,163.87,0.516,543.65,5,253,2
121.37,9.46,31.91,9.71,401.99,165.13,0.528,546.47,5,254,2
121.77,9.56,31.89,9.61,398.25,166.72,0.534,549.15,5,255,2
122.88,9.66,31.83,9.48,392.19,168.28,0.548,550.26,5,256,2
123.49,9.77,31.79,9.37,389.18,168.99,0.555,552.52,5,257,2
124.68,9.9,31.75,9.27,382.06,169.64,0.561,555.0,5,258,2
125.5,10.0,31.73,9.2,374.56,171.32,0.575,556.13,5,259,2
126.52,10.12,31.7,9.08,367.45,172.17,0.59,557.63,5,260,2
127.3,10.25,31.64,9.02,361.77,174.14,0.603,559.15,5,261,2
127.88,10.38,31.59,8.95,356.19,174.77,0.615,561.82,5,262,2
128.31,10.5,31.56,8.81,349.74,175.35,0.623,565.0,5,263,2
128.83,10.61,31.53,8.72,343.45,177.03,0.632,566.59,5,264,2
129.53,10.72,31.5,8.61,338.06,178.2,0.647,568.13,5,265,2
130.18,10.81,31.48,8.51,332.51,179.6,0.654,569.53,5,266,2
131.26,10.91,31.44,8.36,327.65,180.81,0.666,570.64,5,267,2
132.04,10.99,31.4,8.3,323.68,182.62,0.679,572.71,5,268,2
132.82,11.08,31.37,8.2,318.8,183.67,0.686,575.82,5,269,2
133.65,11.17,31.31,8.12,315.51,184.94,0.698,577.32,5,270,2
134.09,11.25,31.25,8.07,310.48,186.67,0.713,580.68,5,271,2
134.75,11.37,31.21,7.93,305.71,187.6,0.721,582.45,5,272,2
135.57,11.45,31.17,7.79,299.09,188.83,0.736,584.56,5,273,2
136.24,11.54,31.15,7.7,292.82,189.48,0.747,586.62,5,274,2
136.64,11.67,31.09,7.65,288.74,191.09,0.753,588.02,5,275,2
137.58,11.76,31.06,7.53,283.55,191.69,0.76,589.45,5,276,2
138.53,11.91,31.03,7.38,277.65,193.59,0.766,591.39,5,277,2
139.39,12.05,30.98,7.28,273.02,195.21,0.777,593.07,5,278,2
140.0,12.15,30.95,7.21,268.87,196.63,0.784,596.4,5,279,2
140.89,12.27,30.91,7.07,261.24,197.22,0.793,598.36,5,280,2
141.74,12.38,30.89,6.98,255.96,199.12,0.798,601.24,5,281,2
142.72,12.52,30.85,6.91,252.56,200.5,0.812,603.71,5,282,2
143.3,12.64,30.81,6.79,245.15,202.14,0.821,606.72,5,283,2
143.8,12.72,30.79,6.64,238.81,203.69,0.832,609.06,5,284,2
144.25,12.85,30.75,6.5,234.63,204.25,0.84,610.98,5,285,2
144.74,12.99,30.71,6.42,227.43,205.3,0.847,614.67,5,286,2
145.83,13.08,30.67,6.32,223.08,206.24,0.857,616.0,5,287,2
146.96,13.2,30.64,6.19,216.95,207.6,0.868,618.48,5,288,2
148.07,13.31,30.6,6.08,209.62,208.69,0.879,621.66,5,289,2
149.22,13.44,30.55,5.94,203.71,210.56,0.892,624.43,5,290,2
150.07,13.57,30.5,5.8,197.51,211.43,0.903,627.8,5,291,2
151.0,13.71,30.45,5.67,193.82,212.5,0.914,629.23,5,292,2
151.68,13.83,30.4,5.58,186.76,213.76,0.92,632.8,5,293,2
152.51,13.93,30.34,5.44,180.17,215.48,0.928,636.28,5,294,2
153.21,14.03,30.28,5.32,172.82,217.39,0.941,639.02,5,295,2
153.95,14.15,30.23,5.19,169.46,219.3,0.951,641.02,5,296,2
155.12,14.3,30.18,5.11,164.89,220.07,0.957,642.71,5,297,2
155.86,14.42,30.15,5.02,160.18,221.04,0.962,646.15,5,298,2
156.3,14.55,30.1,4.92,152.63,222.99,0.97,649.52,5,299,2
74.05,3.18,33.59,15.91,806.26,92.31,0.007,390.31,6,0,0
74.32,3.16,33.58,15.86,806.48,92.8,0.007,392.3,6,1,0
74.0,3.16,33.58,15.85,808.32,93.54,0.004,393.11,6,2,0
73.76,3.14,33.58,15.81,809.91,92.96,0.005,394.61,6,3,0
73.43,3.12,33.6,15.88,810.58,92.87,0.005,395.42,6,4,0
73.14,3.11,33.6,15.93,807.64,92.87,-0.0,396.79,6,5,0
72.95,3.12,33.6,15.86,803.94,93.33,-0.002,396.72,6,6,0
73.29,3.14,33.61,15.94,804.27,93.5,-0.006,398.43,6,7,0
73.56,3.15,33.61,16.03,804.01,93.42,-0.008,399.0,6,8,0
73.2,3.16,33.59,16.12,802.65,93.4,-0.013,397.34,6,9,0
73.15,3.14,33.6,16.19,802.5,93.89,-0.011,398.88,6,10,0
73.3,3.11,33.6,16.23,799.27,93.78,-0.015,399.42,6,11,0
73.18,3.09,33.59,16.25,802.49,93.41,-0.015,401.39,6,12,0
73.42,3.07,33.59,16.3,804.53,94.01,-0.016,400.13,6,13,0
73.59,3.1,33.6,16.34,800.89,94.47,-0.02,400.27,6,14,0
73.78,3.07,33.61,16.34,799.76,93.71,-0.021,398.85,6,15,0
73.44,3.05,33.62,16.31,802.32,94.13,-0.025,397.33,6,16,0
73.75,3.02,33.64,16.28,801.71,93.16,-0.024,399.23,6,17,0
73.39,2.99,33.62,16.34,798.53,93.86,-0.027,400.09,6,18,0
73.63,2.97,33.6,16.38,794.82,94.18,-0.027,400.64,6,19,0
73.75,2.95,33.61,16.42,795.17,94.94,-0.024,401.59,6,20,0
73.48,2.95,33.63,16.43,796.09,94.33,-0.024,401.78,6,21,0
73.82,2.93,33.64,16.35,794.52,94.48,-0.025,401.74,6,22,0
73.89,2.94,33.65,16.33,791.2,95.21,-0.03,402.8,6,23,0
73.87,2.95,33.63,16.39,787.52,95.78,-0.032,402.87,6,24,0
74.09,2.94,33.64,16.48,786.11,96.16,-0.028,402.86,6,25,0
73.9,2.93,33.64,16.57,785.81,96.17,-0.032,404.5,6,26,0
73.83,2.93,33.64,16.56,786.16,97.11,-0.033,405.85,6,27,0
74.04,2.94,33.65,16.59,787.07,96.86,-0.037,407.61,6,28,0
74.11,2.95,33.63,16.55,790.39,96.07,-0.034,408.68,6,29,0
74.11,2.92,33.61,16.53,794.09,96.09,-0.034,409.17,6,30,0
73.93,2.95,33.6,16.59,790.6,96.23,-0.037,411.0,6,31,0
73.71,2.93,33.59,16.63,788.47,95.27,-0.033,409.83,6,32,0
73.61,2.95,33.58,16.65,787.86,94.58,-0.03,409.55,6,33,0
73.86,2.97,33.57,16.7,790.28,93.6,-0.029,410.72,6,34,0
74.22,2.97,33.55,16.62,791.95,94.41,-0.025,409.11,6,35,0
73.87,2.99,33.53,16.69,788.25,94.15,-0.026,407.38,6,36,0
74.12,2.98,33.55,16.67,785.31,93.27,-0.027,409.03,6,37,0
74.39,3.0,33.54,16.77,786.69,92.91,-0.029,407.91,6,38,0
74.71,2.99,33.52,16.72,787.38,92.78,-0.026,409.23,6,39,0
74.52,3.01,33.52,16.79,784.21,93.71,-0.03,407.62,6,40,0
74.37,2.98,33.53,16.72,786.53,94.35,-0.035,409.0,6,41,0
74.55,3.0,33.53,16.63,783.64,94.97,-0.039,409.1,6,42,0
74.81,3.01,33.54,16.7,781.48,94.75,-0.038,410.79,6,43,0
75.19,3.03,33.54,16.67,781.17,94.79,-0.033,410.08,6,44,0
75.37,3.06,33.53,16.66,779.9,95.54,-0.028,411.2,6,45,0
75.76,3.03,33.54,16.69,778.02,96.2,-0.031,409.78,6,46,0
76.14,3.02,33.53,16.6,781.58,96.82,-0.031,407.82,6,47,0
76.49,3.02,33.52,16.62,784.44,97.78,-0.031,406.19,6,48,0
76.61,3.0,33.51,16.63,786.35,96.81,-0.028,407.75,6,49,0
76.66,2.99,33.51,16.63,784.66,95.86,-0.032,407.54,6,50,0
76.64,3.02,33.52,16.58,783.13,96.72,-0.03,407.5,6,51,0
76.77,3.02,33.5,16.6,784.58,96.1,-0.027,408.83,6,52,0
76.89,3.05,33.52,16.55,783.29,95.92,-0.028,409.1,6,53,0
76.95,3.08,33.54,16.54,782.57,95.29,-0.031,407.96,6,54,0
76.92,3.1,33.55,16.53,779.39,95.55,-0.028,408.27,6,55,0
77.15,3.08,33.57,16.46,782.22,96.12,-0.032,408.0,6,56,0
77.42,3.08,33.58,16.53,780.52,96.49,-0.034,408.75,6,57,0
77.25,3.06,33.57,16.45,783.7,96.54,-0.029,407.83,6,58,0
77.19,3.04,33.57,16.46,782.06,96.41,-0.034,408.89,6,59,0
77.12,3.04,33.57,16.42,783.33,96.77,-0.031,409.26,6,60,0
77.23,3.02,33.56,16.34,784.44,97.59,-0.027,408.2,6,61,0
77.37,3.0,33.54,16.25,781.35,97.13,-0.032,410.11,6,62,0
77.3,3.01,33.55,16.18,778.65,97.15,-0.029,411.24,6,63,0
77.5,3.03,33.55,16.22,781.17,97.71,-0.031,409.37,6,64,0
77.49,3.04,33.54,16.12,783.66,97.94,-0.031,408.57,6,65,0
77.85,3.06,33.55,16.14,784.14,98.0,-0.031,410.35,6,66,0
77.76,3.05,33.53,16.14,786.88,97.71,-0.034,409.92,6,67,0
77.46,3.04,33.53,16.12,784.09,98.63,-0.037,411.58,6,68,0
77.4,3.04,33.51,16.09,787.33,97.92,-0.041,411.99,6,69,0
77.33,3.02,33.53,16.03,784.91,97.61,-0.04,413.12,6,70,0
77.37,3.03,33.53,16.1,784.42,98.54,-0.036,411.21,6,71,0
77.01,3.02,33.53,16.17,783.05,98.39,-0.033,411.14,6,72,0
77.04,3.02,33.52,16.22,786.9,97.42,-0.031,411.13,6,73,0
77.07,3.0,33.53,16.17,787.99,97.3,-0.027,409.2,6,74,0
77.41,3.0,33.55,16.12,788.9,96.42,-0.029,407.78,6,75,0
77.39,3.02,33.54,16.06,790.36,96.0,-0.031,406.61,6,76,0
77.36,3.04,33.55,16.15,789.43,95.64,-0.032,405.09,6,77,0
77.26,3.03,33.54,16.2,785.71,96.53,-0.032,404.96,6,78,0
76.96,3.01,33.53,16.29,788.41,96.46,-0.034,402.97,6,79,0
77.23,3.02,33.54,16.38,788.2,97.15,-0.035,403.61,6,80,0
77.43,3.04,33.54,16.44,785.75,97.82,-0.04,401.99,6,81,0
77.03,3.03,33.56,16.39,787.19,97.99,-0.043,403.78,6,82,0
77.1,3.01,33.57,16.44,788.43,98.5,-0.045,403.37,6,83,0
76.86,3.03,33.59,16.36,790.42,97.84,-0.048,404.36,6,84,0
77.14,3.03,33.59,16.41,793.35,98.56,-0.044,403.22,6,85,0
77.48,3.06,33.6,16.45,797.23,97.56,-0.04,403.44,6,86,0
77.83,3.03,33.6,16.45,794.77,97.19,-0.044,404.1,6,87,0
78.02,3.04,33.61,16.52,792.44,97.62,-0.044,404.22,6,88,0
77.85,3.03,33.61,16.49,790.99,97.86,-0.046,402.92,6,89,0
77.62,3.05,33.61,16.51,789.36,97.79,-0.045,404.02,6,90,0
77.65,3.07,33.61,16.59,790.95,97.42,-0.049,405.8,6,91,0
77.46,3.09,33.59,16.55,794.75,98.1,-0.049,405.62,6,92,0
77.58,3.07,33.58,16.61,791.11,98.04,-0.045,407.26,6,93,0
77.37,3.06,33.57,16.52,791.38,97.79,-0.047,407.34,6,94,0
77.46,3.05,33.58,16.54,788.25,98.15,-0.049,408.46,6,95,0
77.79,3.07,33.56,16.48,784.4,97.74,-0.05,406.72,6,96,0
77.71,3.08,33.55,16.41,781.37,97.75,-0.05,406.89,6,97,0
77.46,3.05,33.53,16.34,781.3,98.05,-0.052,408.67,6,98,0
77.66,3.06,33.55,16.36,784.0,97.36,-0.049,407.93,6,99,0
77.64,3.06,33.56,16.46,786.35,96.77,-0.045,408.23,6,100,0
77.72,3.05,33.58,16.36,786.88,96.99,-0.045,409.07,6,101,0
77.9,3.06,33.58,16.27,785.63,97.77,-0.044,408.43,6,102,0
77.9,3.04,33.58,16.22,787.16,98.56,-0.04,407.17,6,103,0
77.91,3.07,33.57,16.31,784.35,99.14,-0.038,406.1,6,104,0
77.63,3.06,33.58,16.39,787.3,98.3,-0.035,406.39,6,105,0
77.45,3.03,33.57,16.39,785.89,98.87,-0.032,407.54,6,106,0
77.6,3.04,33.55,16.33,787.35,99.27,-0.029,406.47,6,107,0
77.43,3.06,33.53,16.4,784.22,99.47,-0.033,407.96,6,108,0
77.25,3.07,33.52,16.49,781.35,98.96,-0.032,408.18,6,109,0
77.0,3.1,33.5,16.41,782.71,98.32,-0.028,409.79,6,110,0
77.12,3.08,33.5,16.48,785.18,98.38,-0.025,410.52,6,111,0
77.41,3.08,33.5,16.56,781.8,99.11,-0.027,411.72,6,112,0
77.46,3.08,33.5,16.51,782.2,99.37,-0.03,413.5,6,113,0
77.28,3.07,33.48,16.56,780.13,99.45,-0.029,414.55,6,114,0
77.57,3.1,33.48,16.57,779.68,100.09,-0.027,414.25,6,115,0
77.69,3.1,33.47,16.6,779.76,100.56,-0.025,415.71,6,116,0
78.06,3.07,33.48,16.55,777.65,101.02,-0.029,413.75,6,117,0
78.42,3.09,33.5,16.54,776.58,100.62,-0.034,413.86,6,118,0
78.48,3.07,33.49,16.58,778.2,99.93,-0.035,413.56,6,119,0
78.16,3.05,33.49,16.68,781.84,100.75,-0.034,412.18,6,120,0
78.4,3.04,33.48,16.59,781.82,100.52,-0.032,412.47,6,121,0
78.03,3.05,33.47,16.6,781.07,100.08,-0.036,412.23,6,122,0
78.28,3.05,33.47,16.69,779.01,100.45,-0.031,411.62,6,123,0
78.05,3.06,33.48,16.75,777.44,100.49,-0.035,412.09,6,124,0
78.4,3.07,33.47,16.79,779.77,99.64,-0.035,410.57,6,125,0
78.28,3.04,33.46,16.82,777.6,100.4,-0.038,411.89,6,126,0
78.23,3.03,33.44,16.77,778.32,99.58,-0.036,412.07,6,127,0
78.62,3.05,33.44,16.68,775.68,100.54,-0.038,411.67,6,128,0
78.31,3.03,33.45,16.66,777.07,101.38,-0.037,411.22,6,129,0
78.61,3.02,33.46,16.65,776.61,100.87,-0.04,411.98,6,130,0
78.37,3.03,33.47,16.72,779.37,101.29,-0.043,412.41,6,131,0
78.35,3.0,33.48,16.8,782.54,100.94,-0.042,412.93,6,132,0
78.24,3.0,33.48,16.74,785.77,100.6,-0.043,412.46,6,133,0
78.53,3.02,33.49,16.77,786.57,100.09,-0.039,414.28,6,134,0
78.49,3.02,33.47,16.79,786.29,99.71,-0.038,415.47,6,135,0
78.58,3.05,33.46,16.87,784.21,99.53,-0.033,416.79,6,136,0
78.21,3.06,33.44,16.79,781.45,100.26,-0.029,415.0,6,137,0
78.13,3.08,33.43,16.74,782.73,100.36,-0.025,414.11,6,138,0
78.14,3.09,33.42,16.75,783.5,99.75,-0.028,415.58,6,139,0
78.3,3.08,33.4,16.74,782.74,98.96,-0.026,414.71,6,140,0
78.66,3.1,33.38,16.71,785.61,98.8,-0.024,415.18,6,141,0
78.35,3.09,33.36,16.66,786.2,98.19,-0.028,413.57,6,142,0
78.64,3.08,33.37,16.74,785.42,99.19,-0.028,413.87,6,143,0
78.42,3.06,33.37,16.65,785.43,99.04,-0.025,415.8,6,144,0
78.73,3.05,33.38,16.62,788.96,98.61,-0.025,415.57,6,145,0
78.63,3.03,33.38,16.67,787.0,98.2,-0.027,414.01,6,146,0
78.77,3.05,33.38,16.77,788.04,98.87,-0.027,415.49,6,147,0
78.71,3.02,33.39,16.78,786.87,99.05,-0.027,415.64,6,148,0
78.58,3.01,33.37,16.69,783.11,98.71,-0.025,416.45,6,149,0
78.3,2.98,33.36,16.71,784.54,98.18,-0.026,418.03,6,150,0
78.58,2.98,33.36,16.68,786.87,98.84,-0.025,416.51,6,151,0
78.95,2.99,33.36,16.72,783.54,99.0,-0.025,416.42,6,152,0
79.01,2.99,33.37,16.81,780.32,99.84,-0.024,415.47,6,153,0
79.3,3.02,33.38,16.75,777.37,100.52,-0.022,413.9,6,154,0
79.62,3.04,33.38,16.72,777.95,101.18,-0.024,415.43,6,155,0
79.6,3.02,33.38,16.67,778.58,101.97,-0.028,416.96,6,156,0
79.99,3.03,33.36,16.75,776.84,101.15,-0.032,418.33,6,157,0
79.62,3.06,33.37,16.75,775.53,100.38,-0.028,416.54,6,158,0
79.36,3.06,33.35,16.84,774.99,99.79,-0.027,415.56,6,159,0
79.38,3.05,33.35,16.92,774.92,98.86,-0.03,413.97,6,160,0
79.21,3.03,33.37,16.9,778.13,98.16,-0.032,415.59,6,161,0
78.99,3.02,33.35,16.82,775.21,97.52,-0.034,415.99,6,162,0
79.06,3.04,33.36,16.74,772.27,96.81,-0.039,415.27,6,163,0
78.67,3.02,33.38,16.78,774.55,96.2,-0.035,414.23,6,164,0
78.64,3.02,33.37,16.68,771.07,95.58,-0.031,415.21,6,165,0
78.5,3.04,33.35,16.59,767.12,95.5,-0.029,414.7,6,166,0
78.54,3.06,33.37,16.51,770.67,95.04,-0.024,414.17,6,167,0
78.63,3.04,33.38,16.41,768.47,95.95,-0.023,412.76,6,168,0
78.41,3.06,33.38,16.42,767.77,96.29,-0.025,413.58,6,169,0
78.78,3.04,33.38,16.51,768.21,97.22,-0.027,414.45,6,170,0
78.48,3.06,33.39,16.43,766.55,97.12,-0.023,415.71,6,171,0
78.37,3.04,33.41,16.49,764.25,97.29,-0.019,415.78,6,172,0
78.33,3.03,33.42,16.39,765.06,96.6,-0.02,417.4,6,173,0
78.15,3.05,33.43,16.4,765.46,97.4,-0.024,419.27,6,174,0
78.15,3.05,33.41,16.3,762.17,98.29,-0.023,418.81,6,175,0
78.13,3.07,33.4,16.31,760.68,98.63,-0.022,419.06,6,176,0
77.73,3.05,33.41,16.27,759.75,99.37,-0.021,418.88,6,177,0
77.35,3.06,33.4,16.36,761.38,99.69,-0.021,418.53,6,178,0
77.24,3.03,33.39,16.4,757.81,100.32,-0.021,418.1,6,179,0
78.02,3.08,33.36,16.34,754.35,101.11,-0.015,419.37,6,180,1
78.37,3.15,33.33,16.29,751.35,101.83,-0.009,421.17,6,181,1
78.63,3.23,33.31,16.24,748.72,102.74,-0.007,422.28,6,182,1
79.28,3.3,33.29,16.18,745.09,103.35,-0.004,423.72,6,183,1
79.6,3.37,33.26,16.15,740.55,103.39,0.001,424.65,6,184,1
80.11,3.44,33.23,16.12,736.01,103.83,0.004,426.12,6,185,1
80.7,3.48,33.21,16.06,732.6,104.8,0.009,426.25,6,186,1
81.37,3.53,33.2,16.03,728.05,104.88,0.016,426.75,6,187,1
81.88,3.61,33.19,15.95,724.21,105.81,0.02,428.48,6,188,1
82.4,3.67,33.17,15.9,720.4,106.57,0.022,429.93,6,189,1
82.65,3.73,33.15,15.87,715.84,107.31,0.029,431.03,6,190,1
82.89,3.8,33.13,15.83,713.37,107.99,0.036,431.1,6,191,1
83.51,3.86,33.1,15.8,710.71,108.72,0.043,432.34,6,192,1
83.91,3.92,33.1,15.74,705.46,109.69,0.045,434.2,6,193,1
84.27,4.0,33.09,15.68,699.91,110.69,0.051,434.44,6,194,1
84.78,4.07,33.08,15.65,695.57,110.97,0.055,435.83,6,195,1
85.25,4.12,33.06,15.6,693.09,111.38,0.06,437.41,6,196,1
85.49,4.16,33.04,15.56,688.18,111.41,0.064,438.14,6,197,1
85.82,4.22,33.02,15.49,685.27,112.27,0.07,438.9,6,198,1
86.05,4.29,33.01,15.44,681.62,112.42,0.075,439.96,6,199,1
86.36,4.35,32.99,15.4,678.66,112.79,0.08,440.56,6,200,1
87.08,4.42,32.98,15.37,674.07,113.5,0.085,442.32,6,201,1
87.86,4.5,32.95,15.3,668.59,114.45,0.092,443.14,6,202,1
88.34,4.56,32.93,15.24,666.14,114.97,0.099,443.47,6,203,1
88.88,4.63,32.9,15.21,662.13,115.4,0.106,443.54,6,204,1
89.39,4.69,32.89,15.15,660.1,115.42,0.108,444.11,6,205,1
89.69,4.72,32.89,15.09,656.38,115.45,0.115,444.12,6,206,1
90.3,4.78,32.87,15.02,650.98,116.26,0.117,446.05,6,207,1
90.51,4.81,32.86,14.95,647.37,117.24,0.123,446.07,6,208,1
90.79,4.85,32.85,14.89,644.06,117.87,0.126,447.54,6,209,1
91.44,4.93,32.83,14.81,638.8,117.94,0.133,447.85,6,210,1
91.76,4.98,32.82,14.78,633.44,118.48,0.137,448.12,6,211,1
92.54,5.03,32.81,14.75,628.27,118.82,0.143,449.19,6,212,1
92.85,5.07,32.81,14.71,623.78,118.89,0.147,450.1,6,213,1
93.16,5.11,32.8,14.68,618.03,119.3,0.154,450.9,6,214,1
93.49,5.15,32.8,14.62,613.71,119.49,0.159,452.39,6,215,1
93.9,5.18,32.79,14.59,610.43,120.25,0.167,453.52,6,216,1
94.32,5.25,32.77,14.52,608.17,120.46,0.172,453.65,6,217,1
94.99,5.29,32.75,14.45,604.33,120.57,0.177,453.76,6,218,1
95.19,5.36,32.73,14.42,601.26,120.75,0.18,454.12,6,219,1
95.7,5.5,32.68,14.29,594.76,122.31,0.19,455.83,6,220,2
96.47,5.63,32.64,14.2,589.17,122.89,0.201,459.64,6,221,2
97.45,5.78,32.59,14.07,584.0,123.44,0.21,461.3,6,222,2
98.22,5.9,32.56,14.0,578.37,125.36,0.221,464.25,6,223,2
99.14,6.05,32.51,13.88,574.66,126.12,0.232,465.78,6,224,2
100.32,6.13,32.45,13.74,567.48,127.44,0.238,469.29,6,225,2
101.42,6.25,32.41,13.68,561.97,128.73,0.248,471.12,6,226,2
102.53,6.34,32.36,13.59,557.37,130.35,0.258,473.43,6,227,2
103.61,6.44,32.31,13.53,553.54,131.93,0.271,476.52,6,228,2
104.53,6.56,32.27,13.39,545.79,133.02,0.283,478.76,6,229,2
105.47,6.65,32.24,13.27,541.83,134.16,0.292,480.46,6,230,2
106.66,6.77,32.19,13.17,536.13,135.29,0.302,483.43,6,231,2
107.63,6.91,32.15,13.04,530.61,136.42,0.316,487.11,6,232,2
108.57,7.06,32.11,12.96,526.31,137.45,0.326,488.7,6,233,2
109.07,7.16,32.05,12.82,518.77,138.77,0.337,491.67,6,234,2
109.79,7.25,32.02,12.73,512.0,139.32,0.35,493.65,6,235,2
110.19,7.37,32.0,12.68,504.68,140.79,0.363,495.02,6,236,2
111.25,7.47,31.96,12.55,499.79,142.08,0.376,497.9,6,237,2
112.1,7.56,31.92,12.46,492.17,143.87,0.387,500.87,6,238,2
113.16,7.7,31.87,12.36,486.83,145.06,0.393,502.56,6,239,2
114.0,7.79,31.83,12.25,482.73,146.38,0.407,505.2,6,240,2
115.09,7.89,31.79,12.18,477.43,148.03,0.42,506.56,6,241,2
116.25,8.0,31.76,12.11,472.01,149.81,0.428,507.6,6,242,2
117.02,8.11,31.72,11.96,464.83,151.52,0.433,510.9,6,243,2
118.08,8.2,31.7,11.88,461.7,152.96,0.447,512.34,6,244,2
118.79,8.31,31.67,11.75,456.52,154.82,0.453,515.81,6,245,2
119.36,8.41,31.61,11.65,451.65,155.38,0.467,517.52,6,246,2
120.44,8.49,31.55,11.53,448.27,156.04,0.476,519.41,6,247,2
120.92,8.62,31.52,11.44,442.17,156.75,0.489,522.43,6,248,2
121.83,8.76,31.47,11.39,438.85,157.51,0.502,526.03,6,249,2
122.98,8.88,31.43,11.27,432.63,159.22,0.511,529.83,6,250,2
123.78,8.98,31.39,11.2,427.01,159.98,0.525,531.09,6,251,2
124.91,9.06,31.36,11.12,419.97,160.53,0.538,534.98,6,252,2
125.63,9.16,31.31,11.05,416.37,161.96,0.548,538.07,6,253,2
126.67,9.3,31.27,10.9,409.56,163.15,0.557,541.9,6,254,2
127.61,9.39,31.23,10.83,405.15,164.53,0.571,544.28,6,255,2
128.13,9.52,31.2,10.72,399.33,165.3,0.582,545.4,6,256,2
129.0,9.64,31.15,10.66,395.12,166.98,0.593,549.07,6,257,2
129.9,9.75,31.13,10.56,387.58,168.5,0.601,551.64,6,258,2
130.63,9.85,31.09,10.46,381.41,170.07,0.612,555.07,6,259,2
131.2,9.97,31.04,10.32,373.82,171.51,0.624,556.49,6,260,2
131.71,10.08,30.99,10.25,369.97,173.1,0.634,559.65,6,261,2
132.89,10.22,30.96,10.15,366.81,175.07,0.645,563.25,6,262,2
133.3,10.3,30.92,10.03,359.0,176.24,0.659,565.29,6,263,2
134.32,10.4,30.88,9.91,351.3,177.1,0.667,567.96,6,264,2
134.99,10.5,30.86,9.79,347.33,178.1,0.673,570.18,6,265,2
136.08,10.62,30.8,9.7,339.36,179.92,0.683,571.91,6,266,2
136.69,10.73,30.78,9.64,335.18,181.46,0.696,573.44,6,267,2
137.81,10.85,30.75,9.53,330.68,182.64,0.704,575.76,6,268,2
138.81,10.98,30.71,9.44,324.98,184.21,0.712,578.25,6,269,2
139.29,11.08,30.66,9.34,321.86,185.83,0.717,581.12,6,270,2
140.19,11.21,30.61,9.28,314.83,187.22,0.731,584.4,6,271,2
140.9,11.31,30.59,9.19,310.63,189.06,0.74,585.57,6,272,2
141.84,11.45,30.56,9.07,304.84,189.68,0.753,586.71,6,273,2
142.64,11.6,30.53,8.93,299.5,190.87,0.765,590.21,6,274,2
143.29,11.68,30.49,8.85,294.88,192.24,0.772,592.95,6,275,2
144.36,11.82,30.45,8.76,290.42,192.8,0.778,596.57,6,276,2
144.98,11.96,30.39,8.62,285.74,193.75,0.783,597.86,6,277,2
145.5,12.07,30.35,8.52,278.38,195.41,0.797,601.06,6,278,2
146.19,12.2,30.31,8.43,274.45,196.84,0.806,602.6,6,279,2
147.19,12.31,30.28,8.31,266.62,197.41,0.815,604.22,6,280,2
148.1,12.46,30.22,8.18,259.75,199.18,0.82,607.26,6,281,2
149.0,12.57,30.17,8.09,253.63,201.15,0.826,608.51,6,282,2
149.86,12.69,30.12,7.96,246.54,201.7,0.837,610.28,6,283,2
150.67,12.77,30.09,7.82,239.63,202.35,0.85,611.31,6,284,2
151.24,12.92,30.03,7.71,235.2,204.01,0.864,614.46,6,285,2
151.75,13.01,30.0,7.63,231.01,205.49,0.877,617.33,6,286,2
152.18,13.09,29.96,7.49,223.88,207.18,0.883,618.5,6,287,2
152.6,13.2,29.91,7.4,220.21,207.82,0.891,620.83,6,288,2
153.63,13.31,29.88,7.31,212.67,209.09,0.9,624.57,6,289,2
154.55,13.41,29.83,7.21,208.67,209.87,0.911,627.03,6,290,2
155.2,13.5,29.79,7.13,200.88,210.41,0.921,630.62,6,291,2
156.33,13.62,29.74,7.0,193.2,211.43,0.933,632.63,6,292,2
157.09,13.71,29.68,6.86,189.94,212.53,0.947,635.79,6,293,2
157.7,13.84,29.65,6.8,183.86,214.42,0.954,636.97,6,294,2
158.58,13.95,29.6,6.68,178.02,215.26,0.963,640.28,6,295,2
159.4,14.03,29.55,6.56,171.36,216.87,0.969,643.26,6,296,2
160.1,14.11,29.51,6.43,163.59,218.23,0.977,644.88,6,297,2
161.22,14.24,29.46,6.37,156.3,219.31,0.983,646.09,6,298,2
162.27,14.39,29.44,6.25,149.8,220.72,0.997,648.11,6,299,2
73.75,3.2,33.6,16.04,813.96,91.91,0.012,390.94,7,0,0
73.92,3.19,33.6,16.03,811.28,92.39,0.007,390.35,7,1,0
73.81,3.18,33.6,16.0,811.51,93.01,0.004,391.03,7,2,0
73.65,3.15,33.6,16.05,810.67,92.26,0.007,390.07,7,3,0
73.98,3.16,33.58,16.0,812.27,92.87,0.006,388.57,7,4,0
74.21,3.18,33.6,16.07,815.72,92.42,0.005,389.18,7,5,0
73.9,3.18,33.58,15.97,814.31,92.77,0.006,390.84,7,6,0
74.05,3.19,33.56,15.9,814.09,92.52,0.008,391.76,7,7,0
73.76,3.19,33.56,15.91,813.72,91.97,0.004,392.99,7,8,0
73.9,3.2,33.56,15.84,811.31,92.0,-0.001,393.88,7,9,0
73.64,3.19,33.56,15.84,808.44,92.25,-0.002,393.71,7,10,0
73.29,3.2,33.55,15.8,810.69,91.71,0.002,392.56,7,11,0
73.65,3.18,33.57,15.84,813.9,91.19,-0.002,392.91,7,12,0
73.74,3.17,33.56,15.9,817.15,91.44,-0.004,392.01,7,13,0
73.7,3.18,33.56,15.9,815.1,90.72,-0.006,390.59,7,14,0
74.07,3.15,33.56,15.85,813.41,89.73,-0.003,391.61,7,15,0
73.99,3.17,33.56,15.78,810.2,90.35,-0.001,393.32,7,16,0
74.08,3.18,33.56,15.8,809.04,90.8,0.004,394.61,7,17,0
73.84,3.21,33.55,15.85,806.48,90.01,-0.001,394.34,7,18,0
73.67,3.22,33.54,15.88,807.89,89.43,0.002,392.65,7,19,0
73.77,3.19,33.53,15.95,806.06,88.77,0.005,393.23,7,20,0
73.74,3.17,33.52,15.91,806.31,88.84,0.006,393.83,7,21,0
73.95,3.16,33.5,15.94,803.74,89.78,0.01,393.22,7,22,0
74.26,3.18,33.5,15.92,802.27,88.81,0.012,393.4,7,23,0
73.98,3.19,33.5,15.83,800.12,88.96,0.013,394.57,7,24,0
73.73,3.16,33.5,15.81,802.67,89.36,0.009,393.01,7,25,0
73.6,3.18,33.52,15.72,805.76,89.7,0.009,394.12,7,26,0
73.34,3.17,33.51,15.65,803.52,89.21,0.011,393.42,7,27,0
73.39,3.14,33.5,15.6,802.64,88.69,0.014,392.65,7,28,0
73.25,3.12,33.51,15.64,800.95,88.12,0.012,394.47,7,29,0
73.44,3.14,33.49,15.6,797.42,88.25,0.008,396.39,7,30,0
73.63,3.12,33.47,15.5,797.23,89.13,0.007,396.98,7,31,0
73.26,3.12,33.46,15.44,795.82,89.34,0.004,398.57,7,32,0
73.6,3.1,33.46,15.44,796.2,90.01,0.004,397.34,7,33,0
73.92,3.1,33.47,15.39,796.33,89.91,0.007,398.91,7,34,0
73.68,3.11,33.48,15.39,795.51,90.77,0.011,397.21,7,35,0
74.02,3.13,33.47,15.41,797.42,89.91,0.01,396.19,7,36,0
73.71,3.12,33.48,15.44,799.02,89.6,0.007,396.0,7,37,0
74.02,3.11,33.49,15.4,796.27,90.59,0.012,397.87,7,38,0
74.2,3.11,33.51,15.36,792.63,91.39,0.011,398.78,7,39,0
74.43,3.1,33.52,15.29,792.76,92.22,0.01,397.06,7,40,0
74.76,3.1,33.53,15.26,792.64,93.21,0.012,398.02,7,41,0
74.74,3.1,33.55,15.22,790.35,94.12,0.013,399.52,7,42,0
75.07,3.12,33.53,15.17,789.18,94.26,0.009,398.31,7,43,0
75.07,3.11,33.54,15.22,791.5,93.54,0.005,397.22,7,44,0
75.45,3.12,33.54,15.21,787.98,93.76,0.007,397.76,7,45,0
75.63,3.12,33.55,15.21,786.77,93.69,0.004,396.45,7,46,0
75.89,3.09,33.56,15.15,789.81,93.89,-0.001,394.48,7,47,0
76.14,3.1,33.57,15.19,786.95,93.97,-0.001,396.23,7,48,0
76.39,3.12,33.57,15.12,786.7,94.21,0.003,394.88,7,49,0
76.41,3.1,33.57,15.14,788.97,94.38,-0.002,393.69,7,50,0
76.28,3.07,33.55,15.18,786.68,94.49,-0.004,395.56,7,51,0
76.28,3.08,33.56,15.21,788.94,93.94,-0.007,395.04,7,52,0
76.38,3.06,33.55,15.17,787.16,93.97,-0.003,396.65,7,53,0
76.26,3.08,33.55,15.21,784.47,93.7,0.001,396.13,7,54,0
76.52,3.07,33.56,15.13,780.82,93.58,-0.004,396.57,7,55,0
76.2,3.09,33.55,15.09,777.19,94.03,-0.004,394.69,7,56,0
76.19,3.11,33.54,14.99,779.71,94.64,0.001,393.96,7,57,0
76.22,3.14,33.53,14.96,780.78,94.55,0.002,392.22,7,58,0
76.6,3.14,33.52,14.95,782.2,93.9,-0.003,393.63,7,59,0
76.49,3.12,33.5,14.94,778.94,93.39,-0.002,395.59,7,60,0
76.42,3.12,33.51,14.86,777.43,94.07,-0.004,396.81,7,61,0
76.45,3.12,33.51,14.78,780.07,93.98,-0.003,396.71,7,62,0
76.62,3.1,33.51,14.88,778.39,94.72,-0.005,396.91,7,63,0
76.85,3.08,33.5,14.84,778.94,95.5,-0.004,396.01,7,64,0
76.82,3.07,33.48,14.76,779.64,94.73,-0.008,397.74,7,65,0
76.65,3.08,33.49,14.71,779.48,95.42,-0.006,397.67,7,66,0
76.87,3.09,33.48,14.81,782.56,96.09,-0.007,398.24,7,67,0
76.56,3.09,33.47,14.79,780.57,96.27,-0.008,398.25,7,68,0
76.69,3.07,33.47,14.72,778.49,96.31,-0.009,397.56,7,69,0
76.89,3.05,33.48,14.65,777.05,96.46,-0.011,399.15,7,70,0
77.02,3.03,33.49,14.67,777.76,95.72,-0.015,397.27,7,71,0
77.37,3.0,33.5,14.61,778.13,95.44,-0.015,398.43,7,72,0
77.68,3.03,33.5,14.54,780.65,95.45,-0.018,399.65,7,73,0
77.47,3.0,33.51,14.54,781.0,95.12,-0.02,399.17,7,74,0
77.66,3.0,33.52,14.46,781.27,95.35,-0.019,398.65,7,75,0
77.78,2.99,33.52,14.51,779.94,95.3,-0.021,398.26,7,76,0
77.5,2.96,33.53,14.57,783.06,96.07,-0.021,396.43,7,77,0
77.66,2.93,33.53,14.49,782.82,95.69,-0.024,398.15,7,78,0
77.98,2.94,33.51,14.44,784.82,96.0,-0.024,397.99,7,79,0
77.71,2.93,33.51,14.42,782.88,96.33,-0.024,396.31,7,80,0
77.82,2.9,33.53,14.51,786.3,95.49,-0.022,395.33,7,81,0
77.95,2.91,33.52,14.6,788.35,95.72,-0.02,396.02,7,82,0
78.24,2.89,33.54,14.53,787.9,95.79,-0.016,395.15,7,83,0
77.86,2.86,33.54,14.54,786.04,96.15,-0.015,393.42,7,84,0
78.09,2.86,33.54,14.46,782.14,95.79,-0.011,392.11,7,85,0
77.75,2.88,33.55,14.38,786.06,96.24,-0.01,390.39,7,86,0
78.12,2.87,33.53,14.43,788.56,96.6,-0.012,391.82,7,87,0
78.35,2.88,33.55,14.5,784.96,97.42,-0.012,392.78,7,88,0
78.58,2.91,33.53,14.59,788.75,97.16,-0.01,391.09,7,89,0
78.38,2.88,33.53,14.61,788.32,96.18,-0.011,391.92,7,90,0
78.1,2.87,33.54,14.63,791.89,96.11,-0.012,392.97,7,91,0
78.22,2.9,33.56,14.55,794.75,97.01,-0.014,392.48,7,92,0
78.05,2.91,33.56,14.46,794.19,96.82,-0.016,394.01,7,93,0
77.9,2.92,33.58,14.47,796.94,97.64,-0.011,395.57,7,94,0
77.97,2.9,33.57,14.5,796.19,96.69,-0.016,396.26,7,95,0
78.01,2.89,33.56,14.58,795.51,96.76,-0.013,394.47,7,96,0
78.03,2.87,33.57,14.6,797.92,96.44,-0.015,394.04,7,97,0
78.14,2.88,33.57,14.67,800.23,97.13,-0.015,394.27,7,98,0
78.32,2.86,33.59,14.62,798.89,96.8,-0.014,392.65,7,99,0
78.37,2.86,33.59,14.54,795.38,96.0,-0.009,393.64,7,100,0
78.3,2.88,33.6,14.58,791.43,96.0,-0.008,391.99,7,101,0
78.29,2.91,33.61,14.55,790.48,96.54,-0.003,391.02,7,102,0
78.2,2.91,33.62,14.65,790.84,95.68,-0.002,389.54,7,103,0
77.94,2.9,33.64,14.69,792.58,94.81,0.002,391.49,7,104,0
77.99,2.88,33.62,14.77,791.7,94.04,-0.002,391.26,7,105,0
77.68,2.91,33.61,14.7,791.08,94.77,0.001,392.19,7,106,0
77.6,2.91,33.6,14.65,788.74,93.98,-0.003,392.12,7,107,0
77.44,2.93,33.59,14.57,791.53,93.09,0.001,391.28,7,108,0
77.46,2.94,33.61,14.57,793.02,92.76,-0.003,390.43,7,109,0
77.25,2.92,33.6,14.47,793.38,92.95,-0.004,391.39,7,110,0
77.12,2.93,33.61,14.54,789.56,92.92,-0.004,390.46,7,111,0
77.1,2.96,33.6,14.62,792.03,93.9,-0.004,389.56,7,112,0
76.86,2.94,33.59,14.72,790.28,94.01,-0.002,389.92,7,113,0
76.58,2.96,33.61,14.69,788.84,93.49,-0.006,388.11,7,114,0
76.37,2.94,33.62,14.73,789.78,92.65,-0.002,388.31,7,115,0
76.68,2.97,33.61,14.7,788.07,92.58,0.003,389.22,7,116,0
76.49,2.99,33.61,14.64,791.14,92.83,-0.002,390.65,7,117,0
76.62,3.0,33.62,14.62,788.46,92.06,-0.004,390.9,7,118,0
76.3,2.98,33.64,14.56,787.49,92.48,-0.001,389.49,7,119,0
76.34,2.97,33.65,14.62,785.52,91.7,-0.005,390.2,7,120,0
76.41,2.97,33.66,14.54,782.58,91.82,-0.006,388.98,7,121,0
76.72,2.96,33.67,14.48,779.75,92.15,-0.002,388.21,7,122,0
76.91,2.96,33.68,14.54,776.38,91.25,-0.002,387.84,7,123,0
76.52,2.99,33.69,14.44,773.54,91.06,-0.006,388.54,7,124,0
76.5,2.96,33.68,14.51,774.57,91.65,-0.006,390.02,7,125,0
76.45,2.99,33.69,14.45,774.49,91.79,-0.01,388.12,7,126,0
76.13,3.02,33.69,14.37,771.86,91.43,-0.009,389.26,7,127,0
76.19,3.04,33.7,14.45,770.03,90.95,-0.007,389.22,7,128,0
76.16,3.04,33.7,14.36,770.05,90.95,-0.011,388.2,7,129,0
75.88,3.02,33.69,14.38,769.61,91.54,-0.011,389.56,7,130,0
75.92,3.01,33.7,14.46,768.71,92.49,-0.014,388.38,7,131,0
75.99,3.03,33.69,14.5,770.81,93.02,-0.012,390.28,7,132,0
75.68,3.03,33.71,14.59,769.26,93.8,-0.007,390.37,7,133,0
75.36,3.01,33.72,14.49,769.86,92.95,-0.004,391.38,7,134,0
75.09,3.04,33.73,14.57,773.07,93.9,-0.004,392.99,7,135,0
75.25,3.03,33.74,14.6,775.65,93.31,-0.007,394.45,7,136,0
75.17,3.03,33.74,14.55,772.3,94.21,-0.008,394.66,7,137,0
74.8,3.03,33.73,14.57,771.59,94.72,-0.009,393.86,7,138,0
74.59,3.01,33.74,14.67,774.21,94.27,-0.005,392.82,7,139,0
74.9,3.02,33.75,14.67,771.33,94.17,-0.001,392.39,7,140,0
74.83,3.05,33.74,14.71,774.25,93.85,-0.001,391.57,7,141,0
74.62,3.05,33.74,14.7,775.7,93.64,0.001,391.27,7,142,0
74.65,3.04,33.72,14.76,777.81,94.33,0.005,392.97,7,143,0
74.45,3.05,33.72,14.73,773.98,94.71,0.005,392.49,7,144,0
74.18,3.05,33.73,14.71,774.56,93.99,0.009,390.68,7,145,0
74.44,3.07,33.71,14.68,774.16,93.05,0.011,390.52,7,146,0
74.79,3.1,33.7,14.72,773.72,92.63,0.015,391.63,7,147,0
75.0,3.12,33.72,14.67,776.19,92.15,0.013,390.15,7,148,0
75.3,3.12,33.7,14.68,772.72,91.46,0.013,389.99,7,149,0
75.61,3.12,33.72,14.72,773.12,91.31,0.015,389.52,7,150,0
75.44,3.1,33.73,14.66,771.94,90.84,0.013,390.42,7,151,0
75.76,3.07,33.73,14.57,770.24,89.85,0.012,391.15,7,152,0
75.59,3.05,33.71,14.64,774.1,89.54,0.008,389.57,7,153,0
75.95,3.06,33.73,14.67,772.02,89.52,0.011,388.58,7,154,0
75.65,3.05,33.72,14.6,769.84,89.07,0.014,386.69,7,155,0
75.61,3.05,33.72,14.69,768.71,89.16,0.014,386.82,7,156,0
75.36,3.04,33.73,14.63,769.0,89.31,0.017,387.66,7,157,0
75.08,3.05,33.74,14.64,768.18,90.12,0.014,388.87,7,158,0
74.82,3.06,33.75,14.71,769.06,89.95,0.018,387.63,7,159,0
75.21,3.09,33.75,14.72,768.4,89.85,0.019,385.92,7,160,0
75.07,3.09,33.76,14.77,765.47,89.04,0.017,387.18,7,161,0
74.94,3.12,33.77,14.75,767.41,88.72,0.015,385.81,7,162,0
75.02,3.11,33.77,14.81,770.87,88.63,0.02,386.8,7,163,0
74.78,3.11,33.79,14.84,768.76,88.49,0.021,384.99,7,164,0
75.14,3.12,33.78,14.77,769.13,89.14,0.025,385.65,7,165,0
75.36,3.11,33.76,14.82,768.43,89.03,0.025,386.47,7,166,0
75.58,3.1,33.78,14.89,764.7,88.63,0.022,386.75,7,167,0
75.82,3.1,33.77,14.97,760.93,88.86,0.026,388.19,7,168,0
75.45,3.08,33.78,15.06,762.02,87.99,0.025,387.72,7,169,0
75.3,3.06,33.78,15.1,765.98,87.3,0.025,386.75,7,170,0
75.43,3.06,33.76,15.19,764.77,87.96,0.021,385.43,7,171,0
75.17,3.04,33.75,15.25,761.27,87.69,0.02,385.5,7,172,0
75.37,3.05,33.74,15.33,757.48,87.01,0.024,384.15,7,173,0
75.47,3.06,33.73,15.32,756.78,87.66,0.022,385.08,7,174,0
75.39,3.05,33.72,15.41,756.15,87.44,0.026,384.35,7,175,0
75.54,3.05,33.72,15.47,754.32,88.28,0.029,384.9,7,176,0
75.71,3.08,33.74,15.54,751.95,89.13,0.027,384.13,7,177,0
75.42,3.1,33.73,15.44,749.83,88.45,0.028,382.94,7,178,0
75.69,3.1,33.75,15.52,749.79,89.34,0.03,382.65,7,179,0
76.12,3.14,33.74,15.46,744.67,89.69,0.036,383.25,7,180,1
76.41,3.18,33.73,15.44,740.52,90.19,0.044,383.62,7,181,1
76.98,3.21,33.71,15.41,737.14,90.3,0.047,385.49,7,182,1
77.22,3.26,33.7,15.38,734.44,90.54,0.051,386.21,7,183,1
77.56,3.3,33.69,15.3,730.43,91.4,0.057,386.86,7,184,1
78.35,3.35,33.67,15.27,724.79,92.24,0.065,387.04,7,185,1
79.07,3.4,33.66,15.21,720.11,93.17,0.067,388.58,7,186,1
79.77,3.45,33.65,15.18,715.94,93.63,0.07,389.51,7,187,1
80.45,3.49,33.65,15.12,711.69,93.87,0.076,390.32,7,188,1
80.8,3.57,33.62,15.08,708.35,93.94,0.083,392.19,7,189,1
81.02,3.6,33.59,15.02,704.62,94.25,0.088,392.24,7,190,1
81.33,3.67,33.59,14.98,702.05,94.32,0.095,392.27,7,191,1
81.55,3.7,33.57,14.93,697.67,95.15,0.099,393.73,7,192,1
81.84,3.76,33.56,14.88,694.24,96.13,0.103,393.84,7,193,1
82.2,3.81,33.54,14.81,689.78,96.48,0.111,394.8,7,194,1
82.43,3.85,33.53,14.76,686.32,96.86,0.118,394.97,7,195,1
83.12,3.9,33.52,14.69,681.6,97.73,0.121,396.31,7,196,1
83.41,3.93,33.52,14.65,677.45,98.63,0.128,397.68,7,197,1
83.61,3.99,33.51,14.62,673.57,98.95,0.131,398.4,7,198,1
83.9,4.07,33.5,14.57,670.5,99.79,0.135,399.64,7,199,1
84.51,4.12,33.5,14.55,667.2,100.38,0.141,401.49,7,200,1
84.99,4.18,33.48,14.47,664.43,100.44,0.145,403.34,7,201,1
85.62,4.22,33.48,14.43,659.67,100.75,0.152,404.93,7,202,1
86.05,4.26,33.46,14.4,655.22,100.8,0.159,406.42,7,203,1
86.71,4.31,33.45,14.36,652.58,100.89,0.161,406.54,7,204,1
86.99,4.39,33.43,14.31,650.09,101.45,0.164,408.11,7,205,1
87.73,4.44,33.41,14.27,644.61,102.17,0.171,409.3,7,206,1
88.39,4.51,33.41,14.23,640.94,102.37,0.173,410.55,7,207,1
88.68,4.56,33.4,14.21,636.93,103.2,0.178,410.89,7,208,1
89.09,4.61,33.39,14.15,634.76,104.17,0.182,412.66,7,209,1
89.79,4.66,33.37,14.13,631.54,105.05,0.187,414.1,7,210,1
90.55,4.7,33.34,14.08,627.59,105.25,0.191,415.75,7,211,1
91.11,4.78,33.32,14.03,623.04,106.15,0.195,416.09,7,212,1
91.69,4.84,33.3,13.95,619.41,106.34,0.198,417.83,7,213,1
92.01,4.92,33.28,13.9,614.64,107.09,0.205,417.97,7,214,1
92.42,4.95,33.26,13.82,609.63,107.78,0.212,419.84,7,215,1
93.16,5.02,33.26,13.77,606.7,108.01,0.215,420.75,7,216,1
93.47,5.09,33.23,13.73,602.96,108.96,0.218,422.52,7,217,1
93.86,5.16,33.21,13.69,600.29,109.42,0.225,423.74,7,218,1
94.21,5.23,33.2,13.61,595.7,109.9,0.231,425.16,7,219,1
95.05,5.38,33.18,13.53,589.3,110.75,0.238,427.51,7,220,2
95.88,5.5,33.14,13.47,583.77,112.4,0.244,430.29,7,221,2
96.78,5.63,33.11,13.4,579.18,113.03,0.259,432.59,7,222,2
97.57,5.76,33.06,13.31,575.03,114.76,0.269,436.37,7,223,2
98.4,5.85,33.02,13.23,567.9,116.19,0.284,439.38,7,224,2
99.53,5.99,32.98,13.13,563.77,118.15,0.294,441.35,7,225,2
100.23,6.12,32.95,13.07,559.96,118.9,0.302,444.0,7,226,2
100.92,6.22,32.9,12.98,556.64,119.48,0.313,447.83,7,227,2
101.35,6.35,32.88,12.84,552.12,120.18,0.32,449.52,7,228,2
102.48,6.47,32.82,12.69,545.42,122.12,0.326,451.87,7,229,2
103.02,6.6,32.79,12.64,537.69,123.65,0.335,454.88,7,230,2
104.17,6.73,32.76,12.53,532.65,125.24,0.341,457.84,7,231,2
104.64,6.86,32.72,12.44,527.09,126.32,0.353,459.31,7,232,2
105.47,6.97,32.7,12.32,523.32,128.07,0.368,461.58,7,233,2
106.67,7.09,32.65,12.18,516.73,129.57,0.382,462.88,7,234,2
107.08,7.22,32.6,12.07,510.09,130.22,0.388,465.02,7,235,2
108.09,7.31,32.56,11.93,505.23,131.27,0.403,467.68,7,236,2
108.58,7.41,32.53,11.84,501.28,132.28,0.412,468.86,7,237,2
109.34,7.55,32.47,11.71,496.83,133.33,0.42,470.18,7,238,2
110.36,7.64,32.42,11.63,491.46,133.89,0.427,473.15,7,239,2
111.39,7.76,32.37,11.56,485.83,135.75,0.44,474.96,7,240,2
112.04,7.86,32.33,11.47,482.35,137.16,0.452,476.9,7,241,2
112.79,7.99,32.28,11.35,475.45,139.15,0.467,480.25,7,242,2
113.77,8.09,32.25,11.23,470.44,140.11,0.476,483.52,7,243,2
114.74,8.17,32.22,11.18,463.98,141.5,0.489,486.77,7,244,2
115.49,8.27,32.19,11.09,459.64,142.11,0.499,489.82,7,245,2
116.65,8.42,32.15,10.96,454.54,143.46,0.512,491.45,7,246,2
117.5,8.53,32.1,10.85,447.92,145.01,0.521,495.29,7,247,2
118.13,8.61,32.06,10.74,442.49,145.86,0.535,496.3,7,248,2
119.0,8.71,32.01,10.63,434.63,147.07,0.547,498.49,7,249,2
120.11,8.86,31.99,10.57,429.43,147.6,0.561,501.02,7,250,2
120.63,8.96,31.94,10.49,425.92,149.14,0.575,503.03,7,251,2
121.33,9.05,31.89,10.35,422.2,150.89,0.587,505.86,7,252,2
121.97,9.13,31.87,10.27,418.93,152.3,0.595,509.37,7,253,2
123.11,9.27,31.84,10.14,411.63,153.12,0.607,511.31,7,254,2
123.76,9.4,31.82,10.07,408.49,154.13,0.614,512.82,7,255,2
124.87,9.5,31.8,9.94,401.64,154.91,0.619,514.42,7,256,2
125.96,9.6,31.74,9.83,393.83,156.82,0.627,516.64,7,257,2
126.45,9.75,31.71,9.74,387.55,158.52,0.642,519.85,7,258,2
126.89,9.87,31.66,9.64,381.18,159.09,0.654,521.69,7,259,2
127.55,9.99,31.61,9.5,373.49,159.79,0.667,523.14,7,260,2
128.43,10.14,31.57,9.41,365.89,161.37,0.681,525.28,7,261,2
129.63,10.26,31.52,9.34,359.91,162.67,0.687,526.83,7,262,2
130.44,10.38,31.47,9.24,353.43,163.52,0.693,529.56,7,263,2
131.4,10.52,31.42,9.13,346.87,164.93,0.706,532.26,7,264,2
132.54,10.64,31.37,9.03,341.49,165.59,0.715,535.46,7,265,2
133.33,10.78,31.33,8.96,338.47,166.41,0.728,538.86,7,266,2
134.18,10.89,31.28,8.89,335.2,167.93,0.739,542.34,7,267,2
134.99,10.99,31.25,8.81,331.2,169.93,0.749,545.84,7,268,2
135.46,11.07,31.22,8.76,323.64,170.83,0.755,549.27,7,269,2
136.29,11.16,31.19,8.62,316.86,171.67,0.766,551.16,7,270,2
137.07,11.28,31.14,8.47,313.75,173.16,0.776,552.72,7,271,2
137.6,11.42,31.1,8.42,308.23,174.43,0.783,554.04,7,272,2
138.18,11.53,31.05,8.33,304.96,176.36,0.79,555.92,7,273,2
138.95,11.67,31.01,8.24,296.99,177.32,0.799,559.2,7,274,2
139.89,11.79,30.97,8.16,292.07,178.53,0.807,562.63,7,275,2
140.33,11.88,30.91,8.08,285.16,180.11,0.82,565.65,7,276,2
141.33,11.97,30.85,8.01,281.75,180.75,0.827,567.59,7,277,2
141.77,12.12,30.81,7.95,274.23,182.38,0.837,570.52,7,278,2
142.55,12.27,30.78,7.84,271.16,184.09,0.852,572.12,7,279,2
143.41,12.4,30.74,7.7,266.03,185.54,0.864,575.55,7,280,2
143.94,12.55,30.7,7.58,262.62,187.43,0.876,579.22,7,281,2
144.54,12.67,30.65,7.46,258.63,188.9,0.886,580.63,7,282,2
145.14,12.77,30.59,7.41,255.02,189.9,0.892,583.22,7,283,2
146.12,12.91,30.54,7.31,250.87,191.37,0.903,587.21,7,284,2
147.11,13.0,30.51,7.16,247.73,191.87,0.912,589.29,7,285,2
148.0,13.14,30.48,7.11,242.44,192.79,0.922,590.41,7,286,2
148.97,13.26,30.43,6.98,235.52,194.64,0.927,593.56,7,287,2
150.12,13.4,30.38,6.85,229.35,195.72,0.937,597.43,7,288,2
151.24,13.5,30.34,6.78,224.46,196.48,0.948,600.14,7,289,2
151.73,13.6,30.31,6.64,217.48,197.99,0.954,602.4,7,290,2
152.86,13.74,30.25,6.52,209.78,198.97,0.959,606.36,7,291,2
153.77,13.84,30.22,6.45,202.49,200.84,0.973,609.32,7,292,2
154.78,13.93,30.19,6.39,198.57,202.36,0.987,611.75,7,293,2
155.58,14.04,30.15,6.27,191.57,203.21,0.997,614.69,7,294,2
156.12,14.12,30.11,6.14,183.85,204.57,1.011,618.46,7,295,2
157.14,14.26,30.06,6.0,178.99,206.2,1.018,621.83,7,296,2
157.67,14.41,30.02,5.87,175.19,207.23,1.033,625.25,7,297,2
158.15,14.51,29.98,5.8,167.97,208.23,1.042,627.66,7,298,2
159.14,14.61,29.96,5.74,164.7,210.18,1.051,630.28,7,299,2
74.21,3.22,33.6,16.05,807.48,91.42,0.009,388.2,8,0,0
74.12,3.23,33.61,16.04,804.05,91.86,0.009,387.45,8,1,0
73.79,3.22,33.61,16.08,804.13,91.34,0.01,386.02,8,2,0
74.09,3.25,33.61,16.12,803.94,92.12,0.012,384.18,8,3,0
73.83,3.25,33.62,16.1,806.51,92.86,0.012,385.26,8,4,0
73.95,3.25,33.62,16.02,807.21,92.82,0.016,386.92,8,5,0
74.0,3.23,33.63,16.02,807.41,91.83,0.013,385.51,8,6,0
74.2,3.2,33.62,15.94,806.86,92.73,0.018,384.6,8,7,0
73.84,3.19,33.61,15.9,807.0,91.95,0.016,385.91,8,8,0
73.76,3.2,33.63,15.91,803.33,91.86,0.014,384.88,8,9,0
73.62,3.18,33.64,16.0,804.29,91.73,0.019,383.11,8,10,0
73.69,3.19,33.64,15.92,806.63,91.17,0.019,383.31,8,11,0
73.84,3.2,33.64,15.91,807.66,91.89,0.021,383.24,8,12,0
73.98,3.19,33.64,15.87,804.0,91.82,0.023,383.24,8,13,0
74.33,3.2,33.64,15.77,806.91,91.43,0.023,384.39,8,14,0
74.47,3.17,33.62,15.78,804.9,91.83,0.019,384.51,8,15,0
74.56,3.18,33.61,15.84,804.64,91.04,0.02,382.73,8,16,0
74.89,3.17,33.62,15.88,802.98,90.91,0.017,384.65,8,17,0
75.05,3.17,33.61,15.8,806.49,90.25,0.021,386.32,8,18,0
74.78,3.14,33.61,15.9,808.58,91.21,0.018,387.86,8,19,0
74.81,3.13,33.6,15.84,805.58,91.86,0.019,387.62,8,20,0
74.89,3.1,33.58,15.89,805.78,90.86,0.015,389.18,8,21,0
74.51,3.13,33.57,15.82,805.04,90.99,0.016,390.56,8,22,0
74.21,3.11,33.57,15.8,806.11,90.03,0.018,390.62,8,23,0
74.51,3.12,33.56,15.8,806.16,90.24,0.02,391.64,8,24,0
74.82,3.11,33.55,15.81,803.71,91.08,0.018,391.43,8,25,0
75.14,3.1,33.57,15.91,806.16,91.8,0.017,391.23,8,26,0
74.98,3.09,33.56,15.91,806.16,91.11,0.017,391.18,8,27,0
75.32,3.11,33.56,15.99,804.33,90.92,0.017,389.38,8,28,0
75.5,3.09,33.54,16.06,806.36,90.65,0.014,388.52,8,29,0
75.45,3.08,33.53,16.09,807.48,90.05,0.012,387.9,8,30,0
75.59,3.08,33.53,16.1,810.54,89.66,0.017,386.99,8,31,0
75.79,3.08,33.55,16.0,810.19,90.05,0.013,385.67,8,32,0
75.51,3.05,33.56,15.91,810.65,90.91,0.017,384.33,8,33,0
75.73,3.06,33.55,15.86,807.06,91.01,0.015,384.63,8,34,0
75.95,3.04,33.55,15.91,805.58,90.08,0.012,386.15,8,35,0
76.26,3.03,33.57,15.94,807.13,89.91,0.01,387.98,8,36,0
76.59,3.01,33.55,16.0,805.16,89.56,0.007,389.07,8,37,0
76.39,2.99,33.53,15.99,808.83,89.34,0.005,390.27,8,38,0
76.69,2.99,33.52,15.93,808.62,89.09,0.009,391.58,8,39,0
76.82,2.99,33.52,16.02,810.62,88.23,0.013,390.69,8,40,0
76.67,2.97,33.52,15.93,813.96,88.2,0.011,389.79,8,41,0
76.59,2.99,33.53,15.84,810.17,87.49,0.015,390.71,8,42,0
76.82,2.98,33.53,15.89,809.61,87.98,0.013,388.9,8,43,0
76.75,3.01,33.52,15.84,805.99,88.68,0.017,387.13,8,44,0
76.39,2.98,33.54,15.84,807.52,88.98,0.012,387.66,8,45,0
76.53,3.0,33.52,15.8,806.24,88.02,0.008,389.08,8,46,0
76.26,2.98,33.53,15.74,804.46,88.12,0.006,390.85,8,47,0
76.2,2.95,33.53,15.74,808.23,88.25,0.003,388.9,8,48,0
76.07,2.93,33.51,15.81,810.73,88.42,0.007,388.14,8,49,0
76.28,2.95,33.53,15.81,811.94,87.57,0.005,389.68,8,50,0
76.61,2.92,33.53,15.74,815.75,86.67,0.001,389.72,8,51,0
76.59,2.93,33.54,15.81,816.37,86.01,0.001,391.35,8,52,0
76.57,2.91,33.55,15.88,815.21,86.88,0.003,393.23,8,53,0
76.81,2.93,33.56,15.94,817.01,87.8,0.003,392.26,8,54,0
76.45,2.92,33.55,15.86,813.86,87.08,-0.0,392.58,8,55,0
76.84,2.93,33.54,15.87,815.57,87.83,0.001,392.07,8,56,0
76.88,2.93,33.55,15.95,814.54,86.89,0.004,390.55,8,57,0
76.95,2.93,33.57,16.03,812.46,87.59,-0.001,388.57,8,58,0
77.15,2.91,33.57,16.07,813.19,87.08,0.002,386.62,8,59,0
76.86,2.93,33.57,16.15,810.69,87.95,-0.002,386.07,8,60,0
76.5,2.91,33.56,16.07,812.14,88.39,-0.001,387.42,8,61,0
76.69,2.91,33.55,16.0,812.55,88.04,0.003,386.65,8,62,0
76.71,2.9,33.56,15.91,816.34,88.68,0.001,386.01,8,63,0
76.87,2.89,33.56,15.99,818.64,88.36,0.004,387.66,8,64,0
77.27,2.91,33.54,15.89,816.49,88.34,0.008,387.72,8,65,0
77.04,2.89,33.53,15.84,818.77,87.93,0.007,386.35,8,66,0
77.16,2.89,33.51,15.9,821.62,87.42,0.004,385.03,8,67,0
77.53,2.88,33.5,15.87,822.47,87.13,0.006,384.47,8,68,0
77.91,2.89,33.5,15.93,822.9,88.06,0.008,385.22,8,69,0
77.54,2.91,33.5,15.84,818.92,87.8,0.011,384.46,8,70,0
77.49,2.93,33.51,15.93,816.39,87.23,0.014,384.83,8,71,0
77.68,2.92,33.53,15.85,820.39,87.39,0.015,386.68,8,72,0
77.61,2.94,33.55,15.88,820.83,86.67,0.013,385.45,8,73,0
77.51,2.95,33.55,15.94,822.05,86.25,0.01,387.2,8,74,0
77.42,2.94,33.55,15.91,820.46,86.54,0.007,388.31,8,75,0
77.3,2.96,33.54,15.81,817.84,85.61,0.01,386.82,8,76,0
77.53,2.95,33.56,15.84,814.6,85.27,0.005,385.55,8,77,0
77.83,2.93,33.55,15.75,811.42,85.64,0.002,386.99,8,78,0
77.44,2.94,33.57,15.85,809.74,85.84,0.005,386.2,8,79,0
77.81,2.91,33.58,15.76,813.46,85.98,0.008,386.09,8,80,0
77.53,2.93,33.6,15.77,813.6,86.55,0.004,386.35,8,81,0
77.46,2.95,33.6,15.81,810.06,87.23,0.008,384.43,8,82,0
77.12,2.96,33.59,15.77,808.35,87.41,0.009,383.15,8,83,0
77.47,2.98,33.6,15.84,810.05,87.67,0.009,383.12,8,84,0
77.75,3.01,33.62,15.92,806.63,88.51,0.005,384.99,8,85,0
77.57,3.03,33.63,16.01,808.47,87.71,0.006,383.46,8,86,0
77.21,3.04,33.63,15.93,804.72,87.45,0.008,383.3,8,87,0
77.2,3.03,33.62,15.86,805.13,86.88,0.009,383.59,8,88,0
77.25,3.03,33.62,15.95,805.11,86.18,0.01,383.49,8,89,0
77.25,3.03,33.63,15.97,803.79,86.28,0.013,384.17,8,90,0
77.41,3.04,33.62,15.91,800.3,85.34,0.01,383.74,8,91,0
77.42,3.04,33.61,15.93,800.09,85.36,0.01,384.51,8,92,0
77.52,3.04,33.62,15.94,800.34,84.77,0.006,383.31,8,93,0
77.53,3.02,33.62,15.97,797.66,83.93,0.008,384.82,8,94,0
77.28,3.02,33.62,16.02,796.67,83.73,0.009,383.0,8,95,0
76.92,3.01,33.64,16.0,797.17,83.54,0.009,384.16,8,96,0
76.69,3.01,33.62,16.09,793.54,82.68,0.007,384.5,8,97,0
76.34,3.0,33.64,16.16,790.14,81.94,0.01,383.52,8,98,0
76.53,3.0,33.63,16.07,791.54,81.9,0.007,385.5,8,99,0
76.69,3.03,33.61,16.1,794.54,82.05,0.004,384.69,8,100,0
76.99,3.0,33.63,16.01,791.45,82.68,0.006,386.0,8,101,0
76.62,3.02,33.63,15.94,792.25,82.2,0.001,387.17,8,102,0
76.73,3.03,33.65,15.88,792.13,82.81,0.006,387.7,8,103,0
76.45,3.03,33.65,15.88,788.95,83.58,0.009,387.35,8,104,0
76.7,3.01,33.66,15.95,787.85,83.28,0.01,388.14,8,105,0
76.91,3.01,33.64,15.94,785.4,83.08,0.013,386.23,8,106,0
77.31,3.04,33.63,15.92,785.24,83.5,0.015,386.94,8,107,0
77.28,3.05,33.63,15.84,789.19,82.76,0.015,386.35,8,108,0
77.49,3.04,33.62,15.77,786.32,81.79,0.015,386.92,8,109,0
77.87,3.04,33.64,15.77,789.36,81.67,0.015,386.09,8,110,0
77.77,3.01,33.65,15.8,793.0,81.75,0.015,387.94,8,111,0
78.16,3.02,33.65,15.72,793.6,82.0,0.011,388.17,8,112,0
78.44,3.04,33.66,15.74,792.83,82.71,0.014,389.51,8,113,0
78.17,3.03,33.66,15.7,793.24,83.51,0.011,389.27,8,114,0
78.26,3.06,33.66,15.79,789.27,82.87,0.011,390.46,8,115,0
78.03,3.03,33.66,15.7,792.5,82.41,0.009,391.84,8,116,0
77.84,3.03,33.68,15.68,792.76,82.12,0.008,393.32,8,117,0
78.07,3.02,33.66,15.78,794.79,82.81,0.008,394.36,8,118,0
77.72,3.05,33.67,15.69,792.62,81.88,0.01,393.28,8,119,0
78.06,3.02,33.68,15.75,795.03,82.22,0.012,393.13,8,120,0
78.32,3.01,33.68,15.67,796.14,82.31,0.01,391.77,8,121,0
78.25,3.01,33.66,15.72,792.7,82.14,0.009,390.36,8,122,0
78.52,3.03,33.65,15.67,790.14,82.03,0.01,390.15,8,123,0
78.4,3.02,33.66,15.68,792.08,81.45,0.008,390.89,8,124,0
78.39,3.05,33.65,15.71,794.59,81.32,0.012,392.2,8,125,0
78.65,3.03,33.64,15.74,794.23,81.48,0.013,390.6,8,126,0
78.7,3.0,33.63,15.76,796.34,82.02,0.015,389.78,8,127,0
78.86,2.99,33.65,15.75,792.55,83.01,0.013,388.19,8,128,0
78.67,3.02,33.65,15.73,795.25,83.66,0.017,388.23,8,129,0
78.39,3.04,33.66,15.74,792.11,83.15,0.018,386.37,8,130,0
78.56,3.06,33.65,15.71,788.55,83.04,0.014,387.75,8,131,0
78.2,3.03,33.67,15.76,792.39,82.26,0.012,388.26,8,132,0
78.5,3.01,33.67,15.76,793.52,81.78,0.011,387.58,8,133,0
78.26,3.03,33.67,15.67,791.23,82.58,0.009,386.86,8,134,0
78.43,3.01,33.65,15.62,793.4,81.72,0.008,385.09,8,135,0
78.33,3.0,33.66,15.63,797.37,82.06,0.004,385.58,8,136,0
78.49,2.99,33.68,15.71,794.43,82.59,0.007,387.5,8,137,0
78.68,3.01,33.7,15.79,792.16,83.45,0.009,388.52,8,138,0
78.86,2.98,33.68,15.89,790.9,83.31,0.009,388.79,8,139,0
79.01,2.97,33.7,15.81,793.7,84.04,0.005,387.75,8,140,0
79.22,2.94,33.7,15.81,791.64,84.98,0.003,389.41,8,141,0
79.48,2.96,33.7,15.86,790.77,85.5,0.003,387.72,8,142,0
79.37,2.96,33.7,15.92,790.71,86.12,0.0,386.14,8,143,0
79.68,2.97,33.69,15.94,793.47,85.22,-0.003,385.35,8,144,0
79.99,2.96,33.7,15.96,796.93,85.94,-0.007,384.38,8,145,0
79.76,2.95,33.69,15.9,800.64,86.25,-0.009,385.0,8,146,0
79.57,2.98,33.69,15.93,802.2,87.18,-0.012,383.33,8,147,0
79.91,2.95,33.7,15.99,803.34,87.98,-0.014,383.53,8,148,0
79.58,2.94,33.7,15.99,801.29,88.33,-0.013,384.12,8,149,0
79.91,2.92,33.69,16.05,800.37,89.22,-0.015,385.33,8,150,0
79.75,2.92,33.68,16.0,797.99,88.26,-0.017,383.35,8,151,0
79.46,2.91,33.68,16.08,797.53,88.73,-0.022,384.91,8,152,0
79.08,2.89,33.7,16.05,799.47,89.67,-0.022,386.75,8,153,0
79.38,2.9,33.7,16.1,801.77,88.72,-0.018,385.94,8,154,0
79.12,2.92,33.68,16.19,805.07,88.13,-0.013,385.98,8,155,0
78.78,2.94,33.7,16.24,808.2,88.58,-0.015,387.31,8,156,0
78.5,2.91,33.69,16.25,806.66,88.4,-0.018,387.13,8,157,0
78.12,2.93,33.7,16.35,808.42,87.71,-0.016,385.94,8,158,0
77.77,2.91,33.71,16.36,806.78,86.87,-0.016,386.89,8,159,0
77.38,2.92,33.7,16.39,807.81,87.04,-0.02,386.8,8,160,0
77.2,2.95,33.7,16.3,804.7,86.91,-0.017,386.55,8,161,0
77.35,2.97,33.69,16.23,808.16,86.11,-0.015,386.31,8,162,0
76.96,2.99,33.7,16.3,811.58,86.3,-0.01,385.75,8,163,0
77.36,2.98,33.7,16.27,810.11,85.86,-0.008,386.01,8,164,0
77.32,2.99,33.69,16.17,811.88,85.71,-0.013,384.95,8,165,0
77.48,3.01,33.69,16.17,815.44,86.42,-0.013,385.01,8,166,0
77.78,3.03,33.67,16.25,818.89,85.6,-0.012,385.67,8,167,0
77.93,3.01,33.68,16.27,816.96,84.76,-0.011,386.57,8,168,0
78.16,3.01,33.7,16.19,814.03,85.47,-0.006,386.32,8,169,0
78.33,3.03,33.68,16.21,815.02,85.95,-0.01,386.78,8,170,0
78.44,3.06,33.67,16.28,817.03,85.91,-0.008,388.78,8,171,0
78.77,3.06,33.66,16.27,817.01,86.4,-0.004,388.21,8,172,0
78.81,3.05,33.65,16.23,816.42,86.82,-0.006,386.69,8,173,0
78.69,3.02,33.64,16.15,816.94,86.52,-0.005,386.03,8,174,0
78.6,3.03,33.64,16.11,815.66,87.36,-0.008,386.21,8,175,0
78.61,3.05,33.64,16.04,816.13,87.93,-0.007,384.33,8,176,0
78.47,3.07,33.64,16.04,813.88,87.29,-0.012,384.35,8,177,0
78.12,3.08,33.65,16.13,816.83,87.19,-0.016,385.68,8,178,0
78.48,3.07,33.63,16.08,818.67,86.28,-0.015,384.87,8,179,0
78.97,3.13,33.63,16.02,815.67,86.42,-0.013,386.83,8,180,1
79.6,3.19,33.6,15.95,809.9,87.0,-0.01,387.65,8,181,1
80.32,3.25,33.59,15.88,804.55,87.77,-0.008,389.12,8,182,1
80.57,3.29,33.58,15.8,800.17,88.25,-0.001,390.48,8,183,1
81.29,3.36,33.55,15.78,795.46,88.52,0.003,392.19,8,184,1
81.75,3.43,33.55,15.72,790.33,88.88,0.009,393.85,8,185,1
82.49,3.46,33.53,15.65,785.15,89.38,0.015,394.83,8,186,1
82.87,3.5,33.51,15.63,779.72,89.49,0.021,395.42,8,187,1
83.17,3.56,33.5,15.61,774.44,90.38,0.027,396.79,8,188,1
83.42,3.62,33.48,15.53,770.56,90.48,0.032,398.31,8,189,1
84.21,3.69,33.46,15.51,767.1,91.42,0.039,398.92,8,190,1
84.72,3.73,33.45,15.49,763.47,91.68,0.046,400.25,8,191,1
85.45,3.77,33.42,15.47,758.91,92.37,0.049,402.02,8,192,1
85.94,3.83,33.41,15.4,755.29,92.58,0.055,402.61,8,193,1
86.21,3.88,33.4,15.38,752.31,92.69,0.061,403.0,8,194,1
86.82,3.95,33.38,15.35,747.33,92.84,0.066,403.41,8,195,1
87.21,4.02,33.36,15.31,742.52,92.96,0.073,404.43,8,196,1
87.44,4.08,33.33,15.24,738.95,93.7,0.078,406.08,8,197,1
87.82,4.14,33.33,15.18,733.58,94.28,0.081,406.86,8,198,1
88.43,4.2,33.3,15.16,730.83,94.52,0.085,407.5,8,199,1
88.76,4.26,33.29,15.08,724.89,94.57,0.09,408.76,8,200,1
88.98,4.33,33.28,15.02,719.25,94.84,0.092,409.01,8,201,1
89.65,4.37,33.27,14.95,714.1,95.63,0.094,410.84,8,202,1
90.42,4.4,33.26,14.92,710.85,96.07,0.099,411.47,8,203,1
90.72,4.48,33.26,14.85,706.1,96.97,0.104,413.23,8,204,1
91.05,4.54,33.24,14.81,700.4,97.09,0.108,414.36,8,205,1
91.74,4.59,33.24,14.76,696.89,97.4,0.113,416.13,8,206,1
92.03,4.66,33.24,14.72,692.8,97.86,0.119,416.35,8,207,1
92.42,4.72,33.22,14.65,690.38,98.77,0.124,418.04,8,208,1
92.87,4.8,33.19,14.58,686.22,99.35,0.131,419.25,8,209,1
93.45,4.86,33.17,14.55,683.74,100.06,0.134,419.29,8,210,1
94.04,4.9,33.16,14.49,679.33,100.35,0.137,420.24,8,211,1
94.38,4.97,33.13,14.46,676.33,100.73,0.143,420.53,8,212,1
95.03,5.04,33.12,14.43,673.49,100.85,0.149,421.89,8,213,1
95.65,5.12,33.11,14.36,668.75,101.28,0.153,422.36,8,214,1
95.91,5.2,33.1,14.34,663.56,102.14,0.158,422.66,8,215,1
96.58,5.24,33.09,14.29,661.45,102.68,0.163,422.71,8,216,1
97.34,5.3,33.09,14.21,656.51,103.32,0.166,423.42,8,217,1
97.69,5.37,33.08,14.17,651.48,103.85,0.169,424.6,8,218,1
98.03,5.42,33.05,14.14,649.28,104.68,0.176,425.51,8,219,1
99.05,5.57,33.01,14.03,643.4,106.47,0.187,427.07,8,220,2
99.68,5.69,32.99,13.89,635.98,107.0,0.201,429.95,8,221,2
100.25,5.8,32.95,13.74,631.6,107.89,0.209,433.39,8,222,2
100.88,5.91,32.89,13.66,627.23,109.35,0.215,435.99,8,223,2
102.04,6.02,32.85,13.6,622.08,111.16,0.227,438.26,8,224,2
102.6,6.17,32.79,13.47,616.2,111.8,0.242,440.57,8,225,2
103.02,6.29,32.74,13.35,611.4,113.32,0.25,443.91,8,226,2
103.82,6.39,32.72,13.27,608.09,115.3,0.255,445.48,8,227,2
104.4,6.49,32.69,13.21,600.63,117.18,0.265,448.38,8,228,2
105.28,6.59,32.65,13.11,592.86,118.45,0.28,450.91,8,229,2
105.9,6.74,32.61,12.96,585.76,119.26,0.293,454.14,8,230,2
106.46,6.87,32.58,12.86,578.6,121.03,0.306,456.52,8,231,2
107.38,6.97,32.53,12.8,573.73,121.73,0.315,457.63,8,232,2
107.79,7.07,32.5,12.68,569.15,122.31,0.321,459.78,8,233,2
108.92,7.16,32.48,12.6,562.18,123.02,0.33,463.06,8,234,2
109.36,7.28,32.44,12.54,554.92,123.88,0.342,466.84,8,235,2
110.23,7.4,32.38,12.43,550.53,124.71,0.357,470.19,8,236,2
111.13,7.52,32.35,12.35,543.98,125.59,0.366,471.8,8,237,2
111.73,7.6,32.32,12.22,536.37,127.46,0.372,473.19,8,238,2
112.28,7.74,32.3,12.16,530.91,128.02,0.385,474.55,8,239,2
112.98,7.85,32.27,12.01,526.87,129.52,0.39,475.76,8,240,2
113.65,7.94,32.23,11.88,522.91,130.28,0.404,479.17,8,241,2
114.66,8.06,32.18,11.82,519.71,131.96,0.416,482.45,8,242,2
115.42,8.16,32.13,11.76,512.1,133.28,0.431,483.92,8,243,2
116.5,8.29,32.08,11.67,508.04,134.55,0.438,485.02,8,244,2
117.16,8.42,32.03,11.56,503.55,135.09,0.452,487.9,8,245,2
117.72,8.52,31.99,11.44,498.3,136.14,0.46,491.65,8,246,2
118.84,8.66,31.95,11.32,494.49,136.72,0.467,494.75,8,247,2
119.43,8.77,31.9,11.23,488.53,137.57,0.474,497.15,8,248,2
120.53,8.91,31.86,11.15,485.46,139.4,0.488,499.58,8,249,2
121.04,9.02,31.82,11.1,479.11,140.18,0.495,501.23,8,250,2
122.18,9.13,31.78,11.03,475.42,140.68,0.501,503.95,8,251,2
122.91,9.23,31.74,10.98,468.61,141.44,0.515,507.12,8,252,2
123.86,9.32,31.71,10.93,462.61,143.06,0.53,509.63,8,253,2
124.66,9.45,31.67,10.85,457.37,144.49,0.544,510.87,8,254,2
125.57,9.58,31.63,10.79,454.21,145.47,0.549,512.85,8,255,2
126.43,9.71,31.59,10.7,449.72,146.79,0.562,515.0,8,256,2
127.52,9.79,31.55,10.6,441.9,148.58,0.568,516.92,8,257,2
128.66,9.91,31.5,10.54,438.48,150.16,0.576,519.73,8,258,2
129.59,10.03,31.45,10.44,430.84,151.68,0.588,522.63,8,259,2
130.66,10.16,31.4,10.31,425.4,153.58,0.597,526.08,8,260,2
131.65,10.28,31.34,10.23,419.22,154.67,0.61,529.64,8,261,2
132.06,10.37,31.3,10.1,414.66,156.24,0.618,533.53,8,262,2
132.91,10.51,31.26,10.01,407.09,158.05,0.628,534.63,8,263,2
133.53,10.66,31.23,9.88,403.97,160.01,0.642,536.54,8,264,2
134.63,10.78,31.19,9.73,398.5,161.74,0.648,539.07,8,265,2
135.56,10.89,31.14,9.59,392.16,162.84,0.661,541.38,8,266,2
136.01,11.04,31.09,9.48,388.34,164.05,0.666,543.9,8,267,2
137.11,11.13,31.03,9.34,381.2,164.82,0.677,545.47,8,268,2
137.88,11.22,31.01,9.29,377.92,166.14,0.687,546.8,8,269,2
139.02,11.32,30.96,9.2,374.84,168.11,0.698,549.45,8,270,2
139.57,11.41,30.91,9.1,370.08,169.03,0.705,553.11,8,271,2
140.74,11.55,30.88,8.98,363.25,170.11,0.712,555.22,8,272,2
141.81,11.65,30.82,8.93,358.34,170.83,0.726,558.0,8,273,2
142.64,11.78,30.77,8.81,351.32,171.68,0.733,559.5,8,274,2
143.58,11.86,30.72,8.75,347.18,172.7,0.741,561.01,8,275,2
144.35,11.95,30.7,8.68,341.32,174.56,0.748,563.75,8,276,2
145.35,12.08,30.66,8.63,335.55,176.4,0.755,565.26,8,277,2
146.21,12.17,30.6,8.55,327.6,177.5,0.761,567.71,8,278,2
146.83,12.31,30.58,8.5,323.48,179.33,0.769,570.78,8,279,2
147.25,12.41,30.56,8.4,319.72,180.25,0.78,574.04,8,280,2
148.27,12.5,30.52,8.26,314.81,182.22,0.794,577.43,8,281,2
149.28,12.6,30.48,8.16,308.05,183.69,0.809,579.54,8,282,2
150.15,12.71,30.46,8.06,303.88,184.68,0.817,582.08,8,283,2
151.31,12.84,30.44,7.92,299.67,186.22,0.826,583.77,8,284,2
151.77,12.98,30.41,7.78,295.35,187.62,0.84,585.0,8,285,2
152.4,13.08,30.38,7.7,287.87,189.33,0.854,588.52,8,286,2
153.56,13.18,30.33,7.57,280.88,190.63,0.869,592.31,8,287,2
154.33,13.28,30.29,7.51,274.1,192.51,0.881,596.05,8,288,2
154.94,13.39,30.24,7.36,266.85,194.39,0.896,599.19,8,289,2
155.43,13.47,30.21,7.27,262.85,196.24,0.905,602.72,8,290,2
156.38,13.6,30.19,7.14,255.5,198.2,0.912,605.58,8,291,2
157.09,13.74,30.14,7.03,252.42,199.42,0.925,609.28,8,292,2
157.87,13.85,30.08,6.92,246.28,200.53,0.934,612.72,8,293,2
158.53,13.95,30.05,6.81,242.36,201.22,0.948,616.36,8,294,2
159.6,14.05,30.0,6.67,236.08,201.84,0.956,619.65,8,295,2
160.23,14.2,29.96,6.55,231.8,203.38,0.967,622.5,8,296,2
160.74,14.28,29.93,6.46,228.32,204.98,0.977,623.54,8,297,2
161.74,14.4,29.91,6.39,223.39,205.96,0.984,624.85,8,298,2
162.72,14.51,29.88,6.33,216.55,207.49,0.992,627.73,8,299,2
73.83,3.22,33.61,15.92,809.42,92.99,0.007,389.23,9,0,0
73.5,3.24,33.61,15.88,807.1,93.39,0.005,388.44,9,1,0
73.64,3.24,33.63,15.9,804.86,93.73,0.009,388.43,9,2,0
73.56,3.24,33.61,15.94,801.04,93.06,0.006,388.39,9,3,0
73.43,3.23,33.6,15.92,802.32,93.38,0.004,387.9,9,4,0
73.09,3.21,33.59,15.94,805.21,94.33,0.006,388.7,9,5,0
73.17,3.19,33.57,15.84,808.34,94.57,0.004,389.49,9,6,0
72.85,3.17,33.59,15.75,811.01,94.29,0.005,388.9,9,7,0
72.48,3.17,33.59,15.78,810.93,94.4,0.002,387.05,9,8,0
72.86,3.14,33.6,15.86,807.18,93.56,0.006,388.4,9,9,0
73.23,3.15,33.6,15.85,806.75,94.22,0.004,388.96,9,10,0
72.92,3.15,33.61,15.81,804.11,94.56,0.006,388.99,9,11,0
73.26,3.15,33.6,15.79,806.0,94.82,0.004,389.4,9,12,0
73.33,3.12,33.61,15.88,802.88,93.84,0.001,388.05,9,13,0
73.34,3.09,33.61,15.94,804.4,94.44,0.006,389.2,9,14,0
73.06,3.09,33.61,15.93,806.11,94.11,0.011,388.74,9,15,0
73.43,3.07,33.6,16.02,805.69,94.49,0.007,387.4,9,16,0
73.45,3.08,33.59,16.04,803.58,94.18,0.008,388.4,9,17,0
73.49,3.1,33.59,16.07,804.82,94.71,0.009,387.99,9,18,0
73.17,3.1,33.57,16.01,801.13,94.33,0.01,387.52,9,19,0
72.98,3.09,33.59,16.05,805.02,94.25,0.012,389.16,9,20,0
73.22,3.12,33.59,16.05,802.68,93.81,0.01,387.37,9,21,0
73.32,3.14,33.61,16.07,803.06,94.19,0.015,389.21,9,22,0
73.32,3.16,33.59,16.12,804.04,93.94,0.015,388.06,9,23,0
73.23,3.16,33.58,16.11,800.9,94.09,0.016,389.24,9,24,0
73.42,3.16,33.6,16.2,803.88,94.16,0.018,388.51,9,25,0
73.69,3.18,33.59,16.26,800.94,94.01,0.017,389.1,9,26,0
73.88,3.16,33.6,16.25,797.71,94.75,0.016,390.19,9,27,0
73.57,3.16,33.62,16.19,798.92,95.38,0.018,390.8,9,28,0
73.58,3.15,33.63,16.26,795.25,94.93,0.022,392.59,9,29,0
73.71,3.12,33.63,16.24,793.45,94.09,0.017,393.18,9,30,0
73.36,3.11,33.62,16.2,797.34,93.37,0.015,392.67,9,31,0
73.73,3.13,33.62,16.28,800.78,92.88,0.013,392.67,9,32,0
73.56,3.16,33.6,16.36,799.46,92.31,0.014,392.1,9,33,0
73.21,3.13,33.61,16.35,795.98,92.49,0.01,392.33,9,34,0
72.91,3.12,33.61,16.25,799.16,93.0,0.007,393.94,9,35,0
72.92,3.1,33.6,16.29,798.73,92.92,0.006,394.39,9,36,0
73.24,3.09,33.59,16.23,797.07,92.71,0.003,393.78,9,37,0
73.08,3.07,33.6,16.3,800.41,93.5,0.006,393.26,9,38,0
73.3,3.05,33.59,16.23,803.99,93.3,0.009,395.15,9,39,0
73.69,3.03,33.6,16.21,802.0,93.39,0.014,395.36,9,40,0
74.08,3.05,33.6,16.28,798.73,93.09,0.016,394.44,9,41,0
73.72,3.03,33.61,16.19,796.07,92.23,0.018,393.03,9,42,0
73.76,3.02,33.59,16.24,794.77,92.02,0.018,393.04,9,43,0
74.15,2.99,33.6,16.33,796.91,91.97,0.021,394.37,9,44,0
74.03,2.98,33.62,16.34,797.36,92.04,0.017,394.24,9,45,0
74.35,2.97,33.64,16.31,798.63,91.97,0.018,395.79,9,46,0
74.57,2.97,33.66,16.22,801.17,92.5,0.019,397.51,9,47,0
74.22,2.98,33.65,16.13,798.16,92.61,0.023,399.49,9,48,0
73.83,2.98,33.65,16.09,800.59,92.81,0.022,399.34,9,49,0
73.78,2.98,33.64,16.01,798.68,91.99,0.023,399.75,9,50,0
73.67,2.98,33.66,16.08,802.16,91.05,0.026,399.72,9,51,0
73.81,2.98,33.64,16.0,805.92,90.63,0.029,400.92,9,52,0
74.07,2.98,33.63,16.06,802.85,90.71,0.03,399.81,9,53,0
73.73,2.99,33.63,16.06,801.19,90.36,0.032,398.49,9,54,0
73.74,2.97,33.64,16.16,801.34,91.25,0.029,397.22,9,55,0
73.39,2.99,33.63,16.22,804.0,91.29,0.025,398.49,9,56,0
73.47,3.02,33.64,16.19,800.49,91.93,0.025,399.34,9,57,0
73.46,3.01,33.65,16.25,803.26,92.81,0.026,400.66,9,58,0
73.85,3.04,33.63,16.31,803.99,93.62,0.031,401.56,9,59,0
74.16,3.05,33.62,16.39,804.59,94.21,0.031,399.83,9,60,0
74.44,3.07,33.63,16.41,804.34,94.42,0.027,401.42,9,61,0
74.35,3.1,33.61,16.41,803.1,94.67,0.024,402.48,9,62,0
74.52,3.12,33.63,16.41,801.41,94.07,0.026,401.1,9,63,0
74.57,3.12,33.62,16.49,804.44,95.0,0.029,400.65,9,64,0
74.85,3.14,33.62,16.49,803.3,94.9,0.032,401.3,9,65,0
74.69,3.12,33.63,16.49,804.43,95.78,0.03,403.03,9,66,0
74.8,3.1,33.62,16.48,803.31,94.98,0.027,404.97,9,67,0
74.44,3.1,33.61,16.52,804.22,95.27,0.028,403.99,9,68,0
74.66,3.11,33.61,16.46,803.94,96.22,0.024,404.08,9,69,0
74.94,3.1,33.59,16.53,803.94,95.88,0.02,404.02,9,70,0
75.29,3.08,33.6,16.51,804.34,95.34,0.017,404.96,9,71,0
75.02,3.11,33.6,16.45,804.57,95.96,0.014,403.1,9,72,0
75.2,3.13,33.59,16.48,808.36,95.3,0.017,403.47,9,73,0
75.48,3.11,33.6,16.42,807.26,94.57,0.02,403.2,9,74,0
75.2,3.13,33.62,16.51,807.96,94.35,0.018,403.43,9,75,0
75.07,3.14,33.6,16.51,811.8,94.4,0.016,401.55,9,76,0
75.3,3.14,33.59,16.55,814.27,94.47,0.016,400.64,9,77,0
75.53,3.12,33.57,16.49,816.06,94.21,0.02,401.22,9,78,0
75.77,3.11,33.55,16.57,815.07,93.42,0.022,400.43,9,79,0
76.09,3.1,33.53,16.6,816.15,94.31,0.023,398.99,9,80,0
75.96,3.11,33.53,16.58,819.32,93.82,0.025,399.13,9,81,0
76.1,3.11,33.53,16.62,816.83,92.99,0.023,398.71,9,82,0
76.34,3.1,33.52,16.72,818.08,92.89,0.02,398.21,9,83,0
76.37,3.11,33.54,16.66,821.91,93.15,0.017,396.87,9,84,0
76.06,3.13,33.55,16.57,818.74,93.3,0.017,397.71,9,85,0
76.09,3.11,33.54,16.51,816.47,92.48,0.02,397.2,9,86,0
75.71,3.08,33.53,16.6,820.24,91.84,0.017,396.92,9,87,0
75.65,3.1,33.51,16.5,819.81,92.14,0.014,398.07,9,88,0
75.37,3.11,33.51,16.49,816.81,92.22,0.019,396.47,9,89,0
75.59,3.1,33.53,16.48,816.41,92.43,0.016,395.4,9,90,0
75.74,3.08,33.53,16.43,818.06,91.96,0.02,396.94,9,91,0
75.73,3.08,33.52,16.39,822.05,92.44,0.018,397.86,9,92,0
75.34,3.1,33.5,16.3,823.04,91.58,0.023,397.42,9,93,0
75.01,3.11,33.52,16.22,821.14,92.18,0.027,396.57,9,94,0
75.35,3.11,33.52,16.18,819.07,92.32,0.022,397.1,9,95,0
75.35,3.11,33.5,16.21,818.83,93.28,0.019,395.72,9,96,0
75.6,3.1,33.5,16.29,817.46,93.73,0.02,396.83,9,97,0
75.93,3.1,33.48,16.24,819.88,94.5,0.019,397.47,9,98,0
75.89,3.1,33.49,16.14,820.32,95.11,0.015,396.85,9,99,0
75.86,3.13,33.5,16.09,823.14,96.06,0.011,398.6,9,100,0
75.77,3.15,33.5,16.16,819.24,95.16,0.016,399.93,9,101,0
75.38,3.16,33.5,16.08,821.85,95.25,0.019,400.58,9,102,0
75.68,3.15,33.51,16.09,818.27,94.73,0.021,399.8,9,103,0
75.48,3.14,33.53,16.06,817.51,95.71,0.026,399.75,9,104,0
75.82,3.12,33.54,16.13,813.77,95.93,0.031,398.02,9,105,0
76.06,3.12,33.53,16.05,813.58,95.49,0.03,398.03,9,106,0
76.27,3.15,33.54,16.09,810.87,95.68,0.03,397.99,9,107,0
76.56,3.13,33.55,16.09,810.64,95.02,0.034,397.14,9,108,0
76.49,3.1,33.54,16.02,811.41,94.71,0.038,397.86,9,109,0
76.12,3.09,33.56,15.96,813.41,94.6,0.04,397.0,9,110,0
76.36,3.06,33.56,15.98,811.76,93.64,0.044,397.26,9,111,0
76.72,3.04,33.55,16.06,809.6,93.92,0.044,399.14,9,112,0
76.46,3.05,33.56,16.13,805.95,94.59,0.046,397.7,9,113,0
76.09,3.06,33.54,16.07,802.2,94.83,0.051,396.32,9,114,0
76.19,3.09,33.56,16.0,801.99,94.62,0.049,395.94,9,115,0
76.41,3.1,33.55,16.06,804.67,93.9,0.052,397.28,9,116,0
76.07,3.09,33.54,15.99,801.09,92.99,0.048,395.73,9,117,0
76.1,3.08,33.55,15.93,798.66,92.67,0.05,394.16,9,118,0
76.12,3.08,33.54,15.98,797.14,93.04,0.055,393.61,9,119,0
76.27,3.1,33.54,16.05,795.15,93.25,0.05,395.06,9,120,0
76.65,3.12,33.55,16.08,796.81,93.22,0.052,394.58,9,121,0
76.99,3.14,33.56,16.16,794.88,94.06,0.049,394.24,9,122,0
76.75,3.12,33.56,16.17,796.14,95.06,0.054,394.15,9,123,0
76.92,3.1,33.58,16.17,798.41,94.49,0.049,392.94,9,124,0
77.07,3.13,33.57,16.25,797.24,95.15,0.053,391.01,9,125,0
76.67,3.11,33.55,16.24,801.21,94.49,0.05,392.56,9,126,0
76.7,3.12,33.55,16.2,800.18,93.61,0.048,392.48,9,127,0
76.6,3.11,33.55,16.24,800.03,94.4,0.046,393.65,9,128,0
76.31,3.08,33.56,16.19,802.23,94.62,0.045,393.53,9,129,0
76.11,3.08,33.58,16.1,802.18,94.61,0.046,393.5,9,130,0
76.44,3.09,33.59,16.03,801.17,94.58,0.05,393.49,9,131,0
76.56,3.09,33.6,16.02,803.09,94.49,0.05,392.85,9,132,0
76.4,3.11,33.6,16.0,802.89,95.25,0.053,390.86,9,133,0
76.55,3.1,33.58,15.96,801.46,96.17,0.053,389.41,9,134,0
76.92,3.08,33.58,16.03,797.79,96.84,0.05,390.12,9,135,0
77.15,3.1,33.58,16.03,794.44,97.8,0.047,391.89,9,136,0
77.49,3.08,33.57,16.08,794.75,98.39,0.045,392.17,9,137,0
77.25,3.07,33.55,15.99,794.32,97.96,0.042,391.3,9,138,0
77.13,3.05,33.56,16.04,796.87,98.62,0.041,390.25,9,139,0
76.95,3.02,33.57,15.96,797.71,98.82,0.037,390.01,9,140,0
77.18,3.01,33.57,15.89,796.78,98.59,0.037,391.35,9,141,0
77.54,2.99,33.58,15.98,800.5,98.19,0.035,389.89,9,142,0
77.87,3.01,33.6,15.91,797.2,98.59,0.03,391.44,9,143,0
78.14,2.99,33.59,15.99,798.22,98.23,0.028,392.96,9,144,0
78.06,3.02,33.58,15.99,799.05,98.01,0.027,394.46,9,145,0
78.04,3.0,33.57,15.99,796.83,98.08,0.028,393.11,9,146,0
77.93,2.98,33.57,15.97,799.08,97.69,0.03,393.81,9,147,0
78.28,2.97,33.56,15.91,802.05,97.82,0.027,394.57,9,148,0
78.0,2.95,33.56,15.9,804.33,98.0,0.025,395.19,9,149,0
77.74,2.93,33.56,15.99,800.81,97.17,0.026,395.88,9,150,0
77.51,2.91,33.55,15.98,804.05,98.09,0.025,394.6,9,151,0
77.45,2.88,33.55,15.97,804.42,98.72,0.026,393.84,9,152,0
77.21,2.89,33.55,15.98,805.5,98.81,0.024,394.97,9,153,0
77.32,2.91,33.55,15.99,808.45,99.25,0.028,394.55,9,154,0
77.55,2.94,33.55,15.97,805.47,98.93,0.024,394.83,9,155,0
77.76,2.92,33.54,15.91,807.35,98.38,0.025,394.95,9,156,0
77.83,2.91,33.54,15.98,804.47,99.0,0.025,393.1,9,157,0
77.51,2.9,33.54,15.88,802.52,98.52,0.024,392.76,9,158,0
77.26,2.93,33.56,15.88,801.53,99.24,0.022,393.37,9,159,0
77.47,2.93,33.55,15.89,803.57,98.91,0.023,394.26,9,160,0
77.31,2.9,33.54,15.89,804.58,98.32,0.024,395.51,9,161,0
77.58,2.89,33.54,15.9,801.8,99.24,0.024,394.67,9,162,0
77.94,2.91,33.53,15.89,798.54,99.59,0.026,395.2,9,163,0
77.56,2.93,33.53,15.82,795.78,99.0,0.03,393.22,9,164,0
77.79,2.95,33.53,15.72,797.31,98.33,0.028,394.8,9,165,0
77.8,2.98,33.53,15.78,793.81,99.13,0.027,395.58,9,166,0
77.98,2.95,33.54,15.7,797.09,98.25,0.026,396.24,9,167,0
77.87,2.94,33.52,15.76,799.79,98.65,0.023,398.0,9,168,0
78.24,2.94,33.52,15.81,800.56,98.52,0.022,397.97,9,169,0
78.21,2.96,33.52,15.89,797.73,98.65,0.024,399.29,9,170,0
78.08,2.97,33.5,15.86,797.59,98.62,0.023,400.88,9,171,0
77.73,2.95,33.5,15.82,795.71,98.06,0.023,400.05,9,172,0
77.83,2.95,33.5,15.91,797.37,98.2,0.019,399.9,9,173,0
78.03,2.94,33.51,15.87,796.18,99.03,0.015,398.52,9,174,0
78.32,2.96,33.52,15.87,796.43,99.49,0.011,398.96,9,175,0
78.15,2.97,33.5,15.9,800.09,98.52,0.011,399.99,9,176,0
78.48,2.95,33.5,15.86,802.18,97.88,0.013,400.5,9,177,0
78.39,2.97,33.51,15.8,803.43,97.24,0.011,401.66,9,178,0
78.71,2.94,33.5,15.82,800.14,97.93,0.016,402.67,9,179,0
79.4,2.98,33.47,15.77,794.2,98.89,0.021,403.91,9,180,1
79.97,3.05,33.46,15.74,790.0,99.87,0.024,404.3,9,181,1
80.73,3.11,33.43,15.68,785.6,100.75,0.028,405.76,9,182,1
81.28,3.16,33.42,15.63,783.45,101.3,0.035,406.78,9,183,1
82.0,3.21,33.41,15.56,779.1,101.84,0.042,407.2,9,184,1
82.63,3.26,33.4,15.52,774.04,102.63,0.047,408.23,9,185,1
83.19,3.31,33.38,15.48,770.06,103.05,0.054,410.18,9,186,1
83.82,3.38,33.37,15.43,765.86,103.94,0.059,411.48,9,187,1
84.56,3.46,33.36,15.4,760.46,104.41,0.062,412.66,9,188,1
85.17,3.5,33.34,15.34,755.68,105.07,0.066,414.31,9,189,1
85.42,3.57,33.31,15.31,753.58,105.87,0.071,416.08,9,190,1
85.74,3.61,33.3,15.28,749.78,106.62,0.077,417.41,9,191,1
86.08,3.69,33.28,15.23,746.11,106.96,0.084,419.23,9,192,1
86.42,3.75,33.26,15.21,741.19,107.39,0.089,419.86,9,193,1
86.93,3.79,33.24,15.15,735.28,107.45,0.097,419.93,9,194,1
87.65,3.86,33.22,15.12,733.19,108.33,0.099,421.39,9,195,1
88.31,3.91,33.21,15.1,728.01,108.42,0.106,422.98,9,196,1
89.01,3.95,33.19,15.04,723.99,109.04,0.112,424.97,9,197,1
89.56,4.03,33.17,14.97,720.21,109.93,0.115,426.55,9,198,1
90.03,4.1,33.16,14.93,717.85,110.66,0.122,427.22,9,199,1
90.59,4.14,33.13,14.87,714.54,111.0,0.127,427.96,9,200,1
90.86,4.21,33.11,14.8,709.64,111.62,0.132,428.74,9,201,1
91.59,4.25,33.11,14.76,706.59,112.22,0.136,429.1,9,202,1
92.22,4.29,33.1,14.72,701.92,112.32,0.139,429.66,9,203,1
92.42,4.36,33.07,14.65,696.63,112.97,0.143,430.44,9,204,1
93.07,4.4,33.05,14.57,693.62,113.1,0.149,432.36,9,205,1
93.85,4.46,33.04,14.51,689.72,113.54,0.155,432.39,9,206,1
94.5,4.51,33.03,14.48,685.73,114.2,0.159,433.95,9,207,1
94.96,4.54,33.01,14.41,681.86,115.03,0.166,434.26,9,208,1
95.74,4.59,32.99,14.39,676.05,115.8,0.173,435.61,9,209,1
96.5,4.63,32.97,14.35,670.74,116.11,0.178,437.49,9,210,1
96.78,4.68,32.97,14.31,666.3,116.73,0.18,439.37,9,211,1
97.25,4.73,32.94,14.26,661.17,117.63,0.185,441.14,9,212,1
98.05,4.77,32.92,14.22,655.33,117.94,0.191,442.3,9,213,1
98.62,4.82,32.89,14.17,651.28,118.45,0.196,444.29,9,214,1
99.39,4.89,32.87,14.1,646.69,119.16,0.204,444.56,9,215,1
99.78,4.96,32.85,14.04,644.21,120.04,0.207,445.83,9,216,1
100.53,5.0,32.85,13.98,640.82,120.41,0.212,446.21,9,217,1
101.11,5.05,32.84,13.94,636.38,121.0,0.217,446.39,9,218,1
101.86,5.08,32.81,13.92,633.49,121.7,0.224,447.89,9,219,1
102.67,5.18,32.78,13.79,628.99,122.89,0.233,450.47,9,220,2
103.47,5.28,32.76,13.66,624.19,123.79,0.238,454.14,9,221,2
103.95,5.42,32.72,13.53,620.4,125.2,0.25,455.25,9,222,2
104.72,5.55,32.67,13.4,615.12,126.31,0.258,459.12,9,223,2
105.79,5.66,32.62,13.29,611.69,127.49,0.263,460.37,9,224,2
106.94,5.78,32.57,13.23,607.54,129.46,0.271,461.44,9,225,2
107.64,5.89,32.54,13.16,604.38,131.37,0.278,464.62,9,226,2
108.1,6.01,32.51,13.06,596.97,132.25,0.291,466.49,9,227,2
108.73,6.1,32.48,12.91,590.9,133.19,0.297,468.47,9,228,2
109.22,6.24,32.46,12.84,586.68,135.15,0.305,470.8,9,229,2
110.38,6.36,32.43,12.74,578.69,135.94,0.319,472.21,9,230,2
111.04,6.46,32.38,12.64,570.76,137.17,0.328,475.91,9,231,2
111.65,6.54,32.33,12.56,565.38,137.88,0.342,479.63,9,232,2
112.19,6.65,32.27,12.49,560.66,139.03,0.351,482.55,9,233,2
112.92,6.73,32.25,12.36,557.42,139.93,0.363,486.15,9,234,2
113.79,6.82,32.19,12.31,549.87,141.21,0.373,489.97,9,235,2
114.21,6.93,32.14,12.17,543.59,142.62,0.387,493.85,9,236,2
115.39,7.02,32.09,12.09,537.57,143.5,0.394,494.85,9,237,2
116.01,7.15,32.04,12.03,532.82,144.89,0.4,496.17,9,238,2
116.54,7.28,32.01,11.97,527.84,145.87,0.415,499.23,9,239,2
117.71,7.41,31.96,11.83,521.53,147.38,0.42,500.65,9,240,2
118.21,7.52,31.92,11.7,516.75,149.22,0.427,503.77,9,241,2
118.76,7.66,31.88,11.57,510.35,150.6,0.435,504.85,9,242,2
119.56,7.77,31.85,11.43,506.39,152.49,0.447,506.65,9,243,2
120.47,7.88,31.82,11.32,500.8,153.57,0.459,509.42,9,244,2
121.16,7.99,31.78,11.23,493.79,154.28,0.468,511.69,9,245,2
122.11,8.11,31.72,11.1,487.91,155.38,0.475,514.21,9,246,2
122.81,8.25,31.69,10.96,484.78,156.33,0.484,516.31,9,247,2
123.35,8.38,31.66,10.91,480.91,157.62,0.493,518.94,9,248,2
124.06,8.47,31.62,10.83,475.83,159.34,0.507,522.03,9,249,2
124.84,8.61,31.56,10.69,472.48,161.34,0.516,524.08,9,250,2
125.76,8.7,31.51,10.6,465.93,161.87,0.53,527.56,9,251,2
126.65,8.79,31.46,10.47,458.16,162.77,0.536,530.35,9,252,2
127.7,8.87,31.42,10.4,453.9,164.39,0.548,532.77,9,253,2
128.35,9.01,31.36,10.3,446.73,165.8,0.56,533.93,9,254,2
129.55,9.09,31.3,10.15,438.84,166.56,0.574,536.81,9,255,2
130.44,9.22,31.28,10.07,434.74,167.33,0.588,539.61,9,256,2
131.47,9.37,31.24,10.02,430.73,168.71,0.603,542.61,9,257,2
132.61,9.51,31.2,9.89,423.76,170.27,0.616,544.4,9,258,2
133.33,9.66,31.16,9.76,415.82,171.95,0.627,547.13,9,259,2
133.81,9.76,31.14,9.69,408.18,172.59,0.638,549.21,9,260,2
134.3,9.87,31.1,9.63,404.13,173.2,0.648,551.49,9,261,2
135.2,9.95,31.04,9.51,400.75,174.83,0.655,552.75,9,262,2
135.89,10.06,31.0,9.41,394.33,175.35,0.66,554.84,9,263,2
136.96,10.19,30.97,9.27,388.17,176.95,0.668,557.07,9,264,2
137.58,10.28,30.91,9.15,383.34,178.3,0.678,558.08,9,265,2
138.37,10.38,30.87,9.04,377.29,179.55,0.69,559.23,9,266,2
139.3,10.51,30.83,8.99,373.83,181.43,0.696,560.57,9,267,2
140.23,10.6,30.79,8.89,367.06,182.92,0.704,563.81,9,268,2
140.64,10.72,30.75,8.84,361.75,183.45,0.711,566.12,9,269,2
141.79,10.86,30.7,8.7,354.77,184.91,0.718,567.92,9,270,2
142.37,10.98,30.66,8.62,350.0,186.76,0.732,569.26,9,271,2
142.85,11.1,30.61,8.49,343.05,188.66,0.746,571.36,9,272,2
143.93,11.18,30.58,8.37,339.06,190.54,0.758,574.58,9,273,2
144.38,11.3,30.53,8.24,333.07,191.25,0.766,575.8,9,274,2
145.07,11.4,30.5,8.12,326.63,192.35,0.781,578.75,9,275,2
145.66,11.51,30.46,8.06,321.4,193.99,0.792,581.84,9,276,2
146.65,11.59,30.41,7.96,317.05,195.36,0.807,583.92,9,277,2
147.16,11.67,30.37,7.91,311.08,197.22,0.821,586.01,9,278,2
148.13,11.79,30.33,7.81,303.36,198.13,0.828,587.98,9,279,2
148.99,11.91,30.3,7.67,299.13,199.97,0.838,590.86,9,280,2
149.57,12.06,30.24,7.54,295.02,201.54,0.848,592.81,9,281,2
150.76,12.2,30.2,7.45,287.96,202.55,0.859,596.67,9,282,2
151.58,12.32,30.17,7.35,282.81,203.99,0.865,600.38,9,283,2
152.19,12.47,30.13,7.29,278.27,205.95,0.873,602.32,9,284,2
153.31,12.57,30.07,7.17,273.31,206.9,0.882,603.55,9,285,2
154.44,12.65,30.05,7.09,265.42,207.73,0.893,606.82,9,286,2
155.17,12.77,30.01,7.01,262.13,208.95,0.899,610.76,9,287,2
156.16,12.85,29.98,6.93,257.34,209.64,0.911,614.44,9,288,2
157.31,12.95,29.95,6.79,251.97,210.76,0.921,616.75,9,289,2
157.92,13.07,29.9,6.68,245.06,211.78,0.927,620.5,9,290,2
158.41,13.18,29.86,6.53,241.13,212.92,0.934,624.23,9,291,2
159.4,13.27,29.81,6.47,233.94,213.77,0.946,627.32,9,292,2
159.92,13.39,29.77,6.36,227.07,215.74,0.955,630.98,9,293,2
160.73,13.5,29.71,6.23,220.74,216.75,0.967,633.65,9,294,2
161.85,13.62,29.66,6.13,215.68,218.62,0.976,636.32,9,295,2
162.66,13.74,29.63,6.03,211.31,220.37,0.981,637.75,9,296,2
163.59,13.88,29.57,5.94,203.56,220.94,0.988,639.94,9,297,2
164.18,13.98,29.55,5.84,199.15,222.93,0.998,643.22,9,298,2
165.23,14.09,29.5,5.71,192.44,224.74,1.004,645.34,9,299,2
73.81,3.19,33.62,16.07,811.83,92.8,0.005,388.77,10,0,0
73.59,3.2,33.63,16.06,812.82,92.85,0.004,388.73,10,1,0
73.53,3.2,33.61,16.14,814.43,92.39,0.001,390.72,10,2,0
73.72,3.18,33.61,16.24,814.91,91.67,-0.003,391.59,10,3,0
73.44,3.19,33.61,16.27,816.88,90.95,0.001,389.91,10,4,0
73.58,3.2,33.6,16.21,816.53,90.48,0.005,389.09,10,5,0
73.28,3.23,33.61,16.16,818.28,90.09,0.009,387.46,10,6,0
73.13,3.24,33.59,16.14,820.23,89.93,0.008,386.81,10,7,0
72.84,3.24,33.61,16.07,823.54,90.53,0.005,388.53,10,8,0
72.83,3.26,33.6,16.11,824.43,90.85,0.007,390.04,10,9,0
72.64,3.29,33.58,16.18,822.8,91.71,0.005,390.84,10,10,0
72.82,3.26,33.57,16.18,821.08,92.3,0.003,390.75,10,11,0
72.83,3.28,33.56,16.22,824.27,93.25,0.003,392.27,10,12,0
72.83,3.3,33.56,16.27,823.78,93.59,0.001,392.08,10,13,0
73.06,3.27,33.55,16.26,826.45,93.74,0.002,392.53,10,14,0
72.88,3.28,33.54,16.16,828.43,93.04,-0.0,393.21,10,15,0
73.19,3.3,33.55,16.21,826.66,92.14,-0.002,391.51,10,16,0
73.39,3.28,33.55,16.15,826.34,91.93,-0.003,392.88,10,17,0
73.04,3.31,33.54,16.16,822.72,91.88,0.002,393.02,10,18,0
73.42,3.29,33.53,16.23,822.61,92.15,-0.003,391.32,10,19,0
73.74,3.27,33.52,16.31,821.79,91.17,-0.006,392.11,10,20,0
73.52,3.26,33.53,16.37,819.29,92.0,-0.008,394.01,10,21,0
73.23,3.24,33.55,16.39,820.98,92.26,-0.006,393.88,10,22,0
73.63,3.22,33.54,16.36,821.05,91.26,-0.007,395.88,10,23,0
73.24,3.2,33.54,16.41,818.11,91.94,-0.006,397.2,10,24,0
73.5,3.22,33.56,16.47,818.96,91.39,-0.009,398.87,10,25,0
73.84,3.21,33.57,16.41,818.58,91.66,-0.011,399.45,10,26,0
74.09,3.19,33.59,16.34,815.58,92.51,-0.013,400.21,10,27,0
73.97,3.2,33.57,16.36,816.61,92.49,-0.011,399.36,10,28,0
73.75,3.2,33.59,16.28,820.5,91.9,-0.006,397.8,10,29,0
73.37,3.22,33.59,16.31,816.76,91.44,-0.003,399.46,10,30,0
73.34,3.21,33.59,16.4,819.32,90.88,-0.007,398.72,10,31,0
73.67,3.18,33.6,16.4,816.79,91.08,-0.007,397.13,10,32,0
73.8,3.16,33.62,16.47,818.94,92.0,-0.011,395.29,10,33,0
73.53,3.15,33.62,16.4,819.93,92.78,-0.015,396.5,10,34,0
73.31,3.16,33.62,16.35,820.49,92.93,-0.014,397.44,10,35,0
73.29,3.14,33.63,16.41,821.75,93.8,-0.018,396.37,10,36,0
73.63,3.12,33.65,16.4,819.02,93.14,-0.015,397.93,10,37,0
73.99,3.12,33.66,16.44,815.64,93.3,-0.017,396.62,10,38,0
74.08,3.11,33.66,16.48,815.42,94.12,-0.015,395.97,10,39,0
74.17,3.13,33.64,16.44,813.39,94.4,-0.012,397.07,10,40,0
74.53,3.11,33.62,16.45,811.1,93.73,-0.015,396.77,10,41,0
74.63,3.1,33.62,16.52,814.94,94.7,-0.015,397.8,10,42,0
74.69,3.1,33.61,16.61,817.5,95.65,-0.019,395.87,10,43,0
74.87,3.12,33.6,16.53,818.59,95.28,-0.022,397.69,10,44,0
74.48,3.11,33.6,16.53,819.98,94.45,-0.022,398.02,10,45,0
74.62,3.14,33.6,16.51,821.77,94.26,-0.025,397.94,10,46,0
74.41,3.16,33.59,16.51,818.53,93.81,-0.024,396.28,10,47,0
74.46,3.16,33.59,16.61,815.03,93.69,-0.027,398.22,10,48,0
74.43,3.15,33.6,16.56,817.32,92.8,-0.023,397.05,10,49,0
74.08,3.14,33.59,16.66,818.02,93.25,-0.025,395.75,10,50,0
74.39,3.12,33.61,16.69,819.38,94.01,-0.023,394.79,10,51,0
74.67,3.13,33.62,16.65,820.38,93.66,-0.027,396.47,10,52,0
74.64,3.13,33.63,16.7,824.33,92.7,-0.025,397.35,10,53,0
74.25,3.1,33.64,16.69,822.25,92.18,-0.029,395.84,10,54,0
74.16,3.11,33.64,16.74,823.61,92.99,-0.033,396.83,10,55,0
74.07,3.08,33.64,16.67,825.9,92.0,-0.031,396.99,10,56,0
73.7,3.06,33.63,16.65,828.94,92.23,-0.031,397.69,10,57,0
73.36,3.06,33.62,16.55,831.97,92.08,-0.029,399.35,10,58,0
73.68,3.05,33.62,16.56,828.91,91.82,-0.025,400.66,10,59,0
73.43,3.07,33.62,16.58,826.55,91.76,-0.029,402.28,10,60,0
73.1,3.08,33.62,16.67,829.56,91.76,-0.029,401.14,10,61,0
73.44,3.05,33.62,16.63,826.0,92.31,-0.024,400.3,10,62,0
73.53,3.04,33.63,16.58,828.21,92.13,-0.022,401.89,10,63,0
73.67,3.02,33.63,16.48,832.19,92.67,-0.019,400.88,10,64,0
73.99,3.03,33.62,16.55,831.33,92.81,-0.022,401.54,10,65,0
74.28,3.05,33.6,16.49,832.58,92.18,-0.02,403.07,10,66,0
74.23,3.08,33.6,16.46,832.81,92.53,-0.016,403.12,10,67,0
74.12,3.08,33.62,16.38,830.99,91.74,-0.015,404.18,10,68,0
73.96,3.09,33.6,16.36,833.59,91.07,-0.016,404.24,10,69,0
73.8,3.11,33.58,16.46,837.34,91.22,-0.012,405.66,10,70,0
73.93,3.13,33.59,16.46,840.56,91.24,-0.007,404.15,10,71,0
73.86,3.15,33.57,16.49,842.07,90.62,-0.007,405.25,10,72,0
73.88,3.16,33.56,16.57,845.6,90.42,-0.005,404.28,10,73,0
74.18,3.16,33.58,16.51,844.13,91.21,-0.009,405.18,10,74,0
74.48,3.14,33.58,16.42,845.58,91.92,-0.006,404.02,10,75,0
74.86,3.13,33.6,16.38,848.06,92.44,-0.005,405.07,10,76,0
74.96,3.12,33.61,16.3,846.88,91.91,-0.005,404.46,10,77,0
74.74,3.14,33.59,16.35,848.89,91.1,-0.009,405.13,10,78,0
74.7,3.11,33.61,16.36,849.01,91.66,-0.01,404.35,10,79,0
74.46,3.11,33.6,16.38,847.45,92.63,-0.011,403.79,10,80,0
74.5,3.13,33.62,16.35,846.66,93.63,-0.014,404.7,10,81,0
74.45,3.13,33.6,16.4,850.32,93.67,-0.009,402.76,10,82,0
74.2,3.11,33.6,16.38,847.2,92.9,-0.013,404.05,10,83,0
74.37,3.08,33.62,16.4,845.34,93.22,-0.018,403.01,10,84,0
73.98,3.07,33.6,16.48,844.36,93.36,-0.02,403.72,10,85,0
73.79,3.07,33.61,16.43,842.44,92.66,-0.018,404.51,10,86,0
74.17,3.05,33.6,16.45,840.26,92.82,-0.017,403.83,10,87,0
74.48,3.05,33.62,16.36,843.43,92.86,-0.02,405.49,10,88,0
74.46,3.05,33.63,16.27,840.2,93.35,-0.019,407.33,10,89,0
74.59,3.07,33.64,16.33,836.26,93.54,-0.014,405.51,10,90,0
74.55,3.05,33.64,16.33,834.45,92.57,-0.013,405.31,10,91,0
74.21,3.08,33.63,16.27,834.77,93.12,-0.015,404.38,10,92,0
74.48,3.07,33.62,16.29,838.63,93.35,-0.019,405.49,10,93,0
74.64,3.04,33.63,16.19,842.32,93.47,-0.019,407.46,10,94,0
74.34,3.04,33.62,16.14,844.11,94.38,-0.019,405.77,10,95,0
74.56,3.03,33.62,16.08,847.78,93.98,-0.021,404.98,10,96,0
74.32,3.05,33.61,16.17,844.54,94.77,-0.019,406.07,10,97,0
74.48,3.03,33.63,16.1,841.2,93.93,-0.018,404.29,10,98,0
74.29,3.04,33.62,16.13,839.52,94.47,-0.015,404.89,10,99,0
74.11,3.07,33.62,16.09,840.11,93.86,-0.016,402.92,10,100,0
73.77,3.06,33.62,16.01,839.64,93.33,-0.014,402.55,10,101,0
73.72,3.06,33.62,16.0,838.09,93.19,-0.014,402.06,10,102,0
73.96,3.06,33.62,16.04,840.05,93.55,-0.013,400.09,10,103,0
73.96,3.06,33.64,16.08,836.91,94.49,-0.01,398.41,10,104,0
74.33,3.07,33.63,16.15,839.33,93.83,-0.008,397.22,10,105,0
73.94,3.05,33.65,16.1,838.8,92.86,-0.004,397.74,10,106,0
74.34,3.06,33.65,16.09,834.86,92.74,-0.005,398.41,10,107,0
74.2,3.05,33.64,16.1,837.04,92.81,-0.002,400.31,10,108,0
74.41,3.04,33.63,16.11,837.27,93.11,0.001,402.21,10,109,0
74.68,3.05,33.63,16.1,833.89,93.61,-0.003,402.84,10,110,0
74.57,3.07,33.62,16.1,831.88,93.48,0.001,404.42,10,111,0
74.95,3.04,33.63,16.02,833.49,94.03,-0.003,405.39,10,112,0
74.99,3.03,33.64,15.96,831.77,94.08,0.0,403.91,10,113,0
74.93,3.03,33.62,16.02,831.45,93.36,0.004,402.25,10,114,0
74.87,3.04,33.64,16.02,834.24,92.78,0.005,402.01,10,115,0
75.22,3.06,33.64,15.96,830.77,92.74,0.008,401.28,10,116,0
75.24,3.07,33.64,15.95,829.2,91.89,0.012,400.4,10,117,0
75.16,3.06,33.66,15.87,828.99,92.68,0.014,401.23,10,118,0
75.51,3.06,33.65,15.83,826.97,91.94,0.01,400.37,10,119,0
75.7,3.07,33.67,15.8,828.77,91.43,0.006,398.75,10,120,0
75.76,3.05,33.66,15.73,831.69,91.84,0.004,397.63,10,121,0
75.99,3.03,33.64,15.78,830.95,91.26,0.002,398.8,10,122,0
76.32,3.05,33.63,15.74,828.32,91.21,0.001,399.2,10,123,0
76.61,3.07,33.65,15.65,827.12,92.17,0.002,400.7,10,124,0
76.53,3.08,33.65,15.68,829.0,91.37,0.001,400.08,10,125,0
76.89,3.11,33.65,15.6,829.2,91.99,-0.003,398.4,10,126,0
77.16,3.09,33.65,15.56,828.06,92.89,-0.002,398.97,10,127,0
77.47,3.09,33.65,15.65,827.85,93.6,0.001,398.29,10,128,0
77.26,3.1,33.66,15.68,829.13,93.78,0.004,397.02,10,129,0
77.19,3.13,33.65,15.77,825.82,93.79,0.005,396.7,10,130,0
77.36,3.12,33.65,15.81,823.17,93.83,0.001,398.12,10,131,0
77.13,3.13,33.65,15.8,823.92,93.05,0.001,399.56,10,132,0
76.85,3.14,33.64,15.75,827.16,92.05,0.003,397.63,10,133,0
77.01,3.15,33.64,15.79,830.79,91.16,0.002,396.71,10,134,0
77.23,3.13,33.62,15.85,826.89,90.88,0.002,395.78,10,135,0
76.85,3.1,33.61,15.87,826.97,90.88,-0.002,396.29,10,136,0
76.87,3.11,33.6,15.84,829.47,91.28,-0.006,397.32,10,137,0
76.93,3.14,33.59,15.82,833.24,91.9,-0.007,395.99,10,138,0
76.6,3.14,33.58,15.86,829.28,92.43,-0.011,397.9,10,139,0
76.8,3.17,33.58,15.9,826.91,91.65,-0.015,396.26,10,140,0
76.51,3.19,33.59,15.83,828.79,92.09,-0.011,396.77,10,141,0
76.73,3.18,33.58,15.84,825.76,91.73,-0.01,397.47,10,142,0
76.59,3.17,33.58,15.86,823.52,90.85,-0.011,398.95,10,143,0
76.45,3.18,33.58,15.77,821.41,91.58,-0.012,400.55,10,144,0
76.6,3.21,33.57,15.84,820.18,92.52,-0.013,401.41,10,145,0
76.45,3.24,33.57,15.79,818.02,92.64,-0.009,400.44,10,146,0
76.58,3.26,33.57,15.7,814.29,92.24,-0.012,399.81,10,147,0
76.22,3.28,33.58,15.65,816.55,91.25,-0.014,398.35,10,148,0
76.57,3.29,33.57,15.55,815.62,90.34,-0.016,397.49,10,149,0
76.62,3.3,33.58,15.6,814.22,90.93,-0.013,395.76,10,150,0
77.0,3.31,33.57,15.58,815.36,91.08,-0.011,396.75,10,151,0
77.18,3.31,33.57,15.5,814.23,91.72,-0.015,397.62,10,152,0
77.35,3.3,33.57,15.54,812.46,91.93,-0.013,397.12,10,153,0
77.6,3.28,33.56,15.45,815.31,90.99,-0.015,395.76,10,154,0
77.83,3.28,33.54,15.44,813.6,90.22,-0.014,396.3,10,155,0
77.84,3.28,33.54,15.47,815.52,90.52,-0.01,397.04,10,156,0
77.62,3.25,33.56,15.47,815.16,91.2,-0.012,396.28,10,157,0
77.61,3.25,33.56,15.44,816.47,91.27,-0.008,396.25,10,158,0
77.22,3.23,33.54,15.38,816.03,90.69,-0.006,397.29,10,159,0
77.25,3.24,33.54,15.4,818.56,91.38,-0.008,396.56,10,160,0
77.37,3.23,33.55,15.35,818.12,90.48,-0.004,395.3,10,161,0
77.24,3.21,33.56,15.32,819.46,90.41,-0.003,393.45,10,162,0
77.32,3.19,33.57,15.26,820.03,91.33,-0.002,392.01,10,163,0
77.46,3.17,33.58,15.24,822.66,90.38,0.002,392.66,10,164,0
77.26,3.14,33.57,15.26,826.25,91.03,0.0,392.2,10,165,0
77.18,3.14,33.56,15.24,822.68,90.31,-0.002,392.62,10,166,0
77.04,3.17,33.56,15.2,824.12,91.1,0.002,393.85,10,167,0
77.23,3.16,33.57,15.25,827.01,92.08,0.004,392.26,10,168,0
77.39,3.16,33.56,15.33,829.6,91.59,0.005,391.85,10,169,0
77.26,3.14,33.56,15.24,831.31,92.12,0.003,393.55,10,170,0
77.6,3.15,33.58,15.26,830.41,91.35,0.007,392.73,10,171,0
77.55,3.18,33.57,15.34,829.49,92.07,0.006,390.9,10,172,0
77.73,3.17,33.59,15.36,827.4,91.07,0.004,389.14,10,173,0
77.41,3.15,33.61,15.37,824.53,90.3,0.006,390.1,10,174,0
77.19,3.14,33.6,15.27,822.39,90.7,0.01,388.22,10,175,0
76.99,3.12,33.62,15.19,822.02,90.61,0.012,388.57,10,176,0
77.2,3.1,33.6,15.22,822.44,90.61,0.01,390.35,10,177,0
77.59,3.09,33.58,15.14,823.55,90.7,0.01,392.23,10,178,0
77.31,3.07,33.58,15.16,823.04,90.11,0.013,390.28,10,179,0
77.93,3.12,33.57,15.08,820.52,91.09,0.018,391.81,10,180,1
78.72,3.19,33.54,15.01,816.66,91.18,0.021,392.07,10,181,1
79.25,3.27,33.53,14.95,811.98,91.77,0.029,393.36,10,182,1
79.77,3.35,33.52,14.89,806.98,91.98,0.031,394.48,10,183,1
80.43,3.41,33.5,14.84,803.62,92.76,0.035,396.24,10,184,1
80.67,3.48,33.5,14.79,798.52,92.92,0.04,396.61,10,185,1
81.39,3.55,33.48,14.71,793.85,93.48,0.043,397.41,10,186,1
81.92,3.59,33.46,14.69,788.84,94.45,0.045,398.23,10,187,1
82.72,3.64,33.45,14.64,786.6,94.74,0.049,399.03,10,188,1
83.08,3.69,33.42,14.58,781.73,95.21,0.051,399.42,10,189,1
83.85,3.74,33.41,14.54,776.96,95.6,0.054,399.7,10,190,1
84.58,3.82,33.39,14.48,773.5,96.21,0.06,400.69,10,191,1
85.25,3.9,33.37,14.41,769.32,97.15,0.065,402.39,10,192,1
85.71,3.97,33.34,14.35,764.06,97.59,0.071,403.86,10,193,1
86.32,4.04,33.33,14.29,761.19,98.53,0.074,404.21,10,194,1
87.05,4.08,33.32,14.25,756.55,98.82,0.079,406.18,10,195,1
87.49,4.12,33.32,14.18,751.72,99.09,0.086,408.16,10,196,1
88.12,4.2,33.3,14.1,746.31,99.23,0.089,409.88,10,197,1
88.68,4.25,33.29,14.04,741.73,99.44,0.094,410.64,10,198,1
89.16,4.31,33.29,13.99,737.83,99.87,0.102,412.54,10,199,1
89.45,4.36,33.29,13.95,735.72,100.13,0.105,413.73,10,200,1
89.93,4.39,33.28,13.87,733.52,100.36,0.107,415.6,10,201,1
90.3,4.43,33.27,13.84,728.23,101.31,0.113,415.83,10,202,1
90.9,4.49,33.26,13.79,724.43,101.59,0.115,416.83,10,203,1
91.32,4.54,33.25,13.77,722.17,101.96,0.12,418.28,10,204,1
91.63,4.6,33.22,13.74,717.93,102.04,0.124,419.04,10,205,1
91.97,4.68,33.21,13.68,713.88,102.96,0.128,420.4,10,206,1
92.73,4.71,33.19,13.66,709.92,103.29,0.131,420.91,10,207,1
93.21,4.78,33.17,13.62,705.87,103.63,0.135,421.68,10,208,1
93.53,4.84,33.14,13.57,701.74,104.42,0.138,422.57,10,209,1
94.06,4.91,33.13,13.53,696.3,104.85,0.145,424.33,10,210,1
94.41,4.97,33.13,13.46,692.69,104.93,0.148,424.74,10,211,1
94.89,5.01,33.12,13.39,689.61,105.73,0.156,425.68,10,212,1
95.66,5.05,33.12,13.33,684.93,105.89,0.16,426.42,10,213,1
95.96,5.13,33.1,13.31,680.1,106.43,0.167,427.17,10,214,1
96.62,5.18,33.09,13.24,676.42,106.48,0.175,428.52,10,215,1
97.32,5.25,33.08,13.21,673.42,107.0,0.182,429.82,10,216,1
97.98,5.3,33.06,13.17,667.54,107.77,0.189,430.59,10,217,1
98.77,5.38,33.05,13.14,664.69,108.5,0.194,432.22,10,218,1
99.17,5.42,33.04,13.12,660.91,109.42,0.201,432.71,10,219,1
100.12,5.55,32.99,13.04,656.95,111.2,0.208,434.85,10,220,2
100.98,5.66,32.94,12.91,651.19,112.82,0.216,436.9,10,221,2
101.62,5.75,32.92,12.78,643.7,113.75,0.229,438.68,10,222,2
102.55,5.88,32.89,12.68,636.96,114.6,0.239,441.22,10,223,2
103.04,6.02,32.86,12.63,629.42,115.44,0.246,444.24,10,224,2
103.95,6.1,32.81,12.53,622.64,116.12,0.251,447.5,10,225,2
105.15,6.19,32.77,12.4,618.3,118.04,0.261,450.03,10,226,2
105.92,6.3,32.73,12.29,614.61,120.02,0.27,453.56,10,227,2
106.54,6.44,32.69,12.19,611.04,120.64,0.28,455.02,10,228,2
107.05,6.58,32.66,12.08,604.88,121.71,0.293,457.5,10,229,2
108.17,6.66,32.61,12.03,600.96,123.19,0.305,459.76,10,230,2
108.74,6.75,32.57,11.95,595.26,124.38,0.312,462.08,10,231,2
109.46,6.9,32.53,11.87,591.56,124.97,0.321,465.27,10,232,2
110.51,7.03,32.49,11.8,584.64,126.86,0.328,467.13,10,233,2
111.17,7.15,32.45,11.73,580.21,128.39,0.337,469.06,10,234,2
112.32,7.24,32.42,11.63,575.83,129.61,0.347,471.49,10,235,2
113.18,7.32,32.39,11.49,569.78,130.21,0.362,473.81,10,236,2
114.34,7.45,32.37,11.41,562.28,131.89,0.367,477.24,10,237,2
115.07,7.54,32.34,11.27,559.24,132.64,0.38,478.34,10,238,2
115.97,7.64,32.29,11.2,555.04,134.51,0.386,480.73,10,239,2
116.98,7.76,32.27,11.09,551.67,135.2,0.399,482.18,10,240,2
117.62,7.86,32.23,11.03,548.4,136.69,0.412,484.7,10,241,2
118.48,7.99,32.19,10.88,542.15,138.28,0.426,487.16,10,242,2
118.97,8.09,32.16,10.77,534.25,139.63,0.433,488.78,10,243,2
119.62,8.21,32.13,10.64,526.98,141.45,0.439,492.2,10,244,2
120.66,8.35,32.11,10.49,519.47,143.22,0.444,495.03,10,245,2
121.58,8.47,32.06,10.41,514.53,144.33,0.455,496.68,10,246,2
122.5,8.58,32.02,10.32,507.73,146.18,0.47,497.73,10,247,2
123.26,8.73,31.99,10.26,502.58,147.99,0.478,501.65,10,248,2
123.93,8.86,31.95,10.14,496.96,149.64,0.492,503.63,10,249,2
124.97,8.97,31.91,10.01,491.2,151.57,0.506,507.02,10,250,2
126.05,9.06,31.86,9.91,484.02,152.5,0.519,509.81,10,251,2
126.8,9.16,31.82,9.81,477.47,153.07,0.53,513.61,10,252,2
127.93,9.26,31.76,9.7,471.41,154.38,0.542,517.6,10,253,2
128.65,9.39,31.71,9.6,468.37,156.22,0.554,519.38,10,254,2
129.83,9.52,31.67,9.54,463.13,157.09,0.567,521.75,10,255,2
130.3,9.65,31.64,9.46,458.4,158.69,0.58,523.31,10,256,2
131.44,9.8,31.59,9.36,452.04,159.35,0.586,526.81,10,257,2
132.38,9.88,31.56,9.25,448.16,160.76,0.598,528.78,10,258,2
132.95,10.01,31.5,9.14,442.42,161.59,0.61,531.96,10,259,2
134.02,10.13,31.46,9.06,438.26,162.42,0.617,534.42,10,260,2
134.88,10.27,31.43,8.96,434.62,163.17,0.627,536.51,10,261,2
136.01,10.38,31.4,8.82,427.94,164.73,0.64,539.27,10,262,2
137.01,10.49,31.35,8.68,423.35,166.24,0.646,542.93,10,263,2
137.52,10.63,31.3,8.61,415.38,167.33,0.659,544.65,10,264,2
138.24,10.75,31.25,8.5,412.18,168.46,0.666,547.34,10,265,2
139.27,10.87,31.23,8.39,405.51,169.65,0.681,550.21,10,266,2
140.35,10.98,31.19,8.31,400.25,170.6,0.689,552.56,10,267,2
141.22,11.1,31.16,8.19,392.42,172.47,0.695,554.87,10,268,2
142.34,11.25,31.11,8.1,384.53,174.11,0.702,557.44,10,269,2
143.25,11.33,31.08,8.01,380.57,175.05,0.714,560.22,10,270,2
143.7,11.47,31.05,7.89,376.34,176.04,0.72,561.36,10,271,2
144.86,11.56,31.02,7.75,371.31,177.15,0.734,563.67,10,272,2
145.45,11.65,30.99,7.65,367.66,179.08,0.741,564.9,10,273,2
146.16,11.75,30.96,7.59,359.67,180.45,0.755,567.27,10,274,2
147.13,11.84,30.93,7.51,353.02,181.04,0.77,568.55,10,275,2
147.88,11.95,30.9,7.39,348.91,182.79,0.781,569.65,10,276,2
148.96,12.06,30.86,7.24,340.93,183.99,0.794,571.37,10,277,2
150.03,12.15,30.8,7.13,334.44,185.41,0.803,573.26,10,278,2
150.45,12.26,30.77,7.07,330.09,187.07,0.818,574.37,10,279,2
151.57,12.38,30.74,7.0,322.62,188.77,0.828,576.09,10,280,2
152.45,12.48,30.69,6.93,317.1,189.65,0.835,578.59,10,281,2
153.49,12.62,30.66,6.82,309.19,191.44,0.845,581.11,10,282,2
154.01,12.74,30.62,6.76,302.59,191.94,0.859,582.52,10,283,2
154.65,12.84,30.6,6.62,295.82,192.81,0.871,585.71,10,284,2
155.76,12.95,30.57,6.57,289.81,193.78,0.879,587.9,10,285,2
156.79,13.05,30.51,6.44,281.98,195.22,0.885,590.5,10,286,2
157.36,13.2,30.46,6.31,275.12,196.89,0.895,594.38,10,287,2
157.85,13.34,30.43,6.2,268.28,198.53,0.906,597.38,10,288,2
158.29,13.44,30.37,6.08,262.7,200.5,0.912,599.98,10,289,2
158.81,13.57,30.31,6.0,254.79,201.43,0.923,601.64,10,290,2
159.84,13.71,30.28,5.93,249.78,202.3,0.938,602.86,10,291,2
160.56,13.85,30.24,5.84,242.96,203.46,0.951,606.74,10,292,2
161.74,13.96,30.19,5.78,236.58,204.6,0.958,608.21,10,293,2
162.48,14.05,30.14,5.64,228.88,206.18,0.968,610.94,10,294,2
163.37,14.15,30.09,5.49,221.84,208.1,0.978,614.43,10,295,2
164.15,14.24,30.03,5.42,217.02,209.32,0.991,615.55,10,296,2
164.65,14.32,30.0,5.32,210.13,210.65,0.997,618.99,10,297,2
165.11,14.46,29.97,5.22,203.04,212.59,1.011,622.04,10,298,2
166.05,14.54,29.91,5.09,198.39,214.34,1.024,624.05,10,299,2
74.06,3.21,33.58,15.95,812.88,92.03,0.014,390.03,11,0,0
74.29,3.24,33.6,15.86,812.82,92.6,0.018,391.17,11,1,0
74.11,3.22,33.6,15.83,809.13,92.34,0.014,392.55,11,2,0
74.41,3.2,33.58,15.74,808.25,91.75,0.012,391.92,11,3,0
74.65,3.21,33.57,15.71,807.52,91.34,0.016,392.63,11,4,0
74.53,3.19,33.56,15.69,806.08,91.01,0.021,392.39,11,5,0
74.39,3.17,33.55,15.59,802.34,90.35,0.016,392.7,11,6,0
74.03,3.17,33.56,15.65,804.55,91.19,0.021,392.47,11,7,0
74.28,3.19,33.57,15.63,801.28,92.12,0.019,391.91,11,8,0
73.98,3.16,33.59,15.69,803.89,92.77,0.016,391.82,11,9,0
73.69,3.15,33.6,15.69,804.06,93.52,0.014,393.11,11,10,0
73.92,3.13,33.6,15.74,801.07,93.38,0.009,392.55,11,11,0
74.22,3.11,33.58,15.77,800.1,93.67,0.005,392.84,11,12,0
74.46,3.11,33.57,15.81,802.15,94.45,0.003,393.66,11,13,0
74.8,3.09,33.56,15.79,802.83,93.88,0.002,393.48,11,14,0
74.66,3.1,33.57,15.84,803.23,93.99,-0.001,394.92,11,15,0
74.63,3.1,33.56,15.81,802.11,93.52,0.001,396.04,11,16,0
74.8,3.11,33.56,15.82,804.81,94.24,0.002,395.68,11,17,0
74.91,3.12,33.57,15.83,803.13,95.08,0.002,397.59,11,18,0
75.05,3.13,33.58,15.79,805.84,95.2,0.002,399.01,11,19,0
74.8,3.16,33.57,15.79,803.51,96.06,0.0,400.03,11,20,0
74.49,3.13,33.57,15.78,806.73,96.24,-0.002,400.46,11,21,0
74.7,3.15,33.56,15.79,810.12,95.45,0.002,399.23,11,22,0
74.58,3.18,33.55,15.76,806.13,95.88,-0.0,397.45,11,23,0
74.21,3.19,33.56,15.73,804.28,96.5,-0.001,397.45,11,24,0
73.95,3.22,33.58,15.71,804.78,96.22,-0.0,395.86,11,25,0
74.13,3.19,33.6,15.68,804.24,95.69,0.002,396.8,11,26,0
74.26,3.2,33.61,15.76,807.25,96.06,0.003,396.29,11,27,0
73.94,3.21,33.62,15.83,808.41,96.2,0.002,394.85,11,28,0
74.0,3.2,33.61,15.89,810.37,97.12,-0.003,396.02,11,29,0
73.7,3.21,33.62,15.83,809.82,97.22,-0.006,397.95,11,30,0
73.89,3.23,33.62,15.81,813.04,97.19,-0.009,398.8,11,31,0
74.23,3.23,33.62,15.81,810.07,96.82,-0.014,399.01,11,32,0
74.42,3.23,33.62,15.79,808.58,96.9,-0.015,399.51,11,33,0
74.42,3.24,33.64,15.82,805.68,96.39,-0.015,397.85,11,34,0
74.75,3.24,33.64,15.74,804.9,96.34,-0.01,396.32,11,35,0
74.98,3.23,33.66,15.78,806.17,95.74,-0.015,397.52,11,36,0
74.77,3.25,33.66,15.68,804.92,96.09,-0.01,397.72,11,37,0
74.43,3.24,33.68,15.63,801.7,96.37,-0.008,397.97,11,38,0
74.11,3.22,33.69,15.59,801.97,96.38,-0.013,399.33,11,39,0
73.94,3.23,33.7,15.65,804.36,97.19,-0.009,397.72,11,40,0
73.83,3.21,33.72,15.57,806.6,96.29,-0.007,397.32,11,41,0
73.56,3.24,33.73,15.61,803.07,95.8,-0.011,397.92,11,42,0
73.23,3.24,33.73,15.63,802.36,94.97,-0.015,398.58,11,43,0
73.16,3.26,33.72,15.7,800.2,94.06,-0.011,400.22,11,44,0
73.27,3.25,33.72,15.75,800.34,93.63,-0.015,399.07,11,45,0
73.0,3.26,33.74,15.67,798.47,92.8,-0.015,398.59,11,46,0
72.97,3.27,33.72,15.62,800.91,92.87,-0.017,398.7,11,47,0
73.33,3.26,33.72,15.69,798.46,93.42,-0.017,397.13,11,48,0
73.02,3.23,33.71,15.63,794.59,94.02,-0.02,396.5,11,49,0
73.21,3.25,33.72,15.7,797.16,93.59,-0.017,398.31,11,50,0
73.05,3.27,33.71,15.74,797.14,94.54,-0.02,399.74,11,51,0
73.17,3.29,33.72,15.67,798.49,95.05,-0.015,398.37,11,52,0
73.23,3.27,33.71,15.76,795.02,94.45,-0.017,397.89,11,53,0
73.59,3.29,33.73,15.73,798.27,94.59,-0.018,398.97,11,54,0
73.82,3.3,33.71,15.66,800.13,94.71,-0.02,400.1,11,55,0
73.45,3.33,33.69,15.64,801.38,95.0,-0.018,400.1,11,56,0
73.65,3.33,33.68,15.58,800.48,95.61,-0.015,401.78,11,57,0
73.95,3.35,33.7,15.6,800.61,95.77,-0.018,399.96,11,58,0
74.17,3.33,33.71,15.66,801.3,94.78,-0.02,399.26,11,59,0
74.27,3.34,33.7,15.58,800.7,94.73,-0.017,399.0,11,60,0
74.18,3.31,33.72,15.53,799.58,95.27,-0.02,399.15,11,61,0
74.08,3.3,33.72,15.49,802.79,94.4,-0.018,400.51,11,62,0
73.84,3.27,33.72,15.58,805.17,94.05,-0.02,401.34,11,63,0
73.69,3.26,33.71,15.59,807.63,93.93,-0.025,399.75,11,64,0
73.43,3.28,33.73,15.6,808.65,93.54,-0.025,401.75,11,65,0
73.39,3.25,33.72,15.67,811.87,93.01,-0.027,400.43,11,66,0
73.0,3.27,33.73,15.57,813.53,92.86,-0.028,398.54,11,67,0
73.02,3.27,33.72,15.66,816.33,92.65,-0.033,400.31,11,68,0
73.26,3.3,33.74,15.74,812.9,93.33,-0.03,400.44,11,69,0
73.31,3.32,33.74,15.7,814.08,92.57,-0.029,400.27,11,70,0
73.51,3.29,33.74,15.72,812.63,92.55,-0.027,402.19,11,71,0
73.73,3.29,33.73,15.62,812.31,92.16,-0.026,401.72,11,72,0
73.77,3.29,33.72,15.65,808.33,92.27,-0.023,400.37,11,73,0
73.86,3.3,33.73,15.62,809.04,91.86,-0.025,398.96,11,74,0
74.01,3.3,33.74,15.71,812.59,91.37,-0.029,398.37,11,75,0
74.12,3.32,33.74,15.73,816.1,91.75,-0.033,399.17,11,76,0
74.28,3.35,33.73,15.82,814.77,91.63,-0.029,399.78,11,77,0
74.45,3.37,33.71,15.86,811.66,91.28,-0.029,400.11,11,78,0
74.34,3.34,33.71,15.87,814.38,92.09,-0.026,401.5,11,79,0
74.26,3.36,33.73,15.86,816.71,91.21,-0.023,400.95,11,80,0
74.19,3.38,33.74,15.87,818.71,90.78,-0.025,401.27,11,81,0
74.29,3.4,33.74,15.78,821.09,91.18,-0.023,401.0,11,82,0
74.12,3.4,33.73,15.73,817.45,90.23,-0.024,401.57,11,83,0
74.11,3.42,33.72,15.68,820.02,89.56,-0.022,401.55,11,84,0
74.12,3.41,33.72,15.65,821.99,88.57,-0.025,402.04,11,85,0
74.16,3.4,33.71,15.6,823.74,88.62,-0.027,400.38,11,86,0
74.15,3.41,33.72,15.54,827.59,88.49,-0.029,399.88,11,87,0
74.45,3.4,33.71,15.61,826.67,88.8,-0.024,400.49,11,88,0
74.83,3.4,33.7,15.53,823.61,88.19,-0.028,399.01,11,89,0
74.91,3.42,33.7,15.59,823.91,87.35,-0.032,400.91,11,90,0
74.91,3.42,33.72,15.61,820.24,86.43,-0.034,402.43,11,91,0
74.92,3.43,33.73,15.6,821.15,86.98,-0.037,402.77,11,92,0
75.1,3.41,33.73,15.65,817.59,86.9,-0.032,402.97,11,93,0
74.82,3.38,33.72,15.58,815.26,87.88,-0.032,403.17,11,94,0
75.07,3.39,33.71,15.6,818.78,88.35,-0.029,405.11,11,95,0
74.73,3.37,33.71,15.6,821.69,88.24,-0.028,404.58,11,96,0
74.94,3.35,33.71,15.55,822.0,87.3,-0.025,402.95,11,97,0
75.09,3.37,33.69,15.51,822.13,86.76,-0.026,402.89,11,98,0
75.16,3.38,33.68,15.56,825.75,87.68,-0.022,403.38,11,99,0
75.47,3.39,33.66,15.56,828.97,87.24,-0.027,403.34,11,100,0
75.82,3.36,33.64,15.59,829.34,86.66,-0.025,401.79,11,101,0
75.57,3.34,33.64,15.53,825.48,86.86,-0.025,401.82,11,102,0
75.29,3.37,33.65,15.62,827.96,87.6,-0.023,402.96,11,103,0
75.04,3.38,33.64,15.67,830.74,88.36,-0.022,404.63,11,104,0
74.78,3.39,33.64,15.61,826.91,88.98,-0.026,405.25,11,105,0
74.56,3.39,33.62,15.64,829.43,88.45,-0.028,404.98,11,106,0
74.45,3.39,33.63,15.55,826.49,89.3,-0.027,404.95,11,107,0
74.38,3.37,33.64,15.59,822.62,89.35,-0.032,404.45,11,108,0
74.12,3.34,33.62,15.61,825.3,89.74,-0.037,402.6,11,109,0
74.39,3.35,33.63,15.58,827.73,90.45,-0.034,403.84,11,110,0
74.32,3.34,33.62,15.53,826.56,89.57,-0.033,402.82,11,111,0
74.65,3.36,33.63,15.58,829.64,88.9,-0.03,403.87,11,112,0
74.9,3.39,33.65,15.48,832.98,88.07,-0.034,405.5,11,113,0
75.01,3.37,33.66,15.41,832.46,88.7,-0.034,404.68,11,114,0
74.61,3.38,33.66,15.38,834.72,89.44,-0.029,402.95,11,115,0
74.3,3.37,33.65,15.41,832.12,90.37,-0.031,402.31,11,116,0
74.59,3.39,33.63,15.42,834.48,90.21,-0.03,401.88,11,117,0
74.55,3.37,33.63,15.51,830.91,89.59,-0.034,401.9,11,118,0
74.43,3.39,33.64,15.44,831.29,89.57,-0.032,402.48,11,119,0
74.23,3.42,33.66,15.54,832.94,89.8,-0.03,404.4,11,120,0
73.94,3.43,33.65,15.53,829.39,89.78,-0.033,406.31,11,121,0
73.83,3.42,33.66,15.6,831.11,88.9,-0.031,406.46,11,122,0
73.9,3.44,33.65,15.59,833.55,88.6,-0.03,405.17,11,123,0
73.96,3.45,33.64,15.5,835.2,89.59,-0.025,404.57,11,124,0
74.0,3.44,33.62,15.58,834.82,89.31,-0.027,406.38,11,125,0
74.3,3.45,33.63,15.52,833.61,90.06,-0.029,406.12,11,126,0
74.33,3.48,33.65,15.42,836.69,90.06,-0.028,406.67,11,127,0
74.17,3.5,33.65,15.36,839.26,90.22,-0.032,406.33,11,128,0
74.4,3.51,33.66,15.42,835.43,89.97,-0.029,407.41,11,129,0
74.72,3.49,33.67,15.45,833.26,90.87,-0.028,407.08,11,130,0
74.85,3.48,33.69,15.37,829.98,90.53,-0.026,405.74,11,131,0
74.9,3.51,33.67,15.29,831.82,90.33,-0.03,405.47,11,132,0
75.28,3.53,33.69,15.32,830.07,90.31,-0.026,406.01,11,133,0
75.02,3.56,33.68,15.28,832.17,89.71,-0.029,404.58,11,134,0
75.22,3.55,33.68,15.32,828.7,89.84,-0.03,403.65,11,135,0
75.57,3.53,33.69,15.33,832.2,89.59,-0.03,404.33,11,136,0
75.22,3.54,33.68,15.34,834.26,89.68,-0.03,403.08,11,137,0
75.37,3.55,33.7,15.43,838.26,89.33,-0.035,404.83,11,138,0
75.53,3.53,33.68,15.37,837.16,88.45,-0.035,406.47,11,139,0
75.2,3.53,33.69,15.39,833.44,89.15,-0.038,407.69,11,140,0
75.55,3.55,33.68,15.3,832.08,89.06,-0.041,406.18,11,141,0
75.24,3.57,33.69,15.31,830.88,89.97,-0.042,405.1,11,142,0
75.3,3.55,33.67,15.35,832.68,90.41,-0.037,406.54,11,143,0
74.94,3.58,33.68,15.35,835.63,90.03,-0.036,405.44,11,144,0
74.81,3.58,33.66,15.25,839.49,90.5,-0.039,405.45,11,145,0
74.72,3.58,33.65,15.24,841.69,89.62,-0.039,403.99,11,146,0
74.57,3.58,33.65,15.2,840.89,90.41,-0.038,404.44,11,147,0
74.22,3.6,33.67,15.16,843.55,90.81,-0.041,402.52,11,148,0
74.15,3.63,33.66,15.06,840.17,90.99,-0.037,404.18,11,149,0
74.49,3.6,33.67,15.08,842.71,91.7,-0.033,404.52,11,150,0
74.14,3.63,33.69,15.04,845.39,92.08,-0.037,406.35,11,151,0
74.01,3.61,33.67,15.09,845.98,92.6,-0.034,405.14,11,152,0
73.88,3.6,33.67,15.15,849.91,91.89,-0.037,403.37,11,153,0
74.22,3.63,33.67,15.23,848.28,92.13,-0.04,404.79,11,154,0
74.48,3.62,33.68,15.15,847.8,91.47,-0.038,405.66,11,155,0
74.57,3.63,33.66,15.06,850.1,92.42,-0.043,405.8,11,156,0
74.25,3.63,33.65,15.1,853.63,93.08,-0.038,406.49,11,157,0
74.32,3.63,33.64,15.05,854.9,93.37,-0.04,406.09,11,158,0
74.67,3.61,33.63,15.11,853.9,94.05,-0.035,405.66,11,159,0
74.31,3.62,33.62,15.05,851.15,94.47,-0.039,406.64,11,160,0
74.09,3.61,33.62,15.14,851.61,94.22,-0.037,406.85,11,161,0
73.9,3.62,33.61,15.15,854.34,93.65,-0.037,405.58,11,162,0
73.66,3.59,33.61,15.24,854.15,94.35,-0.038,407.41,11,163,0
73.7,3.58,33.63,15.17,855.31,94.31,-0.039,408.23,11,164,0
73.32,3.6,33.64,15.09,852.5,95.07,-0.039,410.21,11,165,0
73.4,3.6,33.64,15.05,854.9,94.67,-0.04,408.92,11,166,0
73.08,3.59,33.64,15.12,857.27,95.15,-0.038,410.67,11,167,0
73.08,3.57,33.66,15.18,860.31,95.77,-0.042,412.18,11,168,0
73.39,3.55,33.67,15.09,859.89,95.0,-0.039,414.09,11,169,0
73.55,3.58,33.67,15.1,863.46,94.17,-0.036,412.19,11,170,0
73.79,3.56,33.66,15.19,859.52,94.95,-0.031,411.14,11,171,0
73.54,3.53,33.67,15.09,860.36,95.25,-0.034,412.04,11,172,0
73.19,3.51,33.65,15.0,856.78,95.16,-0.034,412.57,11,173,0
73.12,3.53,33.65,14.91,860.74,94.61,-0.033,412.36,11,174,0
73.47,3.5,33.64,14.9,863.72,94.91,-0.033,411.29,11,175,0
73.77,3.5,33.65,14.88,863.2,95.49,-0.028,411.05,11,176,0
73.94,3.49,33.63,14.87,859.71,94.8,-0.031,412.82,11,177,0
73.58,3.51,33.65,14.87,860.2,95.08,-0.035,410.92,11,178,0
73.69,3.48,33.64,14.83,863.99,95.72,-0.035,409.65,11,179,0
74.42,3.54,33.61,14.79,861.37,95.98,-0.03,409.91,11,180,1
74.98,3.58,33.59,14.75,856.61,96.57,-0.025,410.56,11,181,1
75.4,3.62,33.58,14.71,850.77,97.3,-0.018,412.3,11,182,1
76.03,3.69,33.56,14.67,846.23,97.74,-0.012,412.42,11,183,1
76.58,3.74,33.54,14.62,843.08,98.63,-0.006,413.5,11,184,1
77.27,3.78,33.51,14.55,838.46,99.24,-0.001,414.38,11,185,1
77.9,3.82,33.5,14.48,832.47,99.79,0.002,414.85,11,186,1
78.35,3.87,33.49,14.4,829.4,100.1,0.009,416.72,11,187,1
79.14,3.94,33.48,14.36,826.17,100.34,0.012,418.51,11,188,1
79.67,4.0,33.47,14.28,820.69,100.51,0.017,418.7,11,189,1
80.29,4.04,33.45,14.23,815.12,100.71,0.02,420.1,11,190,1
80.51,4.07,33.44,14.17,812.71,101.23,0.026,420.91,11,191,1
81.15,4.15,33.43,14.11,809.7,101.81,0.031,421.49,11,192,1
81.85,4.21,33.43,14.05,804.95,102.34,0.037,423.36,11,193,1
82.37,4.28,33.41,14.0,802.69,102.42,0.04,424.67,11,194,1
82.84,4.32,33.4,13.95,800.26,102.8,0.048,425.74,11,195,1
83.18,4.38,33.37,13.89,796.76,103.07,0.052,425.92,11,196,1
83.58,4.44,33.35,13.86,793.16,103.32,0.055,426.97,11,197,1
84.36,4.47,33.33,13.82,790.48,103.61,0.061,427.78,11,198,1
85.04,4.53,33.33,13.76,785.49,104.53,0.067,429.68,11,199,1
85.45,4.57,33.31,13.71,782.12,105.39,0.073,430.84,11,200,1
85.97,4.64,33.3,13.64,777.19,105.95,0.076,430.93,11,201,1
86.24,4.71,33.3,13.6,773.34,106.64,0.083,432.38,11,202,1
86.92,4.78,33.3,13.54,767.62,107.11,0.09,433.0,11,203,1
87.7,4.85,33.27,13.51,762.66,107.43,0.096,433.78,11,204,1
88.49,4.92,33.27,13.45,759.59,107.56,0.101,434.94,11,205,1
88.96,4.99,33.26,13.4,757.03,108.52,0.109,435.22,11,206,1
89.53,5.06,33.23,13.35,754.45,108.7,0.117,435.63,11,207,1
89.77,5.1,33.23,13.27,749.96,108.97,0.12,436.24,11,208,1
90.42,5.18,33.21,13.24,747.95,109.65,0.127,437.47,11,209,1
91.06,5.23,33.2,13.17,745.57,110.17,0.131,438.91,11,210,1
91.62,5.3,33.18,13.14,740.92,110.44,0.138,439.26,11,211,1
91.84,5.37,33.18,13.1,735.69,110.59,0.142,441.11,11,212,1
92.49,5.44,33.17,13.04,732.55,110.75,0.147,442.79,11,213,1
92.98,5.48,33.14,12.96,728.01,111.75,0.152,443.16,11,214,1
93.63,5.53,33.13,12.91,723.66,111.96,0.158,444.2,11,215,1
94.2,5.56,33.12,12.84,718.15,112.7,0.166,445.04,11,216,1
94.83,5.63,33.1,12.79,713.78,113.64,0.173,446.91,11,217,1
95.23,5.69,33.07,12.73,708.0,114.02,0.175,448.49,11,218,1
95.84,5.77,33.06,12.67,703.83,114.23,0.181,450.28,11,219,1
96.61,5.9,33.04,12.56,696.95,116.09,0.186,451.81,11,220,2
97.52,6.0,33.01,12.46,689.94,117.25,0.197,453.22,11,221,2
98.03,6.15,32.97,12.32,686.28,118.41,0.208,457.04,11,222,2
98.67,6.26,32.93,12.18,678.91,119.77,0.216,460.29,11,223,2
99.2,6.36,32.9,12.05,672.29,121.34,0.222,463.31,11,224,2
99.98,6.48,32.88,11.98,668.64,122.13,0.236,466.16,11,225,2
100.78,6.61,32.82,11.86,661.12,123.98,0.249,469.41,11,226,2
101.38,6.72,32.78,11.75,657.18,124.54,0.264,472.08,11,227,2
101.83,6.84,32.75,11.69,653.09,126.07,0.274,474.31,11,228,2
102.96,6.94,32.71,11.59,647.23,127.3,0.28,477.04,11,229,2
104.07,7.04,32.68,11.48,643.73,128.22,0.288,480.56,11,230,2
104.84,7.15,32.62,11.42,636.22,130.09,0.295,481.69,11,231,2
105.96,7.28,32.57,11.33,629.8,130.73,0.31,485.22,11,232,2
106.68,7.42,32.51,11.23,623.86,131.55,0.318,487.75,11,233,2
107.35,7.54,32.48,11.16,616.27,132.55,0.332,490.06,11,234,2
108.1,7.65,32.44,11.04,611.19,133.07,0.344,491.11,11,235,2
108.88,7.78,32.41,10.89,606.52,134.51,0.351,492.66,11,236,2
109.58,7.9,32.35,10.84,600.53,135.9,0.361,493.94,11,237,2
110.07,8.01,32.3,10.7,595.37,137.54,0.37,497.78,11,238,2
111.08,8.14,32.26,10.55,588.25,138.46,0.385,500.73,11,239,2
111.57,8.28,32.22,10.43,581.16,139.25,0.395,503.31,11,240,2
112.61,8.37,32.17,10.34,577.99,141.22,0.406,506.41,11,241,2
113.07,8.52,32.12,10.22,573.2,143.16,0.415,509.36,11,242,2
113.56,8.62,32.08,10.13,565.32,144.87,0.427,511.49,11,243,2
114.5,8.72,32.05,10.02,559.53,146.5,0.433,513.38,11,244,2
115.7,8.84,32.02,9.97,553.04,147.91,0.445,514.75,11,245,2
116.47,8.98,31.98,9.92,545.39,149.33,0.459,517.37,11,246,2
117.06,9.08,31.95,9.8,538.38,150.87,0.466,519.38,11,247,2
117.63,9.2,31.91,9.67,531.07,152.29,0.479,523.01,11,248,2
118.21,9.28,31.88,9.59,525.87,153.88,0.489,525.67,11,249,2
118.64,9.4,31.84,9.48,518.34,155.01,0.502,527.99,11,250,2
119.54,9.51,31.78,9.33,511.2,155.56,0.512,531.27,11,251,2
120.13,9.66,31.74,9.24,503.4,157.31,0.522,534.02,11,252,2
120.73,9.76,31.69,9.14,496.53,158.31,0.531,536.63,11,253,2
121.17,9.86,31.67,9.01,491.23,159.32,0.54,537.65,11,254,2
121.8,9.99,31.65,8.92,484.25,160.02,0.552,540.72,11,255,2
122.31,10.1,31.6,8.79,480.65,161.26,0.561,543.81,11,256,2
123.25,10.2,31.55,8.68,473.15,162.25,0.567,545.59,11,257,2
124.15,10.3,31.5,8.55,466.81,163.61,0.581,548.58,11,258,2
124.95,10.41,31.45,8.43,460.21,164.39,0.591,550.45,11,259,2
126.02,10.51,31.41,8.3,452.38,165.76,0.597,553.85,11,260,2
127.17,10.61,31.35,8.19,447.3,166.66,0.608,556.64,11,261,2
127.69,10.73,31.33,8.06,442.78,167.78,0.619,559.25,11,262,2
128.29,10.88,31.3,7.98,435.06,169.13,0.628,561.41,11,263,2
129.24,10.98,31.27,7.91,430.51,169.65,0.633,562.68,11,264,2
130.03,11.09,31.25,7.84,427.08,171.42,0.647,565.6,11,265,2
131.05,11.21,31.21,7.72,420.3,171.95,0.658,568.23,11,266,2
131.54,11.3,31.16,7.59,414.33,173.35,0.665,571.44,11,267,2
132.19,11.44,31.14,7.45,407.83,174.38,0.677,574.16,11,268,2
133.03,11.53,31.11,7.32,401.43,176.28,0.691,575.77,11,269,2
133.64,11.67,31.05,7.25,397.88,177.41,0.701,579.21,11,270,2
134.62,11.75,31.03,7.16,391.32,179.04,0.711,582.41,11,271,2
135.33,11.87,30.98,7.1,384.67,179.9,0.721,584.09,11,272,2
136.17,12.0,30.93,6.97,380.62,180.9,0.734,586.64,11,273,2
136.8,12.13,30.88,6.84,373.43,181.81,0.748,588.91,11,274,2
137.86,12.21,30.86,6.7,368.84,182.59,0.761,592.32,11,275,2
138.45,12.33,30.83,6.58,365.0,184.05,0.772,594.08,11,276,2
138.93,12.43,30.81,6.53,360.71,184.99,0.782,596.42,11,277,2
139.9,12.52,30.77,6.45,356.44,186.76,0.797,600.3,11,278,2
140.57,12.63,30.73,6.35,349.61,188.64,0.807,601.58,11,279,2
141.34,12.77,30.7,6.27,344.66,189.8,0.815,603.78,11,280,2
141.99,12.87,30.65,6.16,340.51,191.39,0.821,606.88,11,281,2
142.81,12.98,30.62,6.03,333.98,192.05,0.83,609.51,11,282,2
143.55,13.13,30.58,5.96,328.49,192.62,0.838,610.64,11,283,2
143.99,13.27,30.55,5.86,323.98,194.21,0.847,614.39,11,284,2
144.76,13.36,30.51,5.72,316.52,195.31,0.858,617.34,11,285,2
145.73,13.46,30.47,5.64,308.96,196.99,0.87,621.0,11,286,2
146.69,13.57,30.43,5.53,305.14,197.53,0.878,624.51,11,287,2
147.46,13.66,30.37,5.39,299.44,198.38,0.891,626.27,11,288,2
148.24,13.75,30.33,5.33,294.39,198.99,0.904,627.33,11,289,2
149.11,13.89,30.29,5.22,286.66,200.08,0.915,629.5,11,290,2
149.83,13.97,30.26,5.14,279.02,201.88,0.928,633.23,11,291,2
150.24,14.11,30.24,5.04,271.7,203.56,0.935,636.67,11,292,2
150.69,14.25,30.19,4.95,264.62,204.58,0.944,639.61,11,293,2
151.58,14.37,30.14,4.82,258.22,205.86,0.95,642.69,11,294,2
152.14,14.49,30.08,4.71,254.06,207.47,0.963,645.97,11,295,2
153.26,14.61,30.04,4.63,250.26,208.53,0.971,648.27,11,296,2
153.89,14.71,30.01,4.57,242.67,209.34,0.984,651.74,11,297,2
154.83,14.82,29.96,4.48,235.77,210.38,0.995,655.22,11,298,2
155.3,14.92,29.94,4.34,232.28,212.33,1.006,658.55,11,299,2
74.3,3.22,33.61,16.05,811.53,91.85,0.011,390.21,12,0,0
74.57,3.21,33.59,16.14,811.52,92.39,0.009,388.84,12,1,0
74.57,3.23,33.59,16.04,811.56,91.79,0.011,388.04,12,2,0
74.92,3.24,33.59,16.0,812.99,91.3,0.008,387.02,12,3,0
74.73,3.23,33.6,16.07,814.04,91.9,0.009,386.84,12,4,0
74.58,3.22,33.6,16.05,812.43,91.17,0.009,388.72,12,5,0
74.27,3.23,33.62,16.15,814.15,91.18,0.007,390.54,12,6,0
74.47,3.25,33.6,16.1,813.03,90.69,0.008,388.76,12,7,0
74.86,3.25,33.6,16.12,813.02,91.11,0.011,387.92,12,8,0
74.56,3.25,33.6,16.14,816.16,90.97,0.011,389.39,12,9,0
74.64,3.23,33.61,16.07,812.51,91.71,0.006,387.64,12,10,0
74.87,3.23,33.61,16.1,812.85,91.41,0.01,389.25,12,11,0
74.7,3.25,33.6,16.01,816.39,92.07,0.014,390.27,12,12,0
74.73,3.27,33.61,15.94,819.07,92.02,0.018,389.73,12,13,0
74.83,3.3,33.62,15.88,822.05,91.87,0.019,391.17,12,14,0
74.5,3.33,33.62,15.82,822.84,92.65,0.016,389.31,12,15,0
74.9,3.32,33.62,15.79,825.18,92.93,0.02,388.89,12,16,0
75.14,3.33,33.61,15.81,826.19,92.68,0.025,390.55,12,17,0
75.44,3.34,33.6,15.75,827.27,93.57,0.024,391.19,12,18,0
75.39,3.34,33.6,15.75,829.04,93.26,0.026,390.12,12,19,0
75.13,3.33,33.61,15.83,826.74,92.9,0.027,391.03,12,20,0
74.96,3.32,33.63,15.77,825.78,93.46,0.027,392.56,12,21,0
74.62,3.3,33.61,15.76,829.45,93.58,0.025,393.01,12,22,0
74.39,3.28,33.63,15.76,832.72,93.78,0.022,394.97,12,23,0
74.64,3.27,33.61,15.83,835.79,94.69,0.023,395.33,12,24,0
74.45,3.28,33.63,15.77,832.75,94.67,0.027,395.07,12,25,0
74.6,3.27,33.61,15.82,836.27,94.81,0.03,394.21,12,26,0
74.86,3.24,33.62,15.78,839.51,95.17,0.034,394.01,12,27,0
74.61,3.24,33.61,15.81,842.8,95.95,0.032,394.73,12,28,0
74.98,3.22,33.63,15.73,844.75,96.7,0.032,394.51,12,29,0
74.59,3.24,33.62,15.65,846.94,96.92,0.031,395.21,12,30,0
74.86,3.21,33.64,15.66,844.87,96.51,0.035,393.4,12,31,0
74.53,3.23,33.66,15.71,847.78,96.71,0.04,393.51,12,32,0
74.66,3.24,33.64,15.77,844.53,96.56,0.044,395.07,12,33,0
74.44,3.24,33.66,15.74,846.74,96.27,0.048,394.58,12,34,0
74.34,3.24,33.64,15.71,845.47,95.75,0.045,395.82,12,35,0
74.61,3.24,33.63,15.69,843.33,96.0,0.043,394.53,12,36,0
74.49,3.25,33.62,15.63,843.09,96.6,0.042,394.02,12,37,0
74.8,3.25,33.63,15.66,846.89,97.59,0.04,393.04,12,38,0
75.18,3.24,33.64,15.75,844.16,97.39,0.039,391.2,12,39,0
75.57,3.24,33.63,15.78,841.18,97.1,0.035,390.2,12,40,0
75.36,3.24,33.64,15.74,839.36,97.94,0.034,389.97,12,41,0
75.6,3.22,33.65,15.8,835.83,98.91,0.037,388.74,12,42,0
75.89,3.21,33.64,15.83,838.93,98.66,0.032,388.83,12,43,0
75.63,3.21,33.62,15.74,839.57,99.31,0.032,386.9,12,44,0
75.42,3.19,33.61,15.7,836.9,98.39,0.031,387.15,12,45,0
75.41,3.2,33.61,15.61,836.28,98.09,0.031,385.76,12,46,0
75.46,3.21,33.62,15.53,837.73,98.01,0.035,385.52,12,47,0
75.5,3.19,33.63,15.59,836.68,98.62,0.032,384.52,12,48,0
75.84,3.17,33.62,15.55,837.03,99.53,0.031,383.49,12,49,0
75.8,3.19,33.62,15.58,838.45,100.41,0.033,384.28,12,50,0
76.14,3.21,33.64,15.59,837.42,101.27,0.037,386.27,12,51,0
76.48,3.24,33.64,15.57,833.63,100.44,0.042,387.31,12,52,0
76.85,3.26,33.66,15.58,835.55,101.16,0.043,385.46,12,53,0
76.55,3.28,33.67,15.58,837.81,101.74,0.044,384.5,12,54,0
76.29,3.27,33.66,15.57,838.72,101.14,0.041,385.66,12,55,0
76.16,3.28,33.67,15.58,837.25,101.22,0.038,384.61,12,56,0
76.4,3.25,33.67,15.61,833.84,102.03,0.035,385.04,12,57,0
76.64,3.23,33.69,15.66,833.58,101.99,0.038,385.94,12,58,0
76.96,3.24,33.68,15.7,835.83,102.04,0.04,386.96,12,59,0
76.96,3.22,33.68,15.7,833.26,101.52,0.042,387.76,12,60,0
76.9,3.23,33.67,15.78,835.14,102.15,0.041,388.71,12,61,0
76.61,3.26,33.65,15.82,838.73,102.17,0.038,387.67,12,62,0
76.45,3.28,33.63,15.73,835.81,103.03,0.041,385.81,12,63,0
76.4,3.28,33.64,15.7,834.95,103.43,0.039,385.95,12,64,0
76.24,3.27,33.65,15.65,838.75,102.82,0.035,387.24,12,65,0
75.95,3.27,33.66,15.72,838.03,103.48,0.032,385.7,12,66,0
76.15,3.29,33.64,15.72,838.92,102.49,0.029,384.93,12,67,0
75.8,3.32,33.66,15.79,838.98,103.06,0.028,385.6,12,68,0
76.0,3.35,33.67,15.69,838.43,103.76,0.028,383.68,12,69,0
75.83,3.37,33.68,15.71,837.26,104.73,0.024,382.99,12,70,0
76.06,3.37,33.7,15.61,839.05,104.91,0.021,384.1,12,71,0
75.78,3.4,33.69,15.53,841.43,105.17,0.017,382.83,12,72,0
76.15,3.39,33.7,15.52,838.86,105.48,0.012,382.65,12,73,0
76.22,3.41,33.71,15.48,838.67,104.83,0.014,382.89,12,74,0
76.37,3.43,33.7,15.5,836.16,103.91,0.019,382.95,12,75,0
75.99,3.45,33.69,15.5,836.96,104.19,0.016,382.14,12,76,0
75.89,3.45,33.69,15.43,837.92,104.87,0.02,383.63,12,77,0
76.23,3.45,33.67,15.33,840.9,103.97,0.024,383.14,12,78,0
76.36,3.44,33.66,15.24,839.86,103.81,0.02,384.93,12,79,0
76.44,3.47,33.65,15.3,839.31,103.36,0.018,383.94,12,80,0
76.1,3.44,33.63,15.31,842.92,102.45,0.016,382.26,12,81,0
76.16,3.42,33.65,15.38,840.84,102.74,0.017,382.24,12,82,0
76.03,3.45,33.65,15.44,840.22,102.03,0.015,380.7,12,83,0
75.64,3.45,33.66,15.47,838.16,101.66,0.014,380.94,12,84,0
75.4,3.47,33.66,15.49,839.92,102.25,0.016,379.97,12,85,0
75.57,3.46,33.66,15.47,836.41,101.85,0.017,380.95,12,86,0
75.9,3.48,33.66,15.38,833.69,101.87,0.021,382.36,12,87,0
75.87,3.49,33.66,15.29,833.87,101.06,0.017,380.96,12,88,0
75.87,3.51,33.66,15.25,832.25,101.34,0.014,382.02,12,89,0
75.49,3.54,33.66,15.28,829.97,101.77,0.016,382.79,12,90,0
75.24,3.55,33.67,15.32,830.65,102.35,0.015,380.91,12,91,0
75.38,3.56,33.68,15.3,826.75,102.76,0.014,379.8,12,92,0
75.5,3.57,33.66,15.24,823.0,103.43,0.011,378.49,12,93,0
75.1,3.6,33.68,15.26,820.63,102.89,0.007,376.73,12,94,0
75.04,3.58,33.66,15.24,818.48,103.47,0.005,376.18,12,95,0
75.14,3.6,33.64,15.34,815.41,103.54,0.002,375.57,12,96,0
75.26,3.61,33.64,15.28,816.34,103.41,-0.002,377.38,12,97,0
75.19,3.61,33.64,15.38,819.05,102.42,-0.0,376.82,12,98,0
75.54,3.63,33.64,15.36,817.32,102.71,0.003,375.76,12,99,0
75.32,3.6,33.65,15.46,816.18,102.72,0.005,375.93,12,100,0
75.67,3.58,33.64,15.52,817.06,102.54,0.005,375.85,12,101,0
75.46,3.56,33.66,15.54,814.41,103.33,0.007,374.16,12,102,0
75.78,3.58,33.68,15.61,812.09,104.27,0.007,372.53,12,103,0
75.66,3.56,33.66,15.53,808.56,104.48,0.005,373.62,12,104,0
75.31,3.55,33.68,15.43,811.68,104.12,0.007,374.76,12,105,0
75.29,3.54,33.67,15.43,814.68,104.42,0.006,374.96,12,106,0
75.67,3.52,33.67,15.53,814.18,103.97,0.009,376.95,12,107,0
75.59,3.51,33.65,15.54,815.34,104.4,0.006,375.44,12,108,0
75.5,3.48,33.63,15.53,813.81,104.75,0.003,373.93,12,109,0
75.72,3.51,33.63,15.54,810.07,104.4,0.002,374.74,12,110,0
75.76,3.51,33.64,15.63,809.47,104.19,-0.0,376.59,12,111,0
75.98,3.52,33.65,15.56,808.98,104.35,-0.004,374.91,12,112,0
75.65,3.49,33.66,15.61,811.84,105.33,-0.003,375.54,12,113,0
75.44,3.46,33.66,15.69,810.93,105.22,-0.006,377.5,12,114,0
75.61,3.46,33.65,15.71,811.95,105.66,-0.008,378.09,12,115,0
75.41,3.47,33.66,15.74,814.21,106.21,-0.012,377.53,12,116,0
75.25,3.44,33.65,15.71,813.14,105.42,-0.011,377.47,12,117,0
74.95,3.43,33.65,15.73,813.85,105.6,-0.014,375.52,12,118,0
75.27,3.46,33.64,15.74,810.9,104.72,-0.009,373.98,12,119,0
75.31,3.43,33.66,15.67,811.39,105.13,-0.014,372.61,12,120,0
75.38,3.41,33.66,15.61,810.35,104.37,-0.016,373.6,12,121,0
75.73,3.38,33.65,15.67,813.64,104.38,-0.014,372.13,12,122,0
75.82,3.36,33.65,15.63,816.71,103.65,-0.016,373.53,12,123,0
75.68,3.34,33.66,15.54,814.72,104.48,-0.021,373.0,12,124,0
75.79,3.34,33.65,15.56,811.97,103.65,-0.022,371.4,12,125,0
76.04,3.34,33.67,15.46,811.61,103.08,-0.024,372.51,12,126,0
75.73,3.37,33.67,15.52,812.44,102.89,-0.024,373.29,12,127,0
75.57,3.38,33.66,15.43,809.38,102.0,-0.025,375.14,12,128,0
75.25,3.39,33.66,15.4,811.08,101.07,-0.027,374.25,12,129,0
75.64,3.38,33.67,15.32,808.82,101.37,-0.027,373.14,12,130,0
75.85,3.38,33.66,15.23,812.47,101.43,-0.027,371.9,12,131,0
76.05,3.36,33.67,15.22,811.18,100.71,-0.032,370.19,12,132,0
75.68,3.34,33.65,15.16,809.64,101.42,-0.032,370.57,12,133,0
75.9,3.34,33.67,15.25,812.33,101.72,-0.028,370.56,12,134,0
76.28,3.36,33.67,15.33,812.07,101.67,-0.028,371.35,12,135,0
76.08,3.36,33.65,15.4,810.07,102.22,-0.024,372.98,12,136,0
75.82,3.38,33.63,15.4,807.64,101.36,-0.029,374.48,12,137,0
75.82,3.39,33.63,15.32,807.99,102.09,-0.025,375.1,12,138,0
75.74,3.37,33.65,15.29,804.97,102.85,-0.025,374.39,12,139,0
75.46,3.37,33.67,15.39,807.86,103.49,-0.027,375.02,12,140,0
75.84,3.37,33.66,15.41,805.42,104.41,-0.023,376.64,12,141,0
75.72,3.39,33.67,15.4,801.79,105.0,-0.027,377.94,12,142,0
75.95,3.37,33.67,15.42,797.85,105.97,-0.025,377.04,12,143,0
75.79,3.35,33.66,15.5,796.29,106.96,-0.02,375.48,12,144,0
75.51,3.36,33.67,15.42,796.97,106.78,-0.024,373.98,12,145,0
75.47,3.38,33.66,15.37,798.57,105.99,-0.023,375.72,12,146,0
75.75,3.39,33.67,15.33,796.24,105.87,-0.02,375.25,12,147,0
75.73,3.41,33.65,15.39,792.39,105.37,-0.024,375.16,12,148,0
75.37,3.42,33.65,15.4,790.2,104.55,-0.019,373.53,12,149,0
75.22,3.39,33.65,15.5,792.49,105.1,-0.02,373.68,12,150,0
75.38,3.39,33.65,15.46,791.46,106.08,-0.025,373.99,12,151,0
75.23,3.39,33.66,15.39,788.72,105.39,-0.026,375.39,12,152,0
75.32,3.39,33.66,15.47,787.69,105.94,-0.024,377.25,12,153,0
74.93,3.41,33.68,15.47,784.16,106.75,-0.022,378.1,12,154,0
74.93,3.4,33.68,15.43,787.11,107.15,-0.026,379.44,12,155,0
74.88,3.38,33.66,15.52,789.28,106.83,-0.028,381.05,12,156,0
75.17,3.41,33.64,15.55,789.23,106.66,-0.029,382.89,12,157,0
75.54,3.42,33.63,15.47,788.75,105.91,-0.033,384.39,12,158,0
75.71,3.42,33.61,15.47,787.14,106.25,-0.03,385.53,12,159,0
75.98,3.45,33.62,15.38,790.97,106.6,-0.026,385.17,12,160,0
75.62,3.42,33.61,15.48,791.93,106.35,-0.024,386.5,12,161,0
75.76,3.41,33.6,15.38,789.26,106.48,-0.025,387.43,12,162,0
76.1,3.43,33.62,15.42,785.71,106.32,-0.025,388.44,12,163,0
75.94,3.42,33.61,15.41,787.79,105.39,-0.027,389.51,12,164,0
75.57,3.42,33.6,15.44,785.31,105.93,-0.026,389.15,12,165,0
75.19,3.41,33.6,15.46,788.3,104.93,-0.024,390.22,12,166,0
75.36,3.4,33.62,15.49,785.28,104.11,-0.024,391.3,12,167,0
75.63,3.39,33.63,15.54,788.31,104.84,-0.028,389.37,12,168,0
76.01,3.41,33.63,15.44,790.53,104.19,-0.031,388.25,12,169,0
75.98,3.38,33.62,15.39,792.22,103.43,-0.032,386.9,12,170,0
75.69,3.41,33.63,15.31,790.79,104.42,-0.035,388.53,12,171,0
75.4,3.38,33.62,15.35,791.28,104.99,-0.04,387.81,12,172,0
75.5,3.39,33.62,15.34,793.57,104.02,-0.037,385.98,12,173,0
75.73,3.42,33.61,15.25,794.06,104.18,-0.041,385.72,12,174,0
75.41,3.4,33.63,15.28,790.28,104.97,-0.044,385.29,12,175,0
75.31,3.4,33.63,15.34,790.72,105.38,-0.041,386.31,12,176,0
75.52,3.43,33.64,15.33,793.75,105.36,-0.043,387.79,12,177,0
75.69,3.44,33.64,15.23,793.72,104.95,-0.046,387.76,12,178,0
75.98,3.42,33.66,15.16,795.72,105.59,-0.048,386.49,12,179,0
76.21,3.45,33.66,15.14,790.99,106.39,-0.042,387.86,12,180,1
76.65,3.49,33.64,15.07,786.49,107.16,-0.034,388.18,12,181,1
77.31,3.54,33.63,15.03,783.47,107.35,-0.03,389.31,12,182,1
77.94,3.6,33.61,14.99,778.38,107.84,-0.026,389.57,12,183,1
78.44,3.64,33.6,14.94,773.04,108.1,-0.02,390.39,12,184,1
79.23,3.71,33.58,14.89,769.82,108.62,-0.015,391.92,12,185,1
79.69,3.78,33.56,14.82,767.24,109.18,-0.008,392.6,12,186,1
80.45,3.84,33.53,14.79,763.71,109.71,-0.005,393.41,12,187,1
80.74,3.9,33.51,14.77,759.44,110.54,-0.002,395.31,12,188,1
81.17,3.96,33.51,14.73,754.97,111.0,0.002,397.24,12,189,1
81.88,4.03,33.48,14.66,749.64,111.16,0.006,398.82,12,190,1
82.6,4.06,33.47,14.62,745.55,111.6,0.012,399.81,12,191,1
82.87,4.12,33.45,14.58,740.22,112.16,0.018,400.53,12,192,1
83.6,4.19,33.43,14.52,737.95,112.65,0.022,402.12,12,193,1
84.05,4.27,33.41,14.45,734.33,113.4,0.028,402.18,12,194,1
84.51,4.31,33.38,14.43,731.01,113.73,0.036,402.25,12,195,1
84.88,4.34,33.36,14.37,728.17,113.83,0.041,403.09,12,196,1
85.33,4.42,33.35,14.33,722.67,114.47,0.045,404.43,12,197,1
85.83,4.5,33.35,14.3,718.62,115.22,0.053,405.05,12,198,1
86.31,4.54,33.34,14.25,714.5,115.85,0.059,405.91,12,199,1
86.55,4.61,33.31,14.23,709.7,116.43,0.067,406.1,12,200,1
87.22,4.69,33.31,14.19,705.61,116.88,0.07,406.83,12,201,1
88.0,4.72,33.28,14.12,700.92,117.68,0.077,408.26,12,202,1
88.47,4.8,33.27,14.07,697.94,118.11,0.082,409.86,12,203,1
89.17,4.85,33.25,13.99,692.54,119.09,0.087,410.73,12,204,1
89.47,4.91,33.22,13.94,689.49,119.5,0.09,412.15,12,205,1
89.8,4.96,33.19,13.9,684.4,119.78,0.095,413.61,12,206,1
90.58,5.02,33.19,13.87,679.44,120.21,0.1,414.91,12,207,1
90.79,5.09,33.18,13.84,675.31,120.69,0.104,414.94,12,208,1
91.32,5.13,33.17,13.82,672.61,121.48,0.106,415.46,12,209,1
91.59,5.18,33.17,13.78,669.59,122.04,0.114,416.61,12,210,1
91.97,5.25,33.14,13.7,666.72,122.66,0.118,418.37,12,211,1
92.18,5.31,33.14,13.63,663.32,123.6,0.126,419.99,12,212,1
92.48,5.37,33.12,13.57,658.97,124.18,0.13,421.09,12,213,1
92.76,5.4,33.11,13.54,656.71,125.12,0.135,421.51,12,214,1
93.25,5.46,33.09,13.51,652.13,125.14,0.14,422.24,12,215,1
93.76,5.51,33.09,13.47,646.76,125.73,0.144,422.96,12,216,1
93.97,5.58,33.07,13.43,643.74,126.17,0.148,424.6,12,217,1
94.36,5.63,33.07,13.38,640.36,126.87,0.156,426.47,12,218,1
95.16,5.67,33.04,13.32,636.96,126.87,0.159,427.01,12,219,1
95.62,5.81,33.01,13.24,629.85,128.17,0.168,429.23,12,220,2
96.08,5.89,32.96,13.19,622.55,129.55,0.174,431.88,12,221,2
96.57,6.03,32.92,13.11,617.32,130.49,0.182,433.59,12,222,2
97.0,6.16,32.87,13.06,612.86,131.03,0.193,435.87,12,223,2
97.94,6.26,32.83,12.96,607.32,132.8,0.204,439.84,12,224,2
98.9,6.34,32.79,12.82,602.81,134.15,0.219,440.99,12,225,2
99.83,6.44,32.76,12.7,596.31,134.67,0.233,444.72,12,226,2
100.84,6.53,32.72,12.55,593.08,136.06,0.247,446.02,12,227,2
101.92,6.62,32.69,12.45,588.18,136.9,0.26,447.29,12,228,2
102.5,6.73,32.65,12.31,583.1,138.89,0.269,449.07,12,229,2
102.9,6.82,32.62,12.22,578.77,140.55,0.279,450.63,12,230,2
104.03,6.96,32.58,12.12,575.21,141.82,0.286,451.89,12,231,2
104.68,7.06,32.56,12.03,569.06,143.53,0.293,454.6,12,232,2
105.22,7.16,32.52,11.91,564.34,144.89,0.305,457.23,12,233,2
105.79,7.27,32.46,11.83,559.54,146.84,0.315,459.1,12,234,2
106.74,7.42,32.44,11.69,555.6,148.21,0.323,460.98,12,235,2
107.9,7.57,32.39,11.59,551.89,149.08,0.333,462.01,12,236,2
108.66,7.65,32.33,11.47,546.87,150.42,0.345,465.86,12,237,2
109.32,7.79,32.29,11.32,539.38,152.4,0.353,468.96,12,238,2
110.46,7.88,32.26,11.24,534.78,154.16,0.359,470.2,12,239,2
111.12,7.98,32.22,11.11,531.54,155.53,0.365,471.57,12,240,2
112.02,8.12,32.19,10.99,524.8,156.21,0.371,474.52,12,241,2
112.83,8.22,32.16,10.92,520.71,157.05,0.379,477.27,12,242,2
113.49,8.36,32.12,10.82,516.01,157.97,0.388,479.23,12,243,2
114.14,8.46,32.07,10.75,510.65,158.52,0.395,480.95,12,244,2
114.71,8.57,32.01,10.7,507.35,159.32,0.41,484.04,12,245,2
115.69,8.69,31.98,10.6,502.49,160.02,0.42,487.41,12,246,2
116.22,8.84,31.95,10.52,498.72,160.69,0.435,489.87,12,247,2
117.02,8.95,31.9,10.42,495.46,161.29,0.444,492.78,12,248,2
118.06,9.07,31.88,10.31,492.06,162.89,0.453,496.58,12,249,2
118.93,9.17,31.82,10.22,488.28,163.94,0.466,499.67,12,250,2
119.46,9.27,31.78,10.16,485.19,164.45,0.475,502.01,12,251,2
120.18,9.39,31.75,10.01,479.39,165.86,0.482,505.75,12,252,2
121.37,9.48,31.72,9.95,474.97,166.68,0.492,507.36,12,253,2
122.16,9.58,31.66,9.81,471.83,167.33,0.501,509.43,12,254,2
122.67,9.69,31.62,9.69,464.56,168.25,0.508,512.79,12,255,2
123.57,9.79,31.57,9.6,458.25,169.84,0.519,515.35,12,256,2
124.25,9.91,31.51,9.53,451.38,170.87,0.53,519.14,12,257,2
125.24,10.0,31.48,9.39,445.62,172.8,0.538,523.07,12,258,2
126.07,10.13,31.45,9.28,440.41,174.28,0.545,524.9,12,259,2
126.97,10.27,31.4,9.22,433.79,175.1,0.554,526.13,12,260,2
127.92,10.38,31.38,9.12,426.63,176.92,0.568,528.51,12,261,2
128.96,10.46,31.36,9.0,419.27,177.83,0.58,531.52,12,262,2
129.51,10.59,31.3,8.87,416.22,179.52,0.587,535.25,12,263,2
130.33,10.72,31.25,8.74,412.46,181.44,0.594,538.62,12,264,2
131.35,10.82,31.23,8.66,407.52,182.26,0.604,542.5,12,265,2
131.77,10.94,31.21,8.57,404.21,183.6,0.614,544.28,12,266,2
132.24,11.06,31.18,8.47,397.33,184.54,0.622,545.47,12,267,2
132.75,11.15,31.13,8.35,394.24,186.26,0.63,548.85,12,268,2
133.63,11.23,31.08,8.23,389.32,187.64,0.637,550.83,12,269,2
134.27,11.36,31.04,8.15,384.19,189.56,0.642,551.93,12,270,2
134.89,11.51,31.02,8.01,376.83,191.47,0.652,554.7,12,271,2
135.74,11.6,30.98,7.91,369.44,192.38,0.664,555.81,12,272,2
136.39,11.73,30.96,7.82,365.14,193.45,0.671,559.3,12,273,2
137.09,11.88,30.92,7.71,362.06,194.62,0.679,561.18,12,274,2
137.84,11.98,30.88,7.6,358.61,195.32,0.688,565.08,12,275,2
138.66,12.09,30.86,7.48,351.76,196.6,0.694,568.84,12,276,2
139.13,12.21,30.81,7.34,346.69,197.98,0.704,571.29,12,277,2
139.81,12.33,30.77,7.25,341.15,199.7,0.715,572.82,12,278,2
140.98,12.43,30.71,7.11,336.25,200.39,0.723,574.97,12,279,2
141.74,12.53,30.67,6.99,330.86,202.18,0.731,576.64,12,280,2
142.16,12.67,30.63,6.91,326.44,203.33,0.741,579.2,12,281,2
143.29,12.79,30.61,6.8,321.82,204.64,0.747,582.78,12,282,2
143.75,12.94,30.58,6.7,316.68,205.33,0.756,583.86,12,283,2
144.27,13.09,30.53,6.58,311.91,207.02,0.764,586.64,12,284,2
145.43,13.22,30.5,6.5,304.42,208.99,0.772,589.42,12,285,2
146.11,13.35,30.45,6.38,300.75,210.18,0.778,591.23,12,286,2
147.21,13.45,30.4,6.24,294.64,211.1,0.786,593.65,12,287,2
148.24,13.57,30.36,6.12,289.32,212.47,0.791,597.13,12,288,2
148.94,13.68,30.31,6.06,282.5,214.32,0.805,601.06,12,289,2
149.67,13.82,30.27,5.94,274.6,215.41,0.819,603.56,12,290,2
150.72,13.93,30.24,5.88,270.16,216.22,0.827,607.56,12,291,2
151.46,14.08,30.21,5.78,265.21,217.59,0.839,609.37,12,292,2
152.57,14.17,30.17,5.73,259.57,218.71,0.852,610.95,12,293,2
153.43,14.32,30.13,5.64,251.65,219.79,0.864,613.43,12,294,2
154.35,14.44,30.11,5.53,245.95,221.05,0.871,614.66,12,295,2
154.87,14.53,30.08,5.38,238.19,222.0,0.878,616.47,12,296,2
155.89,14.62,30.03,5.23,230.73,223.6,0.892,620.17,12,297,2
157.01,14.75,29.99,5.17,227.59,225.1,0.906,622.53,12,298,2
157.64,14.87,29.94,5.04,221.86,226.13,0.919,626.34,12,299,2
74.17,3.23,33.62,16.01,811.17,91.69,0.005,391.68,13,0,0
74.42,3.24,33.61,16.11,811.77,92.31,0.004,393.52,13,1,0
74.3,3.24,33.6,16.14,812.66,92.77,-0.001,393.32,13,2,0
74.49,3.23,33.6,16.18,811.0,92.46,0.004,394.2,13,3,0
74.6,3.25,33.61,16.13,813.65,92.4,0.007,392.8,13,4,0
74.78,3.22,33.62,16.18,814.64,91.86,0.006,393.22,13,5,0
74.52,3.2,33.62,16.1,810.74,92.76,0.009,394.14,13,6,0
74.76,3.21,33.6,16.17,809.72,92.4,0.008,395.9,13,7,0
74.72,3.2,33.61,16.22,811.57,91.92,0.005,394.04,13,8,0
74.97,3.22,33.59,16.22,814.15,91.17,0.006,395.29,13,9,0
74.6,3.21,33.58,16.22,812.76,90.55,0.008,395.64,13,10,0
74.7,3.18,33.58,16.3,816.26,90.26,0.011,396.63,13,11,0
74.96,3.2,33.58,16.37,817.69,90.36,0.008,398.03,13,12,0
75.1,3.19,33.58,16.4,815.27,90.24,0.013,396.36,13,13,0
74.99,3.18,33.58,16.36,812.84,91.24,0.009,394.61,13,14,0
74.61,3.2,33.58,16.3,810.67,90.83,0.008,394.38,13,15,0
74.33,3.19,33.57,16.35,807.94,89.9,0.009,394.63,13,16,0
74.32,3.18,33.57,16.31,806.0,90.09,0.009,393.28,13,17,0
74.65,3.16,33.57,16.35,802.43,89.81,0.011,393.49,13,18,0
74.9,3.15,33.57,16.32,801.4,88.93,0.011,391.74,13,19,0
75.21,3.13,33.56,16.3,804.38,88.77,0.014,391.34,13,20,0
75.16,3.12,33.55,16.32,807.07,89.57,0.009,391.18,13,21,0
75.19,3.12,33.55,16.29,806.55,89.47,0.013,389.25,13,22,0
75.05,3.1,33.55,16.23,810.44,88.53,0.015,388.29,13,23,0
74.85,3.11,33.54,16.26,806.58,88.1,0.018,386.48,13,24,0
75.15,3.08,33.54,16.36,803.48,87.8,0.019,385.71,13,25,0
75.44,3.08,33.52,16.4,802.53,87.13,0.019,385.43,13,26,0
75.22,3.09,33.54,16.39,800.61,87.4,0.022,384.33,13,27,0
75.44,3.07,33.53,16.32,803.46,86.56,0.019,383.63,13,28,0
75.25,3.06,33.52,16.27,806.44,85.71,0.023,385.29,13,29,0
75.53,3.08,33.53,16.3,806.36,84.94,0.028,386.39,13,30,0
75.34,3.07,33.51,16.28,808.01,85.82,0.027,387.04,13,31,0
75.23,3.09,33.5,16.26,804.17,86.35,0.027,388.01,13,32,0
74.92,3.06,33.51,16.34,803.35,86.63,0.024,388.69,13,33,0
74.61,3.06,33.5,16.25,802.92,85.97,0.028,389.23,13,34,0
74.85,3.03,33.48,16.23,805.71,84.99,0.031,387.6,13,35,0
75.05,3.02,33.5,16.25,803.74,84.47,0.028,387.59,13,36,0
75.39,3.0,33.51,16.31,802.79,83.94,0.026,388.21,13,37,0
75.02,2.98,33.5,16.3,806.08,84.58,0.029,388.84,13,38,0
75.22,2.96,33.51,16.28,808.62,84.15,0.026,388.23,13,39,0
75.03,2.97,33.49,16.36,805.98,83.82,0.031,389.86,13,40,0
75.33,2.95,33.5,16.27,805.8,83.15,0.028,391.21,13,41,0
75.48,2.98,33.49,16.34,807.65,83.19,0.027,391.88,13,42,0
75.67,2.99,33.47,16.32,805.23,82.79,0.028,392.38,13,43,0
75.41,3.01,33.47,16.27,807.78,82.5,0.031,394.31,13,44,0
75.75,3.03,33.47,16.23,807.08,83.04,0.034,394.96,13,45,0
75.88,3.05,33.46,16.2,807.95,82.87,0.036,394.37,13,46,0
75.84,3.07,33.46,16.18,807.49,83.83,0.037,393.24,13,47,0
76.0,3.09,33.45,16.27,804.29,84.02,0.04,394.29,13,48,0
76.04,3.09,33.44,16.34,808.28,83.09,0.038,394.43,13,49,0
75.93,3.12,33.43,16.28,811.65,82.09,0.043,394.28,13,50,0
75.67,3.12,33.44,16.32,811.41,81.39,0.039,394.76,13,51,0
75.43,3.12,33.46,16.39,811.02,81.95,0.041,396.07,13,52,0
75.5,3.1,33.45,16.29,810.02,82.69,0.044,394.64,13,53,0
75.76,3.09,33.45,16.32,810.01,82.37,0.048,394.34,13,54,0
76.12,3.08,33.45,16.31,810.34,83.0,0.044,392.66,13,55,0
76.15,3.06,33.47,16.35,806.85,83.41,0.043,391.14,13,56,0
75.79,3.08,33.47,16.39,808.16,82.77,0.043,391.96,13,57,0
75.58,3.07,33.48,16.4,810.85,82.59,0.046,393.12,13,58,0
75.52,3.04,33.47,16.44,810.12,82.47,0.046,394.45,13,59,0
75.19,3.02,33.47,16.51,813.83,82.55,0.044,392.62,13,60,0
75.02,3.0,33.45,16.56,810.84,81.99,0.046,391.15,13,61,0
74.64,3.01,33.46,16.52,809.3,82.81,0.051,391.35,13,62,0
74.32,3.01,33.47,16.44,807.66,83.58,0.047,391.0,13,63,0
74.06,3.03,33.48,16.45,810.73,83.01,0.044,391.27,13,64,0
73.81,3.01,33.46,16.53,811.46,83.23,0.045,392.26,13,65,0
73.64,3.0,33.47,16.5,811.23,83.05,0.043,392.73,13,66,0
73.59,3.02,33.45,16.45,812.13,82.1,0.042,393.5,13,67,0
73.76,3.0,33.46,16.46,812.2,82.91,0.04,393.43,13,68,0
73.37,2.99,33.46,16.44,811.15,82.57,0.041,394.18,13,69,0
73.07,2.96,33.48,16.36,807.27,82.8,0.043,393.93,13,70,0
73.32,2.95,33.46,16.26,803.89,82.75,0.039,391.95,13,71,0
73.66,2.94,33.48,16.33,804.37,83.56,0.039,391.33,13,72,0
73.55,2.92,33.5,16.26,802.14,82.95,0.034,390.29,13,73,0
73.69,2.93,33.48,16.29,803.71,83.63,0.037,390.02,13,74,0
73.7,2.96,33.48,16.31,800.76,82.63,0.036,391.77,13,75,0
73.7,2.97,33.47,16.24,803.77,81.76,0.033,390.41,13,76,0
73.86,2.96,33.47,16.19,806.43,80.8,0.033,388.77,13,77,0
73.85,2.96,33.46,16.25,803.42,80.5,0.029,388.36,13,78,0
74.08,2.97,33.47,16.22,802.87,79.59,0.025,387.89,13,79,0
74.16,2.94,33.48,16.28,805.55,79.65,0.021,388.38,13,80,0
74.45,2.97,33.49,16.18,807.82,80.12,0.016,389.77,13,81,0
74.5,2.96,33.48,16.26,810.34,80.46,0.02,388.3,13,82,0
74.16,2.95,33.49,16.36,812.04,79.57,0.016,389.92,13,83,0
74.41,2.97,33.48,16.46,809.6,79.5,0.016,389.29,13,84,0
74.33,2.97,33.47,16.37,808.97,79.92,0.012,389.08,13,85,0
74.68,2.94,33.46,16.47,810.6,79.68,0.008,387.42,13,86,0
74.63,2.95,33.45,16.49,809.57,78.92,0.012,387.82,13,87,0
74.76,2.95,33.45,16.48,805.75,79.72,0.012,387.94,13,88,0
74.51,2.95,33.46,16.47,803.78,78.99,0.011,387.87,13,89,0
74.47,2.92,33.46,16.46,801.96,78.07,0.011,387.33,13,90,0
74.54,2.93,33.45,16.44,801.37,78.61,0.013,387.29,13,91,0
74.92,2.94,33.43,16.53,799.92,78.21,0.015,388.21,13,92,0
74.82,2.97,33.41,16.43,802.65,79.13,0.012,388.38,13,93,0
75.09,2.95,33.41,16.4,801.95,79.95,0.013,389.26,13,94,0
75.46,2.97,33.4,16.36,800.0,80.81,0.009,390.72,13,95,0
75.56,3.0,33.38,16.27,798.05,81.17,0.008,391.61,13,96,0
75.79,2.98,33.37,16.2,801.71,81.72,0.011,392.13,13,97,0
76.02,2.97,33.37,16.22,805.58,81.28,0.014,393.8,13,98,0
76.17,3.0,33.37,16.17,804.33,80.99,0.012,394.21,13,99,0
76.07,3.01,33.37,16.09,802.0,80.38,0.011,396.01,13,100,0
76.42,3.04,33.39,15.99,802.16,79.61,0.012,396.57,13,101,0
76.06,3.07,33.37,15.9,798.28,79.07,0.008,396.5,13,102,0
76.14,3.05,33.37,15.97,799.56,78.33,0.004,397.21,13,103,0
76.36,3.03,33.38,16.04,795.84,77.43,0.008,396.58,13,104,0
76.64,3.03,33.37,16.06,792.92,76.65,0.006,394.92,13,105,0
77.0,3.04,33.36,15.98,791.95,77.58,0.006,394.05,13,106,0
77.14,3.01,33.36,16.01,793.57,77.69,0.005,395.19,13,107,0
77.22,3.01,33.37,16.04,789.67,77.34,0.0,394.76,13,108,0
77.13,3.03,33.36,16.09,790.2,78.22,0.003,396.55,13,109,0
76.95,3.06,33.36,16.07,788.93,77.23,0.006,394.88,13,110,0
76.61,3.06,33.35,16.15,785.35,78.07,0.011,394.7,13,111,0
76.76,3.05,33.35,16.08,783.81,78.85,0.013,394.5,13,112,0
76.71,3.05,33.37,16.11,781.44,79.77,0.015,394.89,13,113,0
76.77,3.08,33.35,16.02,781.65,79.15,0.011,395.41,13,114,0
76.6,3.05,33.36,16.06,781.75,79.24,0.012,395.22,13,115,0
76.97,3.06,33.37,16.13,784.78,78.95,0.008,393.95,13,116,0
77.12,3.04,33.37,16.04,785.24,79.43,0.012,392.97,13,117,0
76.8,3.05,33.35,16.11,788.16,79.69,0.012,393.17,13,118,0
76.46,3.04,33.34,16.21,790.59,79.27,0.008,392.97,13,119,0
76.84,3.02,33.35,16.18,789.46,79.87,0.005,393.22,13,120,0
76.8,3.01,33.34,16.18,791.75,80.39,0.004,394.59,13,121,0
76.71,3.01,33.36,16.19,794.94,80.9,0.008,395.44,13,122,0
76.63,3.0,33.38,16.26,793.25,80.0,0.012,393.87,13,123,0
76.72,3.01,33.36,16.35,792.51,79.3,0.012,394.23,13,124,0
76.97,3.0,33.38,16.39,796.27,78.5,0.015,392.45,13,125,0
76.98,2.99,33.39,16.39,797.96,78.33,0.014,392.35,13,126,0
77.27,3.0,33.39,16.43,795.25,78.73,0.019,391.66,13,127,0
77.23,2.98,33.41,16.35,795.91,78.79,0.016,390.8,13,128,0
77.18,3.0,33.42,16.42,793.09,77.82,0.02,389.96,13,129,0
77.43,2.99,33.43,16.5,793.13,77.32,0.019,390.41,13,130,0
77.82,3.0,33.44,16.51,789.53,78.21,0.021,389.35,13,131,0
77.67,3.02,33.42,16.48,793.21,78.8,0.02,389.1,13,132,0
77.85,2.99,33.41,16.45,794.7,78.54,0.017,388.74,13,133,0
77.68,3.02,33.41,16.38,795.2,77.69,0.021,389.33,13,134,0
77.71,3.02,33.4,16.4,792.88,77.69,0.022,388.75,13,135,0
77.7,3.04,33.42,16.49,789.96,78.5,0.019,386.87,13,136,0
77.8,3.05,33.43,16.47,793.63,79.48,0.022,388.63,13,137,0
77.68,3.05,33.43,16.39,789.95,80.47,0.025,390.09,13,138,0
77.66,3.03,33.41,16.38,791.12,79.59,0.021,390.23,13,139,0
77.75,3.04,33.41,16.33,789.93,80.0,0.024,390.95,13,140,0
77.59,3.04,33.4,16.35,786.64,79.41,0.026,391.29,13,141,0
77.96,3.05,33.4,16.41,786.99,79.86,0.026,390.62,13,142,0
77.86,3.03,33.42,16.31,786.63,80.38,0.025,392.21,13,143,0
77.52,3.01,33.42,16.28,783.06,81.21,0.025,393.41,13,144,0
77.13,3.04,33.4,16.32,781.32,80.87,0.024,392.61,13,145,0
76.79,3.06,33.4,16.34,782.11,80.13,0.023,392.08,13,146,0
76.92,3.04,33.4,16.26,780.23,79.69,0.026,393.43,13,147,0
76.59,3.03,33.38,16.34,777.43,80.48,0.022,392.56,13,148,0
76.56,3.04,33.37,16.35,778.3,80.78,0.023,391.21,13,149,0
76.86,3.07,33.37,16.35,776.28,81.15,0.028,391.53,13,150,0
76.62,3.07,33.35,16.33,779.04,81.82,0.026,392.73,13,151,0
76.38,3.07,33.37,16.35,782.22,81.95,0.026,394.46,13,152,0
76.08,3.09,33.35,16.3,784.99,82.94,0.029,393.07,13,153,0
75.69,3.11,33.36,16.32,782.95,83.54,0.032,393.93,13,154,0
76.04,3.14,33.36,16.24,782.05,83.91,0.032,395.82,13,155,0
75.77,3.12,33.35,16.26,782.11,83.91,0.028,397.64,13,156,0
76.05,3.11,33.35,16.34,784.24,83.11,0.028,399.04,13,157,0
76.14,3.11,33.33,16.27,783.01,82.23,0.028,398.52,13,158,0
75.92,3.11,33.32,16.21,783.02,82.75,0.029,400.0,13,159,0
76.26,3.1,33.33,16.3,785.62,82.86,0.027,399.14,13,160,0
76.61,3.08,33.34,16.31,784.74,83.32,0.026,401.05,13,161,0
76.92,3.05,33.34,16.34,788.57,83.46,0.024,402.48,13,162,0
77.21,3.02,33.33,16.37,789.54,84.43,0.023,402.84,13,163,0
77.39,3.01,33.33,16.46,792.29,84.61,0.018,402.27,13,164,0
77.25,3.01,33.31,16.46,789.87,85.07,0.017,403.5,13,165,0
77.0,2.99,33.29,16.43,789.93,84.88,0.013,403.83,13,166,0
77.25,3.02,33.31,16.46,793.13,85.63,0.017,405.48,13,167,0
77.61,3.04,33.32,16.54,791.72,86.19,0.012,403.53,13,168,0
77.64,3.03,33.32,16.45,788.24,85.77,0.015,404.66,13,169,0
77.47,3.05,33.33,16.35,786.84,85.1,0.019,406.47,13,170,0
77.31,3.08,33.34,16.32,790.81,84.5,0.022,406.32,13,171,0
77.35,3.08,33.33,16.26,790.14,84.98,0.022,406.84,13,172,0
77.42,3.06,33.32,16.17,786.99,85.79,0.025,408.8,13,173,0
77.12,3.05,33.32,16.21,789.93,85.0,0.025,410.09,13,174,0
77.13,3.03,33.33,16.27,791.13,84.45,0.026,411.54,13,175,0
77.2,3.01,33.31,16.3,790.88,83.65,0.022,410.73,13,176,0
77.15,3.02,33.3,16.28,789.69,83.01,0.025,411.33,13,177,0
77.15,3.04,33.28,16.23,789.19,82.82,0.025,409.94,13,178,0
76.89,3.07,33.3,16.24,789.22,83.75,0.024,411.93,13,179,0
77.53,3.14,33.28,16.21,784.27,84.08,0.028,413.11,13,180,1
77.98,3.18,33.26,16.17,780.79,84.57,0.03,413.84,13,181,1
78.28,3.25,33.25,16.14,777.94,85.49,0.036,415.78,13,182,1
78.89,3.3,33.23,16.08,774.03,86.47,0.041,415.8,13,183,1
79.53,3.37,33.22,16.03,769.28,87.05,0.045,416.45,13,184,1
79.82,3.44,33.19,15.96,764.41,87.15,0.048,418.25,13,185,1
80.61,3.47,33.16,15.93,758.43,87.86,0.055,419.55,13,186,1
81.4,3.51,33.15,15.85,755.57,88.55,0.058,421.1,13,187,1
81.88,3.55,33.13,15.77,749.96,89.07,0.064,421.83,13,188,1
82.25,3.61,33.11,15.72,746.72,89.08,0.069,422.71,13,189,1
82.61,3.65,33.1,15.7,740.87,89.53,0.076,424.26,13,190,1
83.19,3.72,33.08,15.65,738.29,90.09,0.079,424.92,13,191,1
83.9,3.8,33.06,15.6,736.07,90.31,0.084,426.69,13,192,1
84.46,3.85,33.05,15.54,730.27,91.17,0.088,427.61,13,193,1
84.76,3.91,33.02,15.52,726.33,91.57,0.092,429.03,13,194,1
85.01,3.99,33.01,15.47,722.27,91.61,0.096,429.54,13,195,1
85.4,4.03,32.98,15.41,717.61,91.63,0.101,430.75,13,196,1
86.11,4.08,32.96,15.34,712.12,92.16,0.104,430.79,13,197,1
86.87,4.13,32.94,15.29,707.71,92.57,0.11,430.94,13,198,1
87.34,4.19,32.91,15.23,704.78,93.36,0.114,432.93,13,199,1
88.05,4.22,32.91,15.17,701.48,93.66,0.119,434.76,13,200,1
88.3,4.28,32.89,15.1,698.15,94.15,0.122,435.41,13,201,1
88.98,4.33,32.88,15.06,695.73,94.26,0.13,436.47,13,202,1
89.44,4.4,32.87,15.04,693.05,94.5,0.136,437.41,13,203,1
89.97,4.45,32.86,14.99,690.7,94.76,0.141,437.66,13,204,1
90.61,4.5,32.84,14.92,685.41,95.18,0.144,438.36,13,205,1
91.22,4.54,32.83,14.87,680.69,96.13,0.15,439.65,13,206,1
91.85,4.59,32.82,14.84,678.2,96.9,0.155,441.62,13,207,1
92.1,4.63,32.79,14.78,675.54,97.28,0.16,442.68,13,208,1
92.8,4.67,32.78,14.72,672.37,98.12,0.163,443.49,13,209,1
93.19,4.71,32.78,14.7,668.31,98.54,0.167,444.73,13,210,1
93.78,4.79,32.76,14.63,664.11,99.5,0.173,445.17,13,211,1
94.24,4.85,32.73,14.6,659.04,100.29,0.176,445.86,13,212,1
94.63,4.89,32.7,14.58,653.45,100.84,0.181,446.18,13,213,1
95.36,4.96,32.67,14.53,649.21,101.12,0.188,447.34,13,214,1
96.09,5.01,32.65,14.49,645.62,101.98,0.196,448.99,13,215,1
96.37,5.07,32.63,14.44,640.36,102.6,0.203,450.2,13,216,1
97.15,5.14,32.62,14.37,635.83,102.62,0.209,451.07,13,217,1
97.48,5.19,32.6,14.34,630.65,102.9,0.213,452.19,13,218,1
98.19,5.24,32.59,14.31,625.43,103.82,0.216,453.06,13,219,1
98.67,5.36,32.54,14.23,621.66,105.09,0.222,455.87,13,220,2
99.22,5.46,32.49,14.14,615.07,106.83,0.237,458.02,13,221,2
99.79,5.6,32.43,14.01,608.11,108.35,0.25,459.86,13,222,2
100.45,5.75,32.41,13.88,600.81,109.86,0.261,463.22,13,223,2
101.16,5.88,32.39,13.83,594.42,111.52,0.269,466.11,13,224,2
101.65,6.02,32.35,13.77,590.77,113.35,0.282,469.81,13,225,2
102.83,6.13,32.32,13.62,583.26,115.15,0.294,473.15,13,226,2
103.78,6.25,32.27,13.53,578.15,116.72,0.299,476.24,13,227,2
104.78,6.36,32.23,13.4,571.81,117.48,0.308,478.78,13,228,2
105.37,6.5,32.18,13.32,566.35,118.63,0.322,480.77,13,229,2
106.03,6.65,32.14,13.25,559.21,120.54,0.333,483.66,13,230,2
106.69,6.73,32.12,13.13,552.55,121.14,0.348,485.97,13,231,2
107.71,6.86,32.07,13.05,544.6,121.66,0.353,488.92,13,232,2
108.2,6.94,32.02,12.96,538.06,123.55,0.365,491.45,13,233,2
108.65,7.05,31.97,12.84,532.85,124.12,0.377,493.78,13,234,2
109.55,7.17,31.92,12.71,529.09,125.94,0.383,496.58,13,235,2
110.67,7.28,31.88,12.63,525.19,126.68,0.394,499.83,13,236,2
111.12,7.4,31.86,12.56,517.27,127.86,0.401,502.47,13,237,2
111.66,7.51,31.83,12.43,512.39,129.74,0.414,504.43,13,238,2
112.65,7.66,31.79,12.36,507.71,131.12,0.426,508.07,13,239,2
113.76,7.76,31.75,12.22,499.89,132.39,0.437,509.93,13,240,2
114.8,7.89,31.71,12.12,494.76,134.14,0.442,512.69,13,241,2
115.24,8.03,31.67,11.97,490.37,136.0,0.455,515.46,13,242,2
116.12,8.13,31.62,11.86,486.64,136.55,0.462,518.63,13,243,2
117.2,8.25,31.6,11.74,483.28,138.22,0.476,520.07,13,244,2
117.8,8.36,31.55,11.62,479.68,140.07,0.486,523.65,13,245,2
118.54,8.49,31.49,11.51,472.99,140.77,0.5,525.61,13,246,2
119.51,8.6,31.44,11.39,469.68,142.21,0.509,527.82,13,247,2
119.95,8.72,31.38,11.3,463.59,143.7,0.518,529.02,13,248,2
120.9,8.81,31.32,11.2,456.83,145.67,0.525,530.97,13,249,2
121.55,8.93,31.28,11.08,449.15,147.08,0.538,532.11,13,250,2
122.68,9.01,31.23,10.99,446.11,148.99,0.549,535.73,13,251,2
123.75,9.12,31.17,10.84,438.74,150.54,0.555,537.31,13,252,2
124.24,9.24,31.12,10.72,430.77,151.49,0.564,540.55,13,253,2
125.24,9.34,31.07,10.62,426.04,152.32,0.571,544.41,13,254,2
126.18,9.45,31.02,10.55,419.79,153.63,0.582,548.13,13,255,2
127.07,9.56,31.0,10.46,413.65,155.48,0.588,549.42,13,256,2
127.76,9.68,30.95,10.36,407.92,156.36,0.599,551.03,13,257,2
128.17,9.77,30.9,10.23,402.47,157.63,0.604,554.57,13,258,2
128.89,9.86,30.85,10.11,398.03,158.35,0.614,558.16,13,259,2
129.65,9.96,30.82,9.97,391.85,159.32,0.628,560.84,13,260,2
130.23,10.09,30.77,9.83,388.26,160.34,0.64,563.45,13,261,2
130.67,10.19,30.73,9.72,384.82,161.2,0.645,565.02,13,262,2
131.7,10.28,30.69,9.61,378.92,163.15,0.66,566.41,13,263,2
132.45,10.42,30.66,9.49,373.54,164.99,0.667,569.96,13,264,2
133.64,10.56,30.62,9.41,369.98,166.95,0.68,571.92,13,265,2
134.74,10.66,30.59,9.32,366.13,167.78,0.687,575.13,13,266,2
135.18,10.77,30.55,9.24,358.9,169.28,0.697,577.94,13,267,2
136.23,10.88,30.49,9.14,352.66,171.16,0.709,581.21,13,268,2
137.41,11.03,30.46,9.08,347.16,172.13,0.715,583.71,13,269,2
138.59,11.16,30.42,8.99,340.93,174.12,0.723,585.09,13,270,2
139.59,11.31,30.36,8.87,336.2,175.13,0.734,587.7,13,271,2
140.45,11.46,30.33,8.75,331.99,176.39,0.744,588.77,13,272,2
141.59,11.59,30.31,8.62,327.12,177.42,0.754,590.18,13,273,2
142.11,11.69,30.26,8.53,322.89,178.67,0.76,593.82,13,274,2
142.71,11.81,30.23,8.38,317.36,180.2,0.775,595.97,13,275,2
143.3,11.9,30.2,8.26,312.32,180.92,0.789,598.98,13,276,2
143.97,12.01,30.16,8.17,307.26,182.82,0.798,600.75,13,277,2
145.06,12.12,30.14,8.06,299.32,183.66,0.812,604.27,13,278,2
146.19,12.22,30.09,7.96,293.12,185.06,0.82,605.69,13,279,2
147.32,12.32,30.03,7.85,285.67,186.99,0.825,609.16,13,280,2
148.04,12.43,30.0,7.76,280.55,188.57,0.839,612.38,13,281,2
149.1,12.58,29.94,7.7,273.08,189.2,0.853,615.61,13,282,2
150.19,12.66,29.89,7.62,269.94,191.12,0.863,618.54,13,283,2
151.06,12.75,29.85,7.54,263.35,191.96,0.874,620.53,13,284,2
151.73,12.88,29.8,7.43,257.87,193.53,0.886,622.25,13,285,2
152.27,13.03,29.75,7.3,251.19,194.4,0.897,625.17,13,286,2
153.04,13.14,29.7,7.19,246.27,195.71,0.911,626.69,13,287,2
154.04,13.23,29.66,7.08,238.93,196.28,0.921,629.11,13,288,2
154.8,13.36,29.62,6.97,234.36,198.04,0.928,630.74,13,289,2
155.3,13.47,29.59,6.92,227.35,200.03,0.936,632.18,13,290,2
155.86,13.56,29.54,6.83,223.73,201.55,0.947,633.18,13,291,2
156.78,13.68,29.51,6.72,219.7,202.56,0.957,637.0,13,292,2
157.8,13.78,29.47,6.6,216.51,203.87,0.969,639.73,13,293,2
158.99,13.88,29.42,6.53,210.59,205.16,0.983,641.27,13,294,2
159.76,13.96,29.37,6.38,207.29,206.49,0.988,644.81,13,295,2
160.34,14.08,29.32,6.29,204.29,207.22,0.995,646.99,13,296,2
161.13,14.19,29.29,6.2,198.5,209.1,1.001,648.8,13,297,2
161.63,14.32,29.25,6.14,194.01,210.07,1.011,650.53,13,298,2
162.25,14.42,29.22,6.07,189.6,210.9,1.017,651.88,13,299,2
74.38,3.19,33.59,15.94,812.76,92.82,0.008,390.05,14,0,0
74.4,3.18,33.57,15.98,808.96,93.25,0.012,389.26,14,1,0
74.11,3.2,33.57,15.94,810.93,93.75,0.008,390.64,14,2,0
74.07,3.21,33.55,15.99,811.83,93.53,0.012,390.68,14,3,0
73.8,3.23,33.57,15.96,814.71,93.31,0.017,390.55,14,4,0
73.62,3.22,33.55,15.9,818.26,93.86,0.015,390.34,14,5,0
73.44,3.24,33.56,15.91,816.88,93.12,0.02,388.56,14,6,0
73.49,3.23,33.57,15.99,815.37,93.86,0.019,388.16,14,7,0
73.44,3.23,33.56,16.01,816.0,93.02,0.015,388.88,14,8,0
73.75,3.24,33.54,15.99,816.1,94.02,0.016,387.53,14,9,0
73.47,3.21,33.53,16.02,815.64,93.46,0.011,388.42,14,10,0
73.61,3.23,33.55,16.07,814.11,93.19,0.008,387.22,14,11,0
73.99,3.25,33.55,16.04,814.51,93.99,0.013,387.31,14,12,0
73.67,3.25,33.55,16.01,811.67,94.07,0.011,388.6,14,13,0
73.59,3.27,33.56,15.95,813.06,93.37,0.006,387.02,14,14,0
73.61,3.26,33.54,15.97,811.08,93.04,0.011,388.83,14,15,0
73.59,3.24,33.53,15.89,810.11,93.98,0.012,389.35,14,16,0
73.75,3.22,33.54,15.82,807.16,94.91,0.007,387.6,14,17,0
73.4,3.2,33.53,15.85,804.07,95.75,0.005,387.6,14,18,0
73.32,3.2,33.54,15.77,803.3,95.49,0.002,386.09,14,19,0
73.55,3.21,33.55,15.77,802.32,95.97,0.0,385.59,14,20,0
73.44,3.24,33.54,15.68,799.81,95.11,-0.001,386.86,14,21,0
73.54,3.26,33.54,15.7,803.05,94.73,-0.004,387.78,14,22,0
73.17,3.27,33.56,15.63,801.36,94.65,-0.008,386.51,14,23,0
73.45,3.26,33.57,15.66,800.28,95.53,-0.013,386.28,14,24,0
73.19,3.28,33.55,15.75,803.29,95.77,-0.012,387.2,14,25,0
73.59,3.27,33.56,15.66,806.93,96.16,-0.015,387.6,14,26,0
73.42,3.25,33.56,15.7,807.0,97.09,-0.013,385.84,14,27,0
73.35,3.23,33.57,15.72,808.71,97.7,-0.016,384.58,14,28,0
73.36,3.2,33.58,15.74,805.7,96.97,-0.016,383.57,14,29,0
72.99,3.2,33.57,15.83,802.89,97.24,-0.012,384.82,14,30,0
73.31,3.18,33.57,15.89,806.05,97.28,-0.009,383.81,14,31,0
73.32,3.19,33.57,15.89,805.47,97.15,-0.007,382.95,14,32,0
73.03,3.18,33.56,15.92,806.66,96.95,-0.011,380.97,14,33,0
73.38,3.17,33.56,16.01,810.21,96.26,-0.008,382.57,14,34,0
73.08,3.19,33.56,16.01,809.91,96.19,-0.012,382.63,14,35,0
72.84,3.2,33.57,15.92,813.19,97.09,-0.011,381.77,14,36,0
72.74,3.22,33.59,15.96,816.14,97.57,-0.011,380.58,14,37,0
72.37,3.2,33.59,15.89,816.12,98.04,-0.014,382.14,14,38,0
72.2,3.19,33.6,15.83,815.27,98.3,-0.015,382.34,14,39,0
72.18,3.2,33.59,15.93,816.89,98.96,-0.014,381.36,14,40,0
72.47,3.2,33.59,15.9,819.31,98.78,-0.016,381.36,14,41,0
72.58,3.2,33.6,15.88,820.09,99.47,-0.017,380.71,14,42,0
72.8,3.2,33.59,15.78,824.09,100.35,-0.014,380.39,14,43,0
72.72,3.21,33.6,15.68,820.67,99.5,-0.018,381.28,14,44,0
72.9,3.22,33.61,15.64,821.44,100.44,-0.014,379.72,14,45,0
72.88,3.21,33.6,15.65,825.03,101.35,-0.015,380.74,14,46,0
72.64,3.19,33.58,15.66,821.1,100.62,-0.017,379.3,14,47,0
72.55,3.18,33.59,15.64,820.94,100.67,-0.013,379.46,14,48,0
72.86,3.21,33.6,15.7,824.39,99.92,-0.016,378.92,14,49,0
73.11,3.2,33.61,15.72,820.41,100.08,-0.018,378.89,14,50,0
73.18,3.19,33.6,15.81,821.2,100.25,-0.016,377.16,14,51,0
73.48,3.22,33.61,15.86,819.42,100.11,-0.012,378.74,14,52,0
73.79,3.24,33.59,15.79,822.17,100.85,-0.017,379.43,14,53,0
74.07,3.27,33.59,15.83,821.94,100.44,-0.019,379.06,14,54,0
73.9,3.28,33.6,15.85,825.29,101.38,-0.017,378.37,14,55,0
74.23,3.25,33.6,15.77,828.24,100.8,-0.021,377.08,14,56,0
74.16,3.22,33.6,15.81,830.36,101.18,-0.026,377.61,14,57,0
73.76,3.2,33.61,15.87,826.54,101.9,-0.027,376.11,14,58,0
73.43,3.21,33.6,15.87,828.51,102.06,-0.03,374.16,14,59,0
73.2,3.22,33.59,15.81,828.74,102.98,-0.031,375.19,14,60,0
72.97,3.2,33.59,15.87,829.81,103.44,-0.033,375.76,14,61,0
73.31,3.18,33.59,15.94,828.65,102.45,-0.038,376.02,14,62,0
73.1,3.16,33.61,15.98,831.11,101.87,-0.039,376.79,14,63,0
72.85,3.18,33.61,15.95,834.12,100.88,-0.043,375.68,14,64,0
72.67,3.2,33.61,15.98,835.79,101.35,-0.047,376.3,14,65,0
72.61,3.19,33.62,15.98,833.3,101.01,-0.044,376.53,14,66,0
72.43,3.18,33.64,16.04,832.99,100.99,-0.043,377.4,14,67,0
72.46,3.17,33.62,16.04,835.63,100.86,-0.041,377.11,14,68,0
72.35,3.18,33.63,15.98,836.31,100.07,-0.042,375.39,14,69,0
71.98,3.16,33.61,15.9,836.76,100.12,-0.046,374.13,14,70,0
71.76,3.17,33.6,15.94,838.48,100.3,-0.05,373.1,14,71,0
72.06,3.18,33.6,15.87,837.47,99.61,-0.052,372.36,14,72,0
71.94,3.15,33.62,15.94,835.44,99.43,-0.054,371.29,14,73,0
71.56,3.17,33.62,15.93,833.49,100.24,-0.056,370.44,14,74,0
71.88,3.16,33.63,15.87,834.73,100.26,-0.052,370.86,14,75,0
72.1,3.17,33.61,15.87,838.43,100.56,-0.05,372.83,14,76,0
72.23,3.17,33.6,15.83,841.38,99.65,-0.051,371.46,14,77,0
72.17,3.15,33.59,15.78,843.9,100.51,-0.046,370.91,14,78,0
71.91,3.14,33.6,15.83,841.55,100.57,-0.049,371.63,14,79,0
71.68,3.11,33.61,15.76,844.31,101.02,-0.05,370.38,14,80,0
71.28,3.12,33.6,15.7,841.22,101.07,-0.051,370.13,14,81,0
71.4,3.11,33.58,15.65,842.49,101.38,-0.055,368.9,14,82,0
71.04,3.09,33.57,15.62,842.99,100.9,-0.056,367.66,14,83,0
71.17,3.07,33.57,15.62,845.0,100.85,-0.06,369.38,14,84,0
71.19,3.04,33.57,15.52,842.34,101.62,-0.058,370.96,14,85,0
71.15,3.07,33.58,15.49,841.39,101.37,-0.061,370.76,14,86,0
71.32,3.04,33.58,15.56,842.87,101.37,-0.058,369.3,14,87,0
71.57,3.04,33.59,15.58,841.77,100.9,-0.056,369.27,14,88,0
71.97,3.02,33.58,15.63,845.46,100.76,-0.052,368.81,14,89,0
71.81,3.05,33.57,15.61,845.8,99.9,-0.056,367.33,14,90,0
71.56,3.05,33.58,15.63,845.42,100.69,-0.052,369.19,14,91,0
71.22,3.05,33.57,15.71,842.03,101.53,-0.05,371.18,14,92,0
71.32,3.02,33.59,15.66,841.13,101.39,-0.052,371.83,14,93,0
71.35,3.03,33.6,15.7,842.67,100.42,-0.048,373.43,14,94,0
71.47,3.01,33.59,15.71,842.59,101.04,-0.05,374.56,14,95,0
71.48,3.02,33.6,15.77,845.54,101.27,-0.054,372.96,14,96,0
71.28,3.04,33.58,15.79,847.73,101.51,-0.049,371.47,14,97,0
70.92,3.04,33.57,15.8,849.02,101.91,-0.046,372.01,14,98,0
70.52,3.07,33.55,15.89,848.38,101.03,-0.045,372.68,14,99,0
70.14,3.04,33.55,15.97,847.45,101.05,-0.049,374.53,14,100,0
70.27,3.04,33.53,16.0,845.52,100.11,-0.052,373.74,14,101,0
69.88,3.03,33.52,16.04,842.72,99.48,-0.051,373.28,14,102,0
70.2,3.05,33.53,15.97,839.16,98.81,-0.053,371.65,14,103,0
70.38,3.03,33.52,16.01,842.83,98.19,-0.058,370.5,14,104,0
70.75,3.05,33.52,16.04,845.55,97.39,-0.055,369.57,14,105,0
71.04,3.03,33.52,16.04,842.59,97.96,-0.051,371.18,14,106,0
70.77,3.05,33.54,16.03,844.24,97.79,-0.056,370.92,14,107,0
71.15,3.06,33.56,16.12,847.47,98.16,-0.054,372.35,14,108,0
70.97,3.04,33.56,16.08,846.77,97.96,-0.051,374.29,14,109,0
71.16,3.03,33.58,16.15,849.91,97.54,-0.049,374.46,14,110,0
71.43,3.01,33.59,16.2,852.6,97.9,-0.045,373.07,14,111,0
71.38,3.02,33.6,16.14,850.19,98.56,-0.044,372.21,14,112,0
71.27,3.02,33.6,16.21,846.28,98.24,-0.047,371.55,14,113,0
71.3,3.01,33.61,16.12,843.63,99.08,-0.051,371.97,14,114,0
70.94,3.02,33.63,16.19,845.56,98.48,-0.054,371.74,14,115,0
71.13,3.0,33.63,16.28,846.57,97.67,-0.057,371.01,14,116,0
71.45,3.01,33.63,16.26,848.3,98.02,-0.057,370.57,14,117,0
71.42,3.03,33.64,16.33,844.58,97.47,-0.055,368.74,14,118,0
71.54,3.02,33.64,16.32,847.18,97.05,-0.052,369.51,14,119,0
71.61,3.01,33.66,16.29,847.21,97.26,-0.053,370.29,14,120,0
71.38,3.03,33.67,16.2,849.31,98.21,-0.053,371.57,14,121,0
71.04,3.05,33.68,16.29,847.47,97.61,-0.056,370.46,14,122,0
70.96,3.06,33.69,16.21,847.08,97.98,-0.057,368.79,14,123,0
71.08,3.04,33.7,16.22,847.81,98.88,-0.056,369.44,14,124,0
71.02,3.05,33.69,16.21,848.73,98.84,-0.059,370.27,14,125,0
70.63,3.07,33.68,16.3,848.39,99.69,-0.063,370.56,14,126,0
70.86,3.08,33.67,16.36,848.42,100.67,-0.065,372.14,14,127,0
71.09,3.1,33.67,16.26,849.57,100.72,-0.07,370.32,14,128,0
71.22,3.08,33.66,16.21,850.25,101.15,-0.068,370.41,14,129,0
71.54,3.07,33.66,16.16,853.38,101.31,-0.064,372.14,14,130,0
71.33,3.08,33.67,16.17,853.82,101.16,-0.065,372.45,14,131,0
70.94,3.09,33.65,16.27,855.8,101.46,-0.061,372.96,14,132,0
70.76,3.08,33.64,16.2,859.43,101.41,-0.064,372.66,14,133,0
70.53,3.06,33.64,16.26,856.82,101.51,-0.062,371.55,14,134,0
70.79,3.06,33.66,16.36,858.83,101.59,-0.058,371.91,14,135,0
70.83,3.03,33.68,16.28,856.57,101.77,-0.058,372.7,14,136,0
71.0,3.01,33.69,16.36,858.49,102.21,-0.062,374.28,14,137,0
71.11,3.0,33.69,16.43,862.32,102.74,-0.066,372.43,14,138,0
71.1,2.97,33.69,16.53,859.04,103.52,-0.068,372.14,14,139,0
71.36,2.98,33.7,16.58,860.74,103.51,-0.066,371.2,14,140,0
71.12,3.01,33.68,16.53,858.02,103.54,-0.065,369.29,14,141,0
71.49,3.0,33.7,16.49,854.67,103.83,-0.063,369.0,14,142,0
71.31,3.02,33.7,16.45,858.08,103.44,-0.061,369.85,14,143,0
71.57,3.03,33.69,16.36,861.55,103.17,-0.061,368.81,14,144,0
71.3,3.04,33.71,16.37,862.91,102.47,-0.057,369.98,14,145,0
71.5,3.07,33.72,16.3,863.34,102.3,-0.053,368.5,14,146,0
71.51,3.07,33.73,16.28,863.63,101.55,-0.054,370.1,14,147,0
71.73,3.04,33.72,16.21,865.26,101.5,-0.058,368.89,14,148,0
71.79,3.05,33.7,16.18,861.35,101.45,-0.055,367.82,14,149,0
72.04,3.03,33.68,16.23,863.64,101.6,-0.053,368.46,14,150,0
71.92,3.03,33.67,16.19,861.12,102.47,-0.052,369.86,14,151,0
72.08,3.03,33.67,16.28,860.99,102.62,-0.049,370.68,14,152,0
72.41,3.03,33.66,16.26,862.48,102.55,-0.053,369.46,14,153,0
72.65,3.0,33.67,16.24,860.9,101.82,-0.048,368.88,14,154,0
72.84,3.02,33.67,16.33,857.41,101.52,-0.048,370.69,14,155,0
72.58,3.05,33.67,16.31,855.49,100.6,-0.045,369.77,14,156,0
72.67,3.05,33.69,16.4,858.55,101.21,-0.049,371.32,14,157,0
73.02,3.05,33.69,16.47,855.42,101.15,-0.049,372.92,14,158,0
73.08,3.02,33.68,16.44,859.34,100.84,-0.05,370.95,14,159,0
73.1,3.01,33.69,16.48,860.23,101.58,-0.047,369.15,14,160,0
73.44,2.99,33.69,16.51,858.27,101.03,-0.045,367.69,14,161,0
73.16,3.01,33.68,16.55,861.04,101.02,-0.041,368.58,14,162,0
73.05,2.99,33.68,16.57,860.15,100.24,-0.037,367.4,14,163,0
73.19,2.97,33.68,16.59,859.51,101.22,-0.042,366.65,14,164,0
73.05,3.0,33.69,16.62,856.57,100.34,-0.038,368.1,14,165,0
73.21,3.0,33.7,16.54,859.51,101.22,-0.042,367.11,14,166,0
73.16,2.97,33.71,16.48,858.13,100.38,-0.041,366.09,14,167,0
73.37,2.97,33.71,16.55,861.01,100.12,-0.044,365.69,14,168,0
73.53,2.96,33.73,16.56,863.61,101.03,-0.041,365.18,14,169,0
73.27,2.95,33.75,16.57,861.35,100.52,-0.036,366.11,14,170,0
73.05,2.97,33.74,16.53,858.22,101.28,-0.041,365.01,14,171,0
73.36,2.95,33.73,16.45,860.61,102.17,-0.038,363.44,14,172,0
73.49,2.93,33.71,16.37,861.1,102.93,-0.037,364.27,14,173,0
73.22,2.94,33.73,16.36,860.55,102.83,-0.04,365.09,14,174,0
73.15,2.92,33.74,16.41,864.44,102.05,-0.035,363.31,14,175,0
73.32,2.95,33.75,16.33,862.37,101.73,-0.033,364.52,14,176,0
73.16,2.97,33.76,16.42,863.32,101.81,-0.034,364.82,14,177,0
73.22,2.96,33.76,16.51,865.58,102.75,-0.037,365.49,14,178,0
72.89,2.97,33.78,16.52,869.25,102.45,-0.038,367.12,14,179,0
73.63,3.01,33.77,16.48,866.04,102.88,-0.03,367.75,14,180,1
74.22,3.04,33.75,16.42,862.92,103.19,-0.026,369.37,14,181,1
74.69,3.11,33.72,16.34,858.02,103.33,-0.024,370.39,14,182,1
75.21,3.18,33.7,16.31,855.18,103.81,-0.018,371.8,14,183,1
75.91,3.25,33.68,16.29,849.27,103.95,-0.015,371.87,14,184,1
76.64,3.28,33.67,16.26,843.32,104.52,-0.008,372.2,14,185,1
77.05,3.36,33.66,16.22,837.93,105.22,-0.001,373.47,14,186,1
77.49,3.4,33.66,16.17,832.93,105.96,0.005,374.66,14,187,1
77.8,3.44,33.65,16.09,829.55,106.92,0.01,375.71,14,188,1
78.15,3.49,33.64,16.06,825.82,107.68,0.014,375.99,14,189,1
78.82,3.54,33.62,15.99,821.47,107.72,0.019,376.46,14,190,1
79.54,3.62,33.6,15.95,817.95,108.26,0.022,377.24,14,191,1
79.97,3.67,33.6,15.91,815.18,108.91,0.026,378.9,14,192,1
80.58,3.72,33.59,15.86,809.23,109.0,0.029,379.06,14,193,1
80.9,3.79,33.57,15.8,803.99,109.8,0.034,380.81,14,194,1
81.17,3.83,33.56,15.74,801.59,110.62,0.038,381.04,14,195,1
81.75,3.88,33.53,15.72,797.09,110.81,0.042,382.5,14,196,1
82.13,3.95,33.52,15.69,793.95,111.6,0.048,383.98,14,197,1
82.52,4.01,33.49,15.64,789.09,111.74,0.053,384.15,14,198,1
83.19,4.07,33.47,15.58,784.63,112.7,0.059,385.57,14,199,1
83.98,4.14,33.46,15.55,778.72,113.05,0.061,386.19,14,200,1
84.63,4.2,33.44,15.51,774.46,113.32,0.067,387.0,14,201,1
85.28,4.25,33.44,15.47,769.29,113.97,0.07,388.18,14,202,1
85.91,4.32,33.42,15.4,765.76,114.24,0.075,388.46,14,203,1
86.39,4.36,33.39,15.36,760.71,115.05,0.081,389.43,14,204,1
86.85,4.39,33.39,15.33,755.92,115.13,0.085,390.71,14,205,1
87.62,4.43,33.39,15.28,751.82,115.9,0.089,392.32,14,206,1
88.05,4.46,33.36,15.22,746.94,116.85,0.093,392.79,14,207,1
88.41,4.51,33.34,15.18,743.59,117.34,0.099,393.28,14,208,1
89.2,4.55,33.34,15.13,738.09,117.48,0.107,393.96,14,209,1
89.64,4.6,33.33,15.05,734.41,117.52,0.112,395.83,14,210,1
89.91,4.66,33.33,15.0,730.24,118.37,0.116,395.92,14,211,1
90.33,4.74,33.32,14.95,725.68,118.39,0.124,397.85,14,212,1
90.77,4.77,33.3,14.92,720.27,118.45,0.131,398.69,14,213,1
91.51,4.83,33.29,14.86,718.0,119.02,0.133,400.27,14,214,1
92.01,4.89,33.28,14.84,714.49,119.95,0.138,400.7,14,215,1
92.58,4.94,33.25,14.78,709.23,120.16,0.141,401.37,14,216,1
93.38,4.98,33.23,14.71,705.25,120.92,0.144,402.86,14,217,1
93.75,5.05,33.22,14.64,700.03,121.55,0.149,403.02,14,218,1
94.5,5.1,33.21,14.56,696.01,122.38,0.155,403.45,14,219,1
95.63,5.22,33.19,14.42,688.6,124.29,0.169,405.0,14,220,2
96.63,5.35,33.13,14.29,683.99,124.83,0.18,407.76,14,221,2
97.73,5.47,33.09,14.23,680.0,125.72,0.191,409.45,14,222,2
98.87,5.55,33.05,14.14,673.18,127.02,0.197,413.27,14,223,2
99.4,5.69,33.03,14.04,666.91,127.79,0.21,415.22,14,224,2
100.32,5.78,32.99,13.94,659.61,129.1,0.216,417.14,14,225,2
101.22,5.88,32.93,13.85,653.85,129.64,0.23,419.13,14,226,2
102.27,6.02,32.89,13.72,648.57,131.19,0.238,421.64,14,227,2
102.69,6.15,32.85,13.63,644.77,132.45,0.252,423.0,14,228,2
103.64,6.29,32.81,13.58,637.3,134.45,0.266,424.75,14,229,2
104.09,6.38,32.78,13.5,629.95,135.17,0.277,428.69,14,230,2
105.24,6.46,32.74,13.38,625.17,136.66,0.284,432.21,14,231,2
105.74,6.54,32.69,13.31,618.95,137.54,0.297,433.29,14,232,2
106.67,6.67,32.64,13.22,612.81,139.17,0.309,436.25,14,233,2
107.84,6.78,32.59,13.15,606.8,140.58,0.322,439.55,14,234,2
108.8,6.89,32.54,13.03,601.87,142.51,0.328,441.8,14,235,2
109.54,6.98,32.51,12.93,598.03,143.71,0.337,444.38,14,236,2
110.53,7.1,32.46,12.8,592.79,145.25,0.349,446.85,14,237,2
111.13,7.18,32.43,12.7,586.89,147.22,0.356,449.99,14,238,2
112.18,7.28,32.37,12.62,580.5,149.0,0.365,452.86,14,239,2
112.82,7.37,32.35,12.52,573.08,149.6,0.376,453.9,14,240,2
113.94,7.47,32.32,12.43,568.2,151.31,0.384,456.17,14,241,2
114.47,7.62,32.26,12.33,562.67,153.17,0.392,457.25,14,242,2
115.39,7.75,32.23,12.28,559.26,154.96,0.401,459.25,14,243,2
115.97,7.9,32.19,12.22,551.97,156.61,0.409,462.04,14,244,2
117.11,8.03,32.17,12.1,546.51,157.76,0.424,465.56,14,245,2
118.12,8.13,32.13,11.97,543.28,158.75,0.434,469.32,14,246,2
119.08,8.27,32.07,11.91,539.69,159.4,0.447,473.25,14,247,2
119.85,8.36,32.05,11.8,536.63,160.75,0.456,476.6,14,248,2
120.25,8.47,32.03,11.74,532.78,162.4,0.469,478.18,14,249,2
121.18,8.59,32.01,11.62,525.55,163.02,0.475,481.56,14,250,2
122.3,8.68,31.97,11.56,519.1,164.68,0.487,484.72,14,251,2
122.97,8.82,31.95,11.43,513.27,166.58,0.494,487.39,14,252,2
123.37,8.91,31.89,11.33,510.17,168.37,0.5,490.95,14,253,2
123.97,9.01,31.86,11.21,502.57,169.5,0.509,492.0,14,254,2
124.7,9.1,31.84,11.11,499.08,171.33,0.523,495.3,14,255,2
125.29,9.19,31.8,11.01,495.82,172.85,0.533,496.72,14,256,2
126.39,9.34,31.77,10.91,488.52,173.45,0.539,498.6,14,257,2
127.18,9.47,31.73,10.82,481.6,175.09,0.552,500.72,14,258,2
128.17,9.59,31.7,10.76,477.13,176.06,0.563,503.15,14,259,2
128.98,9.7,31.68,10.68,470.56,176.65,0.57,506.5,14,260,2
129.48,9.8,31.64,10.55,464.15,177.62,0.578,509.7,14,261,2
130.55,9.89,31.59,10.48,458.95,178.88,0.592,511.07,14,262,2
131.41,10.04,31.56,10.42,451.67,179.73,0.605,513.67,14,263,2
132.42,10.17,31.52,10.3,445.59,181.1,0.614,516.12,14,264,2
133.56,10.31,31.5,10.23,438.07,182.73,0.625,518.21,14,265,2
134.19,10.4,31.45,10.17,430.5,184.72,0.634,519.31,14,266,2
134.68,10.52,31.4,10.11,424.9,185.47,0.646,520.38,14,267,2
135.19,10.64,31.36,10.04,421.39,187.47,0.653,524.03,14,268,2
136.12,10.78,31.33,9.9,418.28,188.89,0.66,527.47,14,269,2
136.65,10.87,31.28,9.82,411.46,190.6,0.673,530.68,14,270,2
137.36,10.98,31.24,9.72,408.27,191.24,0.68,533.09,14,271,2
137.97,11.09,31.18,9.65,400.56,192.77,0.688,535.82,14,272,2
139.11,11.2,31.15,9.54,395.01,193.67,0.697,537.03,14,273,2
140.14,11.33,31.11,9.4,387.63,195.25,0.705,540.46,14,274,2
141.23,11.45,31.06,9.34,381.75,196.12,0.719,543.16,14,275,2
141.73,11.56,31.02,9.27,374.55,197.66,0.733,545.36,14,276,2
142.86,11.71,30.97,9.12,370.2,199.05,0.746,546.88,14,277,2
143.7,11.83,30.91,9.05,362.51,200.64,0.752,550.04,14,278,2
144.48,11.94,30.87,8.92,355.3,201.24,0.757,552.57,14,279,2
144.93,12.05,30.85,8.83,347.31,203.11,0.765,554.28,14,280,2
145.69,12.14,30.83,8.77,343.05,204.78,0.779,556.13,14,281,2
146.53,12.22,30.77,8.62,335.46,205.91,0.793,559.76,14,282,2
147.14,12.35,30.72,8.54,329.27,207.67,0.804,562.21,14,283,2
148.14,12.44,30.66,8.47,324.39,208.27,0.811,564.93,14,284,2
149.13,12.58,30.62,8.37,319.68,208.83,0.825,568.13,14,285,2
150.11,12.72,30.57,8.31,313.47,209.94,0.834,569.44,14,286,2
150.58,12.81,30.53,8.26,310.37,211.27,0.84,570.91,14,287,2
151.67,12.9,30.48,8.11,305.55,212.48,0.854,572.25,14,288,2
152.47,13.03,30.43,7.99,301.29,214.26,0.868,574.58,14,289,2
153.11,13.15,30.41,7.86,297.1,215.85,0.874,575.63,14,290,2
153.52,13.25,30.38,7.81,289.66,216.59,0.887,577.53,14,291,2
154.25,13.37,30.35,7.76,285.93,218.46,0.901,579.38,14,292,2
154.7,13.47,30.29,7.62,278.27,219.53,0.909,580.53,14,293,2
155.82,13.59,30.24,7.52,273.7,221.19,0.919,582.9,14,294,2
157.0,13.7,30.21,7.43,267.36,222.24,0.928,586.88,14,295,2
157.4,13.85,30.18,7.33,259.67,223.24,0.938,590.79,14,296,2
158.36,13.97,30.13,7.2,256.3,223.76,0.952,592.04,14,297,2
159.31,14.11,30.09,7.05,249.65,224.94,0.96,593.67,14,298,2
160.29,14.26,30.04,6.92,245.06,225.74,0.973,596.29,14,299,2
74.15,3.22,33.61,15.91,810.8,92.37,0.009,391.41,15,0,0
74.29,3.23,33.62,15.83,807.27,91.45,0.008,393.2,15,1,0
74.22,3.24,33.63,15.86,810.04,92.02,0.007,393.65,15,2,0
74.03,3.21,33.64,15.85,809.03,92.46,0.006,394.49,15,3,0
74.12,3.23,33.63,15.75,812.22,91.73,0.005,395.28,15,4,0
74.24,3.24,33.65,15.82,813.82,90.97,0.006,396.31,15,5,0
74.48,3.27,33.65,15.77,817.07,91.91,0.008,394.71,15,6,0
74.15,3.26,33.66,15.8,814.69,91.3,0.006,393.7,15,7,0
74.34,3.23,33.66,15.77,814.22,90.37,0.008,393.56,15,8,0
74.03,3.25,33.64,15.76,817.51,91.32,0.007,393.14,15,9,0
73.69,3.27,33.62,15.67,818.02,90.74,0.005,391.42,15,10,0
73.59,3.26,33.63,15.76,814.88,91.36,0.007,392.96,15,11,0
73.22,3.25,33.65,15.73,816.12,90.7,0.01,392.65,15,12,0
73.53,3.24,33.66,15.76,813.61,91.31,0.011,391.51,15,13,0
73.4,3.22,33.68,15.71,816.89,91.68,0.013,392.21,15,14,0
73.76,3.21,33.7,15.67,813.0,91.1,0.015,391.13,15,15,0
73.71,3.23,33.69,15.66,811.03,91.03,0.017,392.74,15,16,0
73.79,3.25,33.7,15.65,811.54,90.14,0.015,392.42,15,17,0
73.43,3.23,33.68,15.61,814.87,90.4,0.018,392.81,15,18,0
73.64,3.26,33.69,15.69,815.93,91.28,0.02,393.41,15,19,0
73.88,3.27,33.67,15.76,815.13,90.71,0.018,393.93,15,20,0
74.26,3.26,33.68,15.83,813.1,90.47,0.015,395.24,15,21,0
74.42,3.24,33.69,15.78,812.37,91.1,0.011,393.28,15,22,0
74.44,3.23,33.68,15.72,811.18,91.77,0.012,394.03,15,23,0
74.23,3.24,33.68,15.74,812.65,91.62,0.011,392.64,15,24,0
74.41,3.25,33.7,15.66,809.71,91.23,0.012,393.79,15,25,0
74.14,3.24,33.7,15.72,811.97,90.36,0.011,395.36,15,26,0
74.11,3.22,33.71,15.67,812.5,89.4,0.01,393.68,15,27,0
74.46,3.21,33.69,15.76,813.02,89.05,0.009,394.3,15,28,0
74.52,3.23,33.68,15.75,812.64,89.19,0.011,395.95,15,29,0
74.66,3.21,33.7,15.65,811.62,89.32,0.01,394.71,15,30,0
74.99,3.2,33.71,15.7,811.85,89.35,0.013,395.02,15,31,0
74.6,3.22,33.71,15.77,811.46,89.43,0.015,396.85,15,32,0
74.58,3.23,33.69,15.7,813.62,88.67,0.013,398.02,15,33,0
74.2,3.22,33.68,15.8,812.2,88.5,0.016,399.33,15,34,0
73.82,3.25,33.67,15.78,812.45,88.51,0.016,400.48,15,35,0
73.44,3.22,33.66,15.7,815.78,88.17,0.012,401.21,15,36,0
73.4,3.25,33.67,15.66,817.28,88.45,0.016,402.22,15,37,0
73.57,3.24,33.66,15.66,817.9,88.14,0.012,403.33,15,38,0
73.8,3.24,33.65,15.7,818.56,89.1,0.016,404.99,15,39,0
73.66,3.24,33.65,15.69,819.64,89.67,0.02,405.95,15,40,0
73.77,3.22,33.65,15.59,821.37,89.66,0.025,407.48,15,41,0
73.82,3.21,33.65,15.57,823.6,89.31,0.027,407.85,15,42,0
73.86,3.23,33.66,15.65,823.76,88.43,0.023,406.56,15,43,0
73.71,3.25,33.64,15.62,821.19,87.43,0.023,406.5,15,44,0
73.88,3.26,33.64,15.72,824.68,86.99,0.018,404.94,15,45,0
73.57,3.25,33.66,15.8,821.92,87.79,0.021,406.05,15,46,0
73.56,3.23,33.65,15.82,818.53,87.72,0.022,408.04,15,47,0
73.84,3.25,33.64,15.73,817.85,87.46,0.027,409.83,15,48,0
73.6,3.26,33.64,15.79,820.97,87.07,0.029,408.21,15,49,0
73.91,3.25,33.63,15.73,821.68,86.52,0.034,407.67,15,50,0
74.23,3.23,33.65,15.71,822.37,86.76,0.032,406.11,15,51,0
74.04,3.21,33.64,15.65,818.58,87.63,0.029,407.29,15,52,0
74.12,3.19,33.64,15.73,817.24,88.46,0.025,407.53,15,53,0
74.19,3.19,33.63,15.72,816.96,88.53,0.022,406.81,15,54,0
74.56,3.21,33.63,15.79,816.93,87.61,0.021,407.95,15,55,0
74.21,3.18,33.62,15.85,814.81,87.05,0.021,409.85,15,56,0
74.28,3.18,33.63,15.84,816.22,88.03,0.02,408.39,15,57,0
74.37,3.15,33.61,15.87,816.0,88.65,0.021,408.86,15,58,0
74.53,3.15,33.63,15.78,812.63,89.56,0.018,409.34,15,59,0
74.71,3.15,33.63,15.69,815.98,88.74,0.018,408.37,15,60,0
74.81,3.18,33.63,15.74,814.0,88.01,0.019,406.44,15,61,0
74.66,3.15,33.64,15.75,813.67,88.71,0.016,407.61,15,62,0
74.64,3.13,33.65,15.68,816.24,88.8,0.018,405.7,15,63,0
74.79,3.15,33.65,15.65,815.58,89.47,0.017,407.11,15,64,0
74.5,3.14,33.64,15.58,816.23,89.18,0.019,407.67,15,65,0
74.15,3.16,33.62,15.63,816.6,88.44,0.015,409.28,15,66,0
73.94,3.13,33.64,15.72,820.26,87.76,0.017,408.86,15,67,0
73.67,3.14,33.65,15.72,820.13,87.52,0.018,409.5,15,68,0
73.28,3.16,33.64,15.78,818.02,88.27,0.018,407.59,15,69,0
73.24,3.17,33.64,15.79,818.08,89.23,0.014,406.34,15,70,0
73.41,3.19,33.63,15.82,818.48,89.42,0.015,407.87,15,71,0
73.44,3.19,33.62,15.78,816.22,88.76,0.015,407.76,15,72,0
73.79,3.21,33.61,15.72,813.11,89.45,0.01,407.69,15,73,0
73.71,3.18,33.62,15.76,813.62,89.92,0.013,408.45,15,74,0
73.69,3.19,33.6,15.86,813.08,89.93,0.01,407.78,15,75,0
73.31,3.18,33.62,15.92,813.9,90.91,0.007,408.09,15,76,0
73.27,3.18,33.62,15.85,815.82,90.17,0.007,407.74,15,77,0
72.98,3.16,33.61,15.92,815.64,90.69,0.003,408.55,15,78,0
72.8,3.15,33.63,15.97,816.63,90.76,0.004,408.41,15,79,0
72.97,3.16,33.63,16.0,813.27,90.04,0.006,409.08,15,80,0
72.94,3.15,33.64,16.05,816.29,90.49,0.01,409.92,15,81,0
72.89,3.18,33.65,15.98,815.51,90.06,0.011,410.08,15,82,0
72.66,3.18,33.65,16.06,819.45,90.86,0.012,408.98,15,83,0
72.83,3.18,33.66,16.08,818.75,91.2,0.015,410.44,15,84,0
72.75,3.18,33.67,16.05,816.08,90.92,0.014,409.51,15,85,0
73.09,3.17,33.66,16.09,819.21,90.67,0.01,411.28,15,86,0
72.96,3.15,33.66,16.06,822.99,91.34,0.014,411.35,15,87,0
72.89,3.13,33.68,15.98,823.23,91.28,0.01,409.77,15,88,0
72.52,3.15,33.68,15.95,822.65,90.95,0.006,411.37,15,89,0
72.13,3.16,33.67,16.0,818.99,91.55,0.011,412.52,15,90,0
72.52,3.15,33.68,15.94,818.75,92.25,0.01,411.6,15,91,0
72.15,3.15,33.68,15.97,817.52,92.72,0.005,410.48,15,92,0
72.39,3.18,33.69,16.02,818.13,92.99,0.001,408.58,15,93,0
72.37,3.21,33.68,16.01,816.18,93.14,0.001,408.75,15,94,0
72.09,3.23,33.69,16.01,819.98,92.7,0.004,409.06,15,95,0
72.01,3.2,33.7,16.04,816.62,92.36,0.009,407.54,15,96,0
72.01,3.17,33.7,16.13,816.62,92.6,0.007,406.52,15,97,0
72.03,3.15,33.69,16.19,813.21,92.24,0.012,405.61,15,98,0
71.65,3.14,33.67,16.25,813.48,92.93,0.008,406.96,15,99,0
71.94,3.12,33.68,16.32,811.44,92.25,0.008,406.49,15,100,0
71.89,3.14,33.68,16.25,810.56,92.8,0.012,406.77,15,101,0
71.51,3.12,33.69,16.17,813.13,93.3,0.008,405.6,15,102,0
71.68,3.14,33.67,16.08,814.74,92.65,0.003,404.34,15,103,0
71.64,3.11,33.65,16.12,815.54,92.42,0.007,405.96,15,104,0
71.97,3.14,33.67,16.09,817.75,92.33,0.003,407.23,15,105,0
72.04,3.12,33.66,16.02,817.88,93.08,0.006,406.66,15,106,0
72.26,3.14,33.66,16.06,820.2,92.77,0.004,407.56,15,107,0
72.47,3.11,33.65,16.0,822.82,92.73,0.003,407.17,15,108,0
72.51,3.09,33.66,16.02,819.52,93.17,0.005,406.48,15,109,0
72.89,3.09,33.65,15.98,817.01,93.03,0.009,407.68,15,110,0
72.96,3.11,33.66,16.06,816.19,93.74,0.007,407.79,15,111,0
73.21,3.11,33.67,16.06,815.31,92.95,0.003,405.92,15,112,0
73.16,3.09,33.67,16.01,815.37,93.22,0.007,405.03,15,113,0
73.37,3.08,33.65,16.02,813.13,93.7,0.007,404.78,15,114,0
73.28,3.06,33.66,15.99,816.07,93.58,0.011,405.44,15,115,0
73.54,3.09,33.67,16.09,817.35,93.08,0.015,407.29,15,116,0
73.69,3.11,33.67,16.04,814.21,92.93,0.017,406.41,15,117,0
73.99,3.14,33.68,15.95,811.4,92.12,0.021,406.8,15,118,0
73.83,3.12,33.67,15.89,810.69,92.18,0.022,407.5,15,119,0
73.8,3.13,33.68,15.95,809.35,91.64,0.027,408.95,15,120,0
73.63,3.13,33.68,15.9,811.14,91.81,0.029,410.13,15,121,0
73.36,3.11,33.69,15.97,809.94,92.22,0.026,408.71,15,122,0
73.32,3.08,33.69,16.03,813.67,92.93,0.027,408.34,15,123,0
73.4,3.05,33.68,15.99,817.19,92.93,0.022,409.9,15,124,0
73.66,3.05,33.68,15.95,816.14,92.37,0.023,408.84,15,125,0
73.9,3.03,33.66,16.0,814.5,92.42,0.026,409.85,15,126,0
73.95,3.01,33.64,15.98,812.24,91.78,0.03,410.23,15,127,0
74.3,3.0,33.65,16.01,812.9,91.35,0.032,408.42,15,128,0
74.54,2.99,33.66,15.97,814.54,91.15,0.027,408.96,15,129,0
74.66,2.99,33.67,15.97,816.75,90.79,0.023,407.53,15,130,0
74.58,2.97,33.65,15.93,815.96,91.08,0.024,409.43,15,131,0
74.5,2.99,33.64,15.86,818.9,91.79,0.027,410.16,15,132,0
74.59,2.98,33.62,15.88,821.86,91.75,0.022,411.35,15,133,0
74.34,2.98,33.62,15.98,820.55,92.63,0.019,412.63,15,134,0
74.45,3.01,33.63,16.02,820.04,92.58,0.015,413.11,15,135,0
74.52,2.98,33.64,16.09,818.27,91.98,0.013,414.88,15,136,0
74.42,2.98,33.63,16.11,821.46,91.31,0.013,414.37,15,137,0
74.24,2.96,33.63,16.04,818.05,90.83,0.015,415.35,15,138,0
73.97,2.97,33.64,16.02,817.85,90.38,0.012,414.47,15,139,0
73.72,3.0,33.65,15.96,821.58,90.14,0.012,414.41,15,140,0
73.36,2.98,33.63,16.04,821.47,90.79,0.014,416.36,15,141,0
73.57,2.99,33.62,16.04,818.05,90.07,0.013,417.6,15,142,0
73.32,2.96,33.63,15.97,816.64,89.12,0.009,419.4,15,143,0
73.34,2.94,33.61,16.02,813.75,89.06,0.011,420.7,15,144,0
73.65,2.93,33.6,16.06,816.32,89.6,0.013,418.77,15,145,0
73.31,2.94,33.59,16.04,818.56,90.13,0.01,420.73,15,146,0
73.01,2.93,33.57,15.97,816.42,89.96,0.006,419.29,15,147,0
73.08,2.91,33.57,16.02,818.95,89.59,0.005,418.55,15,148,0
73.24,2.91,33.56,16.09,815.08,90.47,0.007,419.33,15,149,0
73.04,2.94,33.56,16.04,813.58,90.42,0.01,419.68,15,150,0
72.76,2.95,33.58,16.1,813.15,90.18,0.013,420.38,15,151,0
73.04,2.92,33.59,16.13,813.31,90.18,0.016,420.9,15,152,0
73.26,2.92,33.61,16.03,809.48,89.92,0.012,422.43,15,153,0
73.17,2.91,33.6,15.95,811.01,88.94,0.01,422.13,15,154,0
73.51,2.9,33.61,15.98,810.02,89.22,0.009,423.42,15,155,0
73.81,2.91,33.61,16.07,808.2,90.14,0.008,425.22,15,156,0
73.53,2.92,33.61,16.02,809.69,90.61,0.006,424.6,15,157,0
73.52,2.92,33.61,16.01,807.74,90.0,0.009,426.05,15,158,0
73.22,2.93,33.59,16.04,804.9,90.51,0.01,424.54,15,159,0
72.95,2.91,33.6,16.12,807.86,90.95,0.014,425.6,15,160,0
72.67,2.94,33.59,16.07,804.87,90.9,0.009,426.85,15,161,0
72.99,2.96,33.6,16.11,808.25,90.14,0.013,426.44,15,162,0
73.22,2.97,33.6,16.17,808.01,90.17,0.011,426.6,15,163,0
73.52,2.94,33.6,16.08,804.49,90.7,0.007,426.4,15,164,0
73.58,2.95,33.59,16.02,807.57,90.73,0.002,425.19,15,165,0
73.28,2.96,33.57,15.99,807.08,91.63,0.004,424.72,15,166,0
72.89,2.98,33.59,15.96,810.01,91.61,0.007,425.61,15,167,0
73.19,2.99,33.59,15.99,812.23,91.12,0.01,423.68,15,168,0
73.19,2.97,33.6,15.91,812.42,91.32,0.011,424.59,15,169,0
73.25,2.95,33.61,15.86,809.08,90.79,0.011,423.63,15,170,0
73.61,2.96,33.61,15.86,809.0,90.0,0.016,425.01,15,171,0
73.78,2.97,33.61,15.78,811.33,90.66,0.02,425.06,15,172,0
73.91,2.96,33.61,15.8,809.79,90.17,0.016,424.99,15,173,0
73.87,2.97,33.61,15.87,808.02,89.5,0.017,425.43,15,174,0
74.21,3.0,33.59,15.87,810.75,89.01,0.012,426.26,15,175,0
73.9,3.0,33.59,15.85,809.0,88.86,0.009,427.86,15,176,0
74.27,3.0,33.57,15.88,808.28,88.11,0.013,426.96,15,177,0
74.32,2.99,33.58,15.91,806.24,87.29,0.011,428.01,15,178,0
74.24,2.96,33.56,15.97,805.32,87.36,0.012,429.86,15,179,0
74.51,3.0,33.55,15.9,801.94,87.58,0.016,431.2,15,180,1
74.73,3.04,33.54,15.87,799.76,88.09,0.022,431.26,15,181,1
75.49,3.09,33.52,15.84,796.12,88.96,0.029,432.3,15,182,1
76.16,3.13,33.5,15.78,791.7,89.64,0.032,432.65,15,183,1
76.46,3.17,33.48,15.75,789.6,90.02,0.037,433.43,15,184,1
77.11,3.23,33.46,15.71,786.29,90.51,0.044,434.17,15,185,1
77.64,3.27,33.43,15.65,780.76,90.98,0.047,436.15,15,186,1
77.86,3.35,33.42,15.6,774.89,91.32,0.054,437.22,15,187,1
78.19,3.42,33.41,15.53,771.89,91.93,0.057,438.91,15,188,1
78.49,3.45,33.41,15.5,769.63,92.82,0.062,440.24,15,189,1
78.72,3.5,33.39,15.45,764.14,93.77,0.064,441.93,15,190,1
79.25,3.55,33.37,15.38,759.46,94.06,0.071,443.28,15,191,1
79.95,3.61,33.37,15.31,756.91,94.66,0.078,444.09,15,192,1
80.23,3.66,33.36,15.29,752.3,95.0,0.082,445.71,15,193,1
80.64,3.73,33.33,15.21,749.96,95.27,0.088,445.98,15,194,1
81.01,3.81,33.3,15.16,745.32,95.44,0.093,446.6,15,195,1
81.75,3.88,33.29,15.08,741.69,96.2,0.098,447.72,15,196,1
82.17,3.93,33.27,15.06,737.23,96.66,0.103,449.11,15,197,1
82.43,3.99,33.25,14.99,735.15,97.33,0.107,449.21,15,198,1
83.17,4.06,33.25,14.95,730.6,97.9,0.111,450.71,15,199,1
83.42,4.13,33.24,14.91,724.83,97.91,0.119,451.46,15,200,1
83.7,4.2,33.22,14.86,721.11,98.47,0.123,453.26,15,201,1
84.33,4.26,33.21,14.82,716.27,98.97,0.127,453.32,15,202,1
84.6,4.3,33.2,14.77,713.45,99.93,0.132,453.35,15,203,1
85.3,4.36,33.18,14.72,708.98,100.13,0.137,455.22,15,204,1
85.87,4.42,33.17,14.7,703.67,100.93,0.141,456.36,15,205,1
86.49,4.47,33.16,14.65,700.24,101.59,0.145,456.39,15,206,1
86.99,4.5,33.16,14.61,694.39,102.34,0.149,457.5,15,207,1
87.22,4.58,33.14,14.55,692.06,103.25,0.153,459.24,15,208,1
87.84,4.65,33.12,14.48,689.56,103.46,0.16,460.35,15,209,1
88.55,4.71,33.11,14.45,687.44,103.7,0.165,460.64,15,210,1
88.98,4.75,33.1,14.37,684.37,104.64,0.172,461.79,15,211,1
89.54,4.8,33.09,14.31,680.02,104.95,0.175,463.5,15,212,1
89.93,4.87,33.07,14.27,674.46,105.93,0.179,464.23,15,213,1
90.57,4.91,33.05,14.22,670.88,106.08,0.185,464.66,15,214,1
91.25,4.96,33.02,14.2,667.12,106.87,0.191,464.94,15,215,1
91.46,4.99,32.99,14.12,664.87,107.77,0.193,466.2,15,216,1
91.69,5.04,32.98,14.08,661.93,107.92,0.196,468.07,15,217,1
92.02,5.11,32.96,14.02,659.35,108.16,0.202,468.3,15,218,1
92.6,5.16,32.95,13.95,656.92,108.83,0.208,470.26,15,219,1
93.5,5.31,32.9,13.88,650.1,109.94,0.216,471.56,15,220,2
94.46,5.39,32.84,13.75,645.38,110.59,0.228,475.22,15,221,2
95.25,5.49,32.8,13.65,639.06,111.6,0.234,478.84,15,222,2
96.21,5.57,32.77,13.52,634.87,112.98,0.241,482.54,15,223,2
97.09,5.72,32.71,13.46,628.24,114.94,0.252,485.22,15,224,2
97.69,5.83,32.68,13.39,622.44,116.88,0.266,489.14,15,225,2
98.41,5.93,32.64,13.24,616.54,118.07,0.272,491.09,15,226,2
98.81,6.08,32.6,13.15,608.7,119.37,0.287,493.04,15,227,2
99.75,6.16,32.55,13.02,600.78,120.1,0.301,494.38,15,228,2
100.75,6.24,32.52,12.97,594.52,121.19,0.314,497.61,15,229,2
101.78,6.35,32.48,12.87,591.32,122.85,0.326,499.86,15,230,2
102.74,6.48,32.43,12.73,584.99,124.84,0.333,501.34,15,231,2
103.56,6.6,32.38,12.67,581.03,126.14,0.345,503.42,15,232,2
104.32,6.72,32.35,12.53,575.06,127.68,0.354,505.5,15,233,2
105.47,6.81,32.3,12.46,567.72,128.36,0.368,508.88,15,234,2
106.26,6.9,32.27,12.39,562.02,129.25,0.383,512.12,15,235,2
106.85,6.99,32.22,12.28,556.79,130.76,0.393,515.28,15,236,2
107.69,7.1,32.2,12.14,553.4,132.35,0.398,519.05,15,237,2
108.37,7.23,32.16,12.02,548.35,133.28,0.405,522.49,15,238,2
109.46,7.33,32.13,11.91,541.29,135.24,0.416,525.64,15,239,2
109.86,7.42,32.07,11.82,536.66,136.38,0.423,529.58,15,240,2
110.9,7.54,32.05,11.7,528.78,137.4,0.433,532.08,15,241,2
111.66,7.64,32.0,11.58,523.45,138.1,0.442,535.98,15,242,2
112.43,7.72,31.95,11.46,519.22,139.58,0.456,537.42,15,243,2
113.6,7.8,31.91,11.39,513.71,140.32,0.465,541.03,15,244,2
114.7,7.95,31.86,11.3,506.48,141.62,0.475,543.85,15,245,2
115.31,8.08,31.81,11.24,500.87,142.75,0.486,547.3,15,246,2
115.8,8.2,31.77,11.18,494.17,144.07,0.494,549.96,15,247,2
116.57,8.35,31.74,11.06,488.62,144.62,0.499,551.9,15,248,2
117.67,8.5,31.71,10.97,481.8,146.56,0.514,554.39,15,249,2
118.56,8.6,31.67,10.9,474.95,147.69,0.524,556.16,15,250,2
119.45,8.69,31.62,10.76,467.0,149.6,0.535,558.76,15,251,2
119.96,8.8,31.58,10.64,463.2,151.02,0.549,560.56,15,252,2
120.56,8.94,31.55,10.49,459.85,152.05,0.559,564.1,15,253,2
121.19,9.03,31.49,10.34,453.38,153.71,0.566,566.17,15,254,2
122.1,9.15,31.44,10.25,448.19,154.35,0.573,567.47,15,255,2
122.9,9.23,31.41,10.17,443.17,156.12,0.587,571.12,15,256,2
123.69,9.34,31.38,10.06,439.2,157.91,0.6,573.66,15,257,2
124.55,9.44,31.36,9.96,433.58,158.99,0.613,575.73,15,258,2
125.34,9.57,31.31,9.86,427.15,160.16,0.621,579.49,15,259,2
125.86,9.69,31.27,9.79,420.99,160.83,0.628,581.02,15,260,2
126.33,9.83,31.24,9.69,415.89,162.51,0.641,583.52,15,261,2
127.36,9.92,31.2,9.58,410.79,164.14,0.654,584.74,15,262,2
127.87,10.07,31.18,9.5,404.33,165.33,0.662,587.7,15,263,2
128.47,10.17,31.14,9.38,401.25,165.92,0.674,591.43,15,264,2
129.24,10.3,31.11,9.28,395.9,166.8,0.68,594.18,15,265,2
129.83,10.43,31.09,9.14,389.21,168.18,0.692,596.57,15,266,2
130.46,10.58,31.05,9.09,382.64,169.12,0.699,598.05,15,267,2
131.06,10.71,31.0,9.0,377.34,169.93,0.706,599.6,15,268,2
131.5,10.81,30.96,8.86,370.57,171.57,0.718,601.7,15,269,2
131.9,10.91,30.93,8.73,363.5,172.78,0.725,605.39,15,270,2
133.0,11.03,30.88,8.63,360.0,174.35,0.738,606.94,15,271,2
133.87,11.11,30.82,8.49,352.47,175.62,0.749,608.17,15,272,2
134.29,11.26,30.8,8.4,346.36,176.96,0.757,609.96,15,273,2
135.03,11.38,30.76,8.32,338.37,177.96,0.77,611.89,15,274,2
136.18,11.47,30.73,8.21,333.01,178.59,0.784,614.55,15,275,2
136.74,11.56,30.69,8.09,325.12,179.9,0.793,616.31,15,276,2
137.57,11.67,30.66,7.95,319.64,181.48,0.805,619.69,15,277,2
138.5,11.76,30.61,7.84,313.39,182.88,0.811,620.93,15,278,2
139.02,11.88,30.56,7.72,305.42,184.51,0.823,622.86,15,279,2
139.57,12.01,30.52,7.65,299.68,186.13,0.831,624.79,15,280,2
140.33,12.14,30.48,7.5,293.7,187.79,0.839,627.7,15,281,2
141.31,12.22,30.43,7.44,287.51,188.32,0.848,630.5,15,282,2
141.91,12.34,30.4,7.35,280.64,189.31,0.854,631.59,15,283,2
142.39,12.48,30.38,7.24,273.94,191.15,0.869,632.83,15,284,2
142.9,12.61,30.35,7.12,267.84,192.71,0.877,634.83,15,285,2
143.33,12.75,30.3,7.07,263.77,193.59,0.89,637.01,15,286,2
144.08,12.87,30.25,6.96,260.45,194.49,0.905,639.0,15,287,2
144.77,13.0,30.21,6.89,254.09,195.3,0.918,642.05,15,288,2
145.18,13.12,30.15,6.83,247.67,196.97,0.93,645.37,15,289,2
145.63,13.24,30.09,6.75,239.96,197.86,0.939,648.23,15,290,2
146.73,13.34,30.05,6.67,236.87,199.33,0.948,651.5,15,291,2
147.49,13.45,30.0,6.57,231.02,200.69,0.954,653.42,15,292,2
148.64,13.58,29.97,6.48,226.32,202.57,0.96,654.85,15,293,2
149.78,13.7,29.91,6.34,222.58,203.76,0.97,657.09,15,294,2
150.59,13.83,29.86,6.27,218.57,205.55,0.985,660.66,15,295,2
151.74,13.92,29.81,6.17,215.5,206.68,0.991,662.21,15,296,2
152.25,14.0,29.77,6.09,210.5,208.02,1.001,664.89,15,297,2
153.24,14.15,29.72,5.95,205.25,208.88,1.007,668.22,15,298,2
154.13,14.27,29.66,5.82,200.26,210.12,1.017,670.43,15,299,2
74.1,3.22,33.59,16.0,808.39,92.94,0.008,389.97,16,0,0
73.91,3.2,33.59,16.08,810.73,93.33,0.011,389.65,16,1,0
74.3,3.19,33.59,16.13,812.66,92.92,0.008,390.08,16,2,0
74.54,3.19,33.58,16.11,815.51,92.7,0.01,390.4,16,3,0
74.83,3.19,33.58,16.07,818.65,92.4,0.01,389.52,16,4,0
75.0,3.16,33.58,16.02,814.72,93.0,0.009,389.06,16,5,0
74.99,3.19,33.6,16.02,814.95,92.65,0.014,389.85,16,6,0
75.26,3.19,33.61,15.95,811.33,92.04,0.016,389.69,16,7,0
75.09,3.18,33.59,16.01,812.78,91.67,0.015,388.56,16,8,0
75.13,3.19,33.6,16.06,815.76,90.84,0.02,387.74,16,9,0
75.51,3.21,33.62,16.15,818.39,90.11,0.024,386.65,16,10,0
75.23,3.24,33.64,16.16,820.53,91.0,0.023,385.66,16,11,0
75.24,3.21,33.63,16.25,821.38,91.06,0.022,384.91,16,12,0
75.61,3.21,33.64,16.25,818.85,91.07,0.018,383.41,16,13,0
75.46,3.24,33.63,16.24,817.13,91.36,0.023,383.17,16,14,0
75.32,3.22,33.63,16.16,820.68,91.33,0.025,382.09,16,15,0
75.01,3.21,33.64,16.16,823.81,90.89,0.026,380.95,16,16,0
74.9,3.2,33.66,16.08,821.63,90.08,0.025,382.15,16,17,0
75.11,3.19,33.68,16.15,821.57,89.47,0.022,380.27,16,18,0
74.75,3.2,33.68,16.06,825.37,88.97,0.025,381.27,16,19,0
74.8,3.21,33.69,16.15,823.54,89.51,0.025,381.22,16,20,0
74.43,3.21,33.68,16.21,827.2,89.68,0.028,382.55,16,21,0
74.65,3.23,33.7,16.15,827.63,89.91,0.031,383.96,16,22,0
74.79,3.26,33.71,16.24,825.7,90.05,0.028,383.97,16,23,0
75.18,3.26,33.7,16.29,828.27,89.17,0.033,385.53,16,24,0
75.13,3.26,33.72,16.3,826.06,88.78,0.038,386.33,16,25,0
75.48,3.25,33.7,16.29,829.21,89.75,0.036,385.7,16,26,0
75.81,3.23,33.71,16.33,831.8,89.54,0.033,384.57,16,27,0
75.46,3.22,33.72,16.27,829.89,89.38,0.035,383.33,16,28,0
75.39,3.23,33.72,16.23,832.78,89.99,0.035,383.48,16,29,0
75.05,3.23,33.71,16.32,829.96,89.97,0.035,382.75,16,30,0
75.13,3.21,33.73,16.39,833.35,90.86,0.032,384.0,16,31,0
74.88,3.21,33.72,16.32,836.1,91.44,0.034,383.71,16,32,0
75.15,3.23,33.71,16.42,832.95,92.11,0.034,383.74,16,33,0
75.33,3.23,33.72,16.47,834.05,92.82,0.035,382.87,16,34,0
74.94,3.2,33.73,16.51,834.85,92.88,0.039,382.55,16,35,0
74.94,3.18,33.75,16.52,831.7,91.89,0.042,383.45,16,36,0
74.71,3.18,33.75,16.53,833.84,91.85,0.039,382.62,16,37,0
74.91,3.17,33.74,16.59,834.22,91.28,0.044,382.64,16,38,0
74.61,3.15,33.75,16.57,837.45,91.54,0.043,382.2,16,39,0
74.63,3.17,33.74,16.65,839.19,92.44,0.046,383.54,16,40,0
74.7,3.18,33.75,16.65,837.7,93.02,0.043,383.05,16,41,0
75.0,3.2,33.75,16.62,839.98,93.03,0.048,381.8,16,42,0
74.88,3.19,33.74,16.58,840.85,92.33,0.044,381.13,16,43,0
74.58,3.18,33.73,16.65,839.31,93.12,0.045,381.43,16,44,0
74.31,3.18,33.75,16.74,843.22,93.51,0.047,381.96,16,45,0
74.67,3.15,33.74,16.71,845.41,92.92,0.047,382.74,16,46,0
74.3,3.16,33.75,16.72,847.22,92.6,0.046,380.78,16,47,0
74.3,3.17,33.73,16.81,843.98,92.73,0.046,382.31,16,48,0
74.7,3.16,33.71,16.81,846.02,92.4,0.042,382.88,16,49,0
74.9,3.17,33.7,16.81,844.14,92.96,0.041,381.76,16,50,0
75.22,3.17,33.7,16.9,842.92,93.06,0.042,382.82,16,51,0
75.25,3.16,33.68,16.99,844.03,93.37,0.043,381.72,16,52,0
75.35,3.19,33.68,16.9,847.69,92.41,0.044,380.42,16,53,0
75.03,3.19,33.68,16.92,848.29,92.31,0.047,378.88,16,54,0
75.16,3.21,33.69,16.91,846.47,92.55,0.047,377.58,16,55,0
75.49,3.23,33.7,16.95,843.65,93.02,0.052,376.11,16,56,0
75.5,3.24,33.7,16.96,843.41,92.61,0.051,376.32,16,57,0
75.57,3.26,33.72,16.96,839.93,92.08,0.054,375.16,16,58,0
75.83,3.26,33.7,17.04,836.2,92.71,0.058,373.76,16,59,0
75.71,3.25,33.68,17.12,837.78,92.75,0.056,373.52,16,60,0
75.76,3.22,33.67,17.13,837.01,92.27,0.059,375.16,16,61,0
75.99,3.24,33.67,17.06,837.64,92.28,0.059,376.03,16,62,0
75.89,3.22,33.68,17.1,834.83,91.85,0.058,375.02,16,63,0
76.09,3.2,33.67,17.01,833.22,90.95,0.062,373.13,16,64,0
75.9,3.19,33.66,17.04,830.87,91.87,0.061,372.36,16,65,0
76.3,3.16,33.67,17.13,833.86,92.04,0.059,370.67,16,66,0
76.65,3.15,33.68,17.07,833.46,92.41,0.059,371.53,16,67,0
76.26,3.14,33.67,16.99,831.73,93.22,0.062,371.77,16,68,0
76.07,3.12,33.68,16.91,835.31,94.09,0.063,373.41,16,69,0
76.46,3.12,33.67,16.99,837.95,93.74,0.065,373.93,16,70,0
76.49,3.15,33.69,17.0,839.18,94.43,0.062,374.1,16,71,0
76.56,3.12,33.68,17.03,839.35,93.72,0.064,374.27,16,72,0
76.59,3.12,33.7,17.08,841.69,94.35,0.066,373.71,16,73,0
76.43,3.15,33.71,17.02,841.25,94.92,0.07,374.98,16,74,0
76.12,3.15,33.7,17.11,843.77,94.76,0.073,373.07,16,75,0
75.76,3.18,33.68,17.07,846.79,94.98,0.073,371.97,16,76,0
75.43,3.2,33.68,17.16,850.49,95.1,0.077,373.72,16,77,0
75.81,3.17,33.66,17.2,852.82,95.17,0.077,372.26,16,78,0
75.45,3.2,33.66,17.19,849.13,94.27,0.078,373.52,16,79,0
75.1,3.23,33.65,17.19,850.75,93.97,0.08,373.88,16,80,0
74.76,3.22,33.66,17.23,852.21,93.63,0.076,372.33,16,81,0
74.76,3.23,33.67,17.21,853.09,93.17,0.075,371.61,16,82,0
74.48,3.21,33.69,17.28,855.14,93.15,0.075,370.26,16,83,0
74.38,3.2,33.7,17.19,855.7,93.59,0.079,368.79,16,84,0
74.29,3.22,33.69,17.1,856.43,93.58,0.079,370.55,16,85,0
74.16,3.23,33.68,17.1,853.26,92.69,0.081,370.9,16,86,0
74.05,3.26,33.69,17.19,849.77,93.57,0.076,372.15,16,87,0
74.27,3.23,33.69,17.28,848.99,93.88,0.076,373.75,16,88,0
74.55,3.25,33.7,17.37,848.38,93.25,0.071,373.52,16,89,0
74.49,3.27,33.69,17.36,848.78,93.02,0.076,374.1,16,90,0
74.29,3.27,33.7,17.29,849.33,93.21,0.072,373.86,16,91,0
74.31,3.27,33.7,17.27,849.02,92.44,0.075,375.42,16,92,0
74.36,3.27,33.72,17.17,852.76,93.12,0.071,375.76,16,93,0
74.25,3.28,33.74,17.23,853.14,94.08,0.068,375.63,16,94,0
74.26,3.27,33.75,17.23,856.78,93.68,0.07,377.4,16,95,0
74.28,3.28,33.74,17.19,859.11,92.84,0.068,376.83,16,96,0
74.67,3.28,33.73,17.27,862.83,92.0,0.072,378.07,16,97,0
74.56,3.26,33.74,17.31,866.27,92.33,0.073,377.71,16,98,0
74.29,3.28,33.75,17.34,863.76,91.35,0.075,378.86,16,99,0
73.93,3.3,33.75,17.39,862.39,90.83,0.072,380.47,16,100,0
73.71,3.32,33.75,17.49,860.85,90.91,0.074,382.36,16,101,0
73.4,3.31,33.74,17.46,860.78,90.27,0.075,383.17,16,102,0
73.21,3.29,33.73,17.37,859.7,89.35,0.075,382.61,16,103,0
73.01,3.31,33.73,17.34,861.51,89.36,0.071,380.76,16,104,0
72.9,3.31,33.75,17.38,863.5,89.33,0.075,379.76,16,105,0
72.76,3.3,33.74,17.43,861.65,89.0,0.08,377.8,16,106,0
72.91,3.32,33.76,17.37,860.17,89.55,0.078,377.93,16,107,0
72.7,3.35,33.77,17.31,859.51,88.76,0.074,378.86,16,108,0
72.4,3.37,33.78,17.37,857.46,88.82,0.077,379.36,16,109,0
72.78,3.37,33.78,17.47,853.7,88.23,0.074,379.84,16,110,0
72.68,3.38,33.79,17.39,857.03,88.18,0.071,379.79,16,111,0
72.84,3.37,33.79,17.32,856.61,88.16,0.07,378.8,16,112,0
72.68,3.34,33.8,17.35,858.91,88.23,0.069,378.95,16,113,0
72.97,3.34,33.8,17.27,856.56,88.02,0.064,378.9,16,114,0
73.22,3.36,33.82,17.18,852.94,87.82,0.066,377.6,16,115,0
73.45,3.38,33.81,17.27,854.55,87.17,0.069,375.81,16,116,0
73.26,3.4,33.82,17.19,855.41,86.99,0.066,377.05,16,117,0
73.15,3.38,33.81,17.23,855.76,86.64,0.068,376.52,16,118,0
72.8,3.39,33.79,17.24,857.87,87.02,0.065,377.91,16,119,0
72.41,3.38,33.79,17.28,855.64,87.04,0.068,377.3,16,120,0
72.71,3.39,33.78,17.28,859.54,87.03,0.071,375.77,16,121,0
72.78,3.36,33.76,17.33,855.83,87.75,0.072,377.48,16,122,0
72.39,3.38,33.78,17.37,851.97,88.16,0.067,375.72,16,123,0
72.68,3.36,33.79,17.32,849.22,87.59,0.067,376.03,16,124,0
72.89,3.38,33.81,17.3,847.35,87.95,0.065,374.45,16,125,0
73.0,3.38,33.8,17.22,846.29,88.28,0.063,375.75,16,126,0
73.28,3.38,33.8,17.28,845.82,88.94,0.063,377.37,16,127,0
73.25,3.36,33.8,17.36,848.3,89.15,0.063,377.12,16,128,0
73.31,3.36,33.79,17.42,851.82,89.85,0.062,376.8,16,129,0
73.61,3.35,33.78,17.49,849.03,88.89,0.063,378.6,16,130,0
73.63,3.34,33.77,17.46,852.64,89.08,0.064,380.53,16,131,0
74.0,3.37,33.77,17.52,854.37,88.94,0.06,378.69,16,132,0
74.02,3.38,33.78,17.53,853.28,89.23,0.063,379.49,16,133,0
74.39,3.36,33.77,17.54,850.93,90.04,0.064,380.02,16,134,0
74.52,3.38,33.78,17.62,851.15,89.09,0.063,379.7,16,135,0
74.82,3.4,33.78,17.62,852.67,88.5,0.061,381.3,16,136,0
74.73,3.43,33.78,17.55,852.83,88.32,0.056,383.12,16,137,0
74.62,3.41,33.8,17.5,854.01,88.94,0.051,381.52,16,138,0
74.49,3.42,33.8,17.5,856.72,88.12,0.046,383.08,16,139,0
74.26,3.43,33.8,17.45,852.89,87.52,0.043,381.73,16,140,0
74.41,3.46,33.79,17.36,849.82,88.31,0.042,379.88,16,141,0
74.71,3.44,33.79,17.31,849.53,88.04,0.04,379.98,16,142,0
75.04,3.46,33.8,17.33,847.86,87.69,0.041,381.03,16,143,0
75.32,3.48,33.81,17.3,848.49,87.09,0.045,381.4,16,144,0
75.13,3.49,33.8,17.27,845.35,86.82,0.042,382.02,16,145,0
75.03,3.49,33.81,17.27,842.98,87.4,0.04,380.06,16,146,0
74.72,3.49,33.82,17.18,844.41,88.19,0.035,380.05,16,147,0
74.33,3.52,33.84,17.12,843.9,88.05,0.038,378.09,16,148,0
74.69,3.49,33.86,17.14,847.5,88.39,0.036,379.51,16,149,0
74.93,3.52,33.84,17.05,850.79,88.5,0.035,379.0,16,150,0
74.63,3.55,33.84,16.98,853.69,87.87,0.032,380.24,16,151,0
74.48,3.57,33.84,16.95,853.47,87.15,0.036,380.38,16,152,0
74.51,3.54,33.85,17.03,853.53,87.67,0.033,379.38,16,153,0
74.87,3.56,33.86,17.08,855.07,88.35,0.032,380.72,16,154,0
75.22,3.57,33.84,17.05,853.4,88.17,0.037,381.08,16,155,0
75.03,3.58,33.84,17.07,856.78,87.65,0.041,381.82,16,156,0
75.41,3.57,33.83,17.13,856.36,87.76,0.045,382.43,16,157,0
75.72,3.55,33.81,17.15,855.21,87.35,0.049,383.27,16,158,0
75.89,3.57,33.82,17.13,851.77,86.62,0.052,382.72,16,159,0
76.28,3.58,33.83,17.09,849.48,86.62,0.051,383.2,16,160,0
76.41,3.55,33.82,17.04,848.11,86.44,0.056,384.09,16,161,0
76.12,3.55,33.81,17.08,844.57,86.91,0.052,385.67,16,162,0
76.45,3.54,33.8,17.05,842.87,87.18,0.048,384.52,16,163,0
76.52,3.53,33.79,17.0,844.57,87.71,0.045,382.67,16,164,0
76.22,3.52,33.78,17.08,842.09,88.39,0.04,381.2,16,165,0
76.32,3.5,33.79,17.17,839.34,88.2,0.04,380.19,16,166,0
76.49,3.49,33.78,17.1,840.61,87.63,0.04,381.73,16,167,0
76.33,3.48,33.77,17.1,842.27,87.04,0.044,383.42,16,168,0
76.29,3.49,33.76,17.17,838.6,87.07,0.042,382.23,16,169,0
76.32,3.52,33.75,17.19,838.52,87.41,0.043,380.97,16,170,0
76.69,3.55,33.76,17.16,838.07,87.18,0.045,379.7,16,171,0
76.46,3.54,33.75,17.23,837.43,87.48,0.041,380.24,16,172,0
76.3,3.55,33.76,17.2,836.63,87.16,0.039,379.52,16,173,0
76.19,3.57,33.77,17.19,836.84,86.21,0.042,378.14,16,174,0
76.29,3.55,33.78,17.26,834.42,86.39,0.038,379.93,16,175,0
75.9,3.56,33.79,17.26,837.4,86.78,0.04,378.42,16,176,0
75.82,3.53,33.79,17.19,840.49,86.41,0.036,377.05,16,177,0
76.11,3.52,33.8,17.13,836.84,87.02,0.034,379.0,16,178,0
75.93,3.52,33.81,17.12,833.78,86.95,0.035,380.97,16,179,0
76.55,3.58,33.79,17.05,829.95,87.22,0.041,381.32,16,180,1
77.23,3.64,33.77,16.99,825.12,87.7,0.049,383.1,16,181,1
77.76,3.71,33.76,16.92,822.67,88.13,0.052,384.24,16,182,1
78.21,3.74,33.75,16.88,817.42,88.14,0.057,386.18,16,183,1
78.84,3.79,33.72,16.8,812.63,88.24,0.064,386.8,16,184,1
79.29,3.85,33.7,16.73,807.86,88.6,0.07,387.68,16,185,1
79.87,3.9,33.7,16.68,805.1,89.14,0.074,389.45,16,186,1
80.3,3.96,33.69,16.61,802.12,89.72,0.082,389.87,16,187,1
80.5,4.03,33.68,16.56,796.71,90.56,0.087,390.78,16,188,1
80.71,4.07,33.66,16.5,791.68,91.51,0.091,392.26,16,189,1
81.07,4.11,33.64,16.48,789.34,92.18,0.099,393.69,16,190,1
81.69,4.16,33.62,16.41,785.51,92.69,0.106,394.96,16,191,1
82.39,4.2,33.61,16.38,780.5,93.2,0.11,396.62,16,192,1
82.99,4.26,33.6,16.33,776.03,93.88,0.115,397.53,16,193,1
83.53,4.34,33.59,16.27,773.74,94.5,0.121,398.47,16,194,1
83.86,4.38,33.56,16.25,769.75,94.8,0.128,398.52,16,195,1
84.23,4.46,33.54,16.19,766.33,94.86,0.131,399.11,16,196,1
84.87,4.54,33.53,16.15,763.35,95.02,0.133,399.58,16,197,1
85.53,4.59,33.53,16.08,758.4,95.51,0.136,401.21,16,198,1
86.12,4.62,33.51,16.06,753.34,95.69,0.142,402.1,16,199,1
86.52,4.66,33.49,16.02,750.94,96.23,0.147,402.12,16,200,1
87.29,4.73,33.47,15.99,746.36,96.64,0.15,403.34,16,201,1
87.6,4.76,33.44,15.96,741.64,97.54,0.158,403.52,16,202,1
87.91,4.84,33.43,15.89,739.45,97.99,0.163,403.86,16,203,1
88.25,4.88,33.41,15.86,736.72,98.14,0.165,404.25,16,204,1
88.65,4.92,33.4,15.79,733.94,98.81,0.169,406.1,16,205,1
89.12,4.97,33.4,15.77,729.54,98.89,0.172,406.4,16,206,1
89.36,5.05,33.4,15.72,726.41,99.18,0.179,406.76,16,207,1
89.76,5.09,33.4,15.65,724.38,99.72,0.181,406.98,16,208,1
90.22,5.15,33.38,15.63,721.93,99.8,0.188,407.61,16,209,1
90.79,5.19,33.37,15.57,718.61,100.7,0.19,409.37,16,210,1
91.13,5.23,33.35,15.5,716.33,100.98,0.198,409.59,16,211,1
91.55,5.28,33.34,15.44,712.98,101.88,0.205,410.43,16,212,1
91.93,5.32,33.32,15.4,709.95,102.28,0.211,412.3,16,213,1
92.25,5.37,33.3,15.35,706.74,103.12,0.219,412.82,16,214,1
92.82,5.41,33.28,15.3,703.8,103.59,0.223,414.02,16,215,1
93.17,5.46,33.27,15.27,700.59,104.08,0.23,414.18,16,216,1
93.56,5.49,33.24,15.23,698.5,104.44,0.236,414.5,16,217,1
94.24,5.53,33.24,15.16,694.63,104.62,0.243,415.99,16,218,1
94.87,5.61,33.22,15.13,689.81,105.14,0.249,417.57,16,219,1
95.89,5.73,33.17,15.0,686.47,107.06,0.262,421.35,16,220,2
96.9,5.88,33.14,14.93,680.28,108.44,0.275,424.94,16,221,2
97.59,5.99,33.09,14.86,674.23,109.97,0.282,428.66,16,222,2
98.27,6.08,33.04,14.74,669.25,111.04,0.288,430.2,16,223,2
98.71,6.22,32.98,14.67,663.13,112.21,0.297,434.15,16,224,2
99.84,6.31,32.94,14.6,658.29,114.18,0.303,436.08,16,225,2
100.75,6.45,32.92,14.55,650.31,115.25,0.316,437.65,16,226,2
101.77,6.58,32.86,14.43,646.34,117.01,0.33,438.9,16,227,2
102.94,6.73,32.84,14.37,640.65,117.66,0.345,441.57,16,228,2
103.62,6.82,32.82,14.23,637.43,119.3,0.354,444.52,16,229,2
104.69,6.94,32.76,14.13,632.98,120.06,0.369,448.13,16,230,2
105.25,7.04,32.74,14.04,626.27,120.9,0.38,451.46,16,231,2
105.84,7.14,32.71,13.96,623.07,121.97,0.386,454.27,16,232,2
106.58,7.27,32.67,13.9,618.98,122.96,0.401,457.38,16,233,2
107.4,7.35,32.63,13.76,615.19,123.81,0.411,460.35,16,234,2
108.57,7.47,32.58,13.69,609.41,124.46,0.419,464.28,16,235,2
109.13,7.56,32.53,13.63,603.02,125.92,0.424,467.97,16,236,2
110.29,7.65,32.5,13.52,597.96,127.53,0.435,469.95,16,237,2
111.02,7.75,32.47,13.38,594.78,128.15,0.445,471.69,16,238,2
111.95,7.87,32.44,13.29,590.36,129.53,0.457,475.46,16,239,2
112.68,7.97,32.4,13.19,585.31,130.69,0.468,478.25,16,240,2
113.49,8.08,32.34,13.05,579.36,131.55,0.481,480.21,16,241,2
114.16,8.19,32.32,12.97,574.2,133.09,0.488,482.38,16,242,2
115.0,8.29,32.28,12.9,568.87,134.72,0.494,485.62,16,243,2
115.5,8.44,32.23,12.75,564.86,136.64,0.5,486.63,16,244,2
116.11,8.55,32.18,12.66,561.83,137.62,0.508,488.26,16,245,2
116.55,8.7,32.12,12.51,555.31,139.04,0.521,492.05,16,246,2
117.59,8.8,32.08,12.38,551.59,140.45,0.534,494.06,16,247,2
118.51,8.95,32.06,12.26,544.84,141.77,0.545,496.44,16,248,2
119.09,9.09,32.0,12.12,539.12,142.75,0.556,497.61,16,249,2
120.16,9.18,31.96,11.97,535.63,143.61,0.564,499.36,16,250,2
120.63,9.32,31.93,11.89,527.89,144.32,0.572,501.78,16,251,2
121.66,9.42,31.9,11.75,523.03,145.95,0.587,504.53,16,252,2
122.34,9.5,31.87,11.69,517.94,147.92,0.597,506.92,16,253,2
123.41,9.64,31.82,11.58,513.96,149.72,0.606,510.73,16,254,2
123.92,9.78,31.78,11.47,506.44,150.83,0.613,511.9,16,255,2
124.41,9.92,31.75,11.38,501.1,151.5,0.624,512.98,16,256,2
125.49,10.02,31.7,11.33,496.12,152.55,0.635,516.51,16,257,2
126.48,10.1,31.65,11.22,490.6,153.27,0.644,518.95,16,258,2
126.99,10.24,31.62,11.09,483.48,154.63,0.65,520.04,16,259,2
127.91,10.36,31.59,11.03,478.26,155.68,0.663,523.98,16,260,2
128.62,10.48,31.55,10.94,472.38,157.13,0.675,526.03,16,261,2
129.38,10.58,31.51,10.89,469.15,158.18,0.683,528.84,16,262,2
130.48,10.72,31.49,10.8,463.78,159.21,0.694,532.31,16,263,2
131.45,10.8,31.46,10.68,458.38,160.82,0.707,535.05,16,264,2
132.6,10.92,31.42,10.59,452.96,161.88,0.714,538.66,16,265,2
133.38,11.01,31.37,10.49,448.16,162.7,0.724,542.19,16,266,2
134.24,11.14,31.34,10.37,442.11,163.42,0.729,544.66,16,267,2
135.31,11.23,31.29,10.31,436.56,164.55,0.74,548.08,16,268,2
136.26,11.33,31.25,10.19,432.01,166.34,0.746,549.51,16,269,2
137.28,11.42,31.2,10.13,428.09,167.63,0.76,551.17,16,270,2
138.4,11.52,31.16,10.01,424.97,169.56,0.767,554.91,16,271,2
139.49,11.63,31.1,9.94,421.3,170.39,0.78,556.78,16,272,2
139.91,11.74,31.07,9.89,416.59,172.23,0.787,558.83,16,273,2
140.88,11.88,31.01,9.79,411.38,173.29,0.799,562.72,16,274,2
141.36,12.0,30.98,9.71,405.55,174.85,0.804,566.04,16,275,2
141.8,12.14,30.95,9.57,398.95,176.8,0.814,569.19,16,276,2
142.61,12.26,30.9,9.47,393.73,178.29,0.829,571.6,16,277,2
143.26,12.35,30.87,9.34,387.68,179.93,0.842,574.37,16,278,2
143.91,12.46,30.81,9.23,383.05,181.86,0.849,576.95,16,279,2
144.33,12.6,30.75,9.08,379.2,182.68,0.855,579.38,16,280,2
145.07,12.71,30.7,8.99,372.59,184.61,0.868,580.83,16,281,2
145.65,12.85,30.66,8.92,366.22,185.19,0.882,582.83,16,282,2
146.05,12.96,30.6,8.86,358.26,187.0,0.891,586.7,16,283,2
146.85,13.08,30.56,8.73,352.81,187.8,0.902,590.36,16,284,2
147.87,13.19,30.51,8.64,345.2,188.34,0.91,592.55,16,285,2
148.29,13.28,30.48,8.57,340.99,188.96,0.924,594.1,16,286,2
149.37,13.38,30.44,8.48,333.23,189.87,0.934,595.47,16,287,2
150.02,13.53,30.38,8.42,325.66,190.92,0.943,598.87,16,288,2
151.11,13.62,30.34,8.28,320.01,191.42,0.955,601.87,16,289,2
151.67,13.75,30.3,8.14,313.94,192.45,0.966,605.32,16,290,2
152.68,13.84,30.27,8.07,307.71,193.39,0.978,607.08,16,291,2
153.12,13.94,30.23,7.95,303.38,193.94,0.986,608.8,16,292,2
153.52,14.04,30.21,7.87,297.75,195.79,0.998,611.38,16,293,2
154.68,14.14,30.18,7.76,292.69,197.7,1.003,612.83,16,294,2
155.43,14.26,30.16,7.66,287.03,199.35,1.01,615.81,16,295,2
156.51,14.4,30.13,7.58,279.38,200.16,1.022,617.32,16,296,2
157.56,14.48,30.08,7.5,275.77,201.26,1.031,620.47,16,297,2
158.33,14.61,30.05,7.35,270.95,202.92,1.036,623.46,16,298,2
159.35,14.7,30.03,7.26,265.95,203.7,1.043,625.86,16,299,2
74.29,3.23,33.62,16.0,811.34,92.78,0.011,388.2,17,0,0
74.64,3.21,33.63,16.05,812.02,92.82,0.006,387.95,17,1,0
74.72,3.2,33.65,15.99,808.6,92.82,0.008,387.05,17,2,0
74.78,3.2,33.65,15.97,811.52,93.21,0.009,387.38,17,3,0
74.73,3.17,33.66,16.03,808.91,93.26,0.009,385.53,17,4,0
74.67,3.18,33.65,16.12,812.49,92.84,0.012,386.16,17,5,0
74.42,3.2,33.64,16.03,814.77,92.03,0.009,384.28,17,6,0
74.75,3.18,33.64,16.03,818.04,92.97,0.013,384.31,17,7,0
74.65,3.18,33.64,16.1,818.14,92.36,0.014,384.32,17,8,0
74.8,3.18,33.66,16.06,815.86,92.95,0.011,383.55,17,9,0
74.61,3.17,33.66,16.15,819.56,92.46,0.01,384.58,17,10,0
74.29,3.14,33.67,16.21,817.85,93.08,0.015,384.18,17,11,0
74.43,3.16,33.68,16.19,817.92,92.96,0.019,385.27,17,12,0
74.25,3.18,33.67,16.28,818.45,92.7,0.022,384.63,17,13,0
74.37,3.18,33.69,16.29,819.6,92.83,0.019,385.95,17,14,0
74.1,3.17,33.68,16.23,815.62,91.96,0.019,385.05,17,15,0
74.36,3.2,33.68,16.17,817.8,91.85,0.016,383.18,17,16,0
74.38,3.18,33.7,16.18,821.31,91.45,0.012,384.21,17,17,0
74.49,3.17,33.68,16.23,825.15,92.32,0.01,383.1,17,18,0
74.38,3.14,33.69,16.28,825.91,92.9,0.007,383.88,17,19,0
74.63,3.17,33.69,16.2,828.64,93.88,0.008,382.27,17,20,0
74.47,3.17,33.68,16.13,829.34,93.33,0.01,380.92,17,21,0
74.79,3.16,33.69,16.1,826.3,94.1,0.009,379.47,17,22,0
74.49,3.19,33.67,16.14,824.62,93.85,0.005,378.99,17,23,0
74.56,3.18,33.68,16.13,821.91,93.68,0.005,378.61,17,24,0
74.24,3.19,33.68,16.1,822.98,94.48,0.001,376.64,17,25,0
74.51,3.18,33.68,16.03,825.15,95.37,0.002,375.97,17,26,0
74.21,3.2,33.68,15.94,826.08,95.69,0.004,375.93,17,27,0
73.88,3.23,33.7,16.0,824.99,95.6,0.005,377.69,17,28,0
73.69,3.23,33.68,16.08,821.34,95.79,0.01,378.12,17,29,0
73.87,3.22,33.7,16.07,818.66,96.22,0.005,379.84,17,30,0
73.76,3.22,33.69,16.06,815.95,95.81,0.002,379.21,17,31,0
73.75,3.22,33.69,16.03,816.14,94.97,0.005,380.34,17,32,0
73.63,3.21,33.7,16.04,813.07,95.79,0.003,382.17,17,33,0
74.01,3.18,33.71,15.99,813.04,95.56,0.007,382.36,17,34,0
73.98,3.17,33.69,15.94,810.39,95.2,0.012,383.95,17,35,0
74.03,3.2,33.69,15.98,809.04,94.21,0.015,382.71,17,36,0
74.36,3.19,33.68,16.05,809.3,94.8,0.016,380.87,17,37,0
74.5,3.2,33.68,16.04,810.23,95.18,0.018,380.67,17,38,0
74.3,3.2,33.67,15.97,808.55,94.48,0.021,382.31,17,39,0
74.63,3.2,33.69,15.95,812.36,94.26,0.018,381.92,17,40,0
74.96,3.17,33.7,15.93,815.29,93.97,0.015,381.51,17,41,0
74.66,3.15,33.71,15.95,818.23,94.41,0.019,381.68,17,42,0
74.67,3.18,33.71,15.97,820.67,94.1,0.015,381.93,17,43,0
74.43,3.19,33.7,16.01,822.3,94.68,0.018,381.77,17,44,0
74.66,3.19,33.72,15.95,820.41,94.93,0.022,380.81,17,45,0
74.78,3.21,33.73,16.03,817.82,94.53,0.017,382.28,17,46,0
75.15,3.22,33.72,16.01,817.52,94.23,0.018,381.86,17,47,0
75.03,3.22,33.72,15.96,818.77,94.96,0.019,381.85,17,48,0
75.12,3.23,33.71,15.93,820.82,94.0,0.017,383.22,17,49,0
75.23,3.25,33.7,15.89,818.43,94.08,0.015,382.07,17,50,0
75.23,3.28,33.7,15.81,816.17,93.38,0.019,383.96,17,51,0
75.43,3.27,33.72,15.87,818.97,93.49,0.02,385.65,17,52,0
75.17,3.24,33.72,15.97,817.38,94.21,0.019,385.47,17,53,0
75.27,3.24,33.7,15.98,813.56,93.33,0.023,384.02,17,54,0
75.43,3.22,33.68,15.89,810.47,94.22,0.026,383.25,17,55,0
75.05,3.24,33.68,15.98,809.31,94.42,0.027,381.48,17,56,0
75.31,3.24,33.69,15.95,810.78,93.55,0.029,382.57,17,57,0
75.15,3.23,33.69,15.94,809.61,94.04,0.029,382.36,17,58,0
75.33,3.23,33.69,15.91,811.13,93.89,0.033,381.95,17,59,0
75.49,3.21,33.69,15.87,813.82,94.27,0.035,382.04,17,60,0
75.24,3.22,33.7,15.97,814.52,95.2,0.036,383.25,17,61,0
75.49,3.21,33.69,15.96,814.35,94.88,0.034,381.38,17,62,0
75.41,3.22,33.7,16.06,818.04,93.95,0.036,381.71,17,63,0
75.68,3.2,33.69,16.09,820.7,93.63,0.036,381.12,17,64,0
75.59,3.22,33.71,15.99,817.36,94.6,0.039,380.94,17,65,0
75.78,3.2,33.7,15.98,814.99,94.06,0.042,379.2,17,66,0
75.67,3.21,33.7,16.01,818.33,93.21,0.038,379.39,17,67,0
75.79,3.19,33.7,16.04,816.05,93.35,0.042,377.41,17,68,0
76.06,3.16,33.69,16.1,814.69,94.34,0.044,376.53,17,69,0
76.24,3.19,33.68,16.05,816.15,94.23,0.046,378.2,17,70,0
75.94,3.16,33.67,16.09,816.56,93.98,0.044,376.6,17,71,0
75.73,3.19,33.69,16.07,817.26,93.65,0.046,374.91,17,72,0
76.08,3.2,33.71,16.06,819.98,94.6,0.049,374.09,17,73,0
75.72,3.18,33.69,15.97,821.17,95.15,0.053,374.35,17,74,0
75.72,3.17,33.68,15.98,822.92,95.81,0.058,373.41,17,75,0
75.58,3.18,33.67,15.97,819.15,95.87,0.058,373.8,17,76,0
75.57,3.18,33.66,16.03,816.37,96.32,0.063,372.92,17,77,0
75.17,3.16,33.65,16.02,814.91,96.11,0.067,373.81,17,78,0
75.54,3.18,33.63,16.06,814.44,96.9,0.067,373.86,17,79,0
75.14,3.19,33.64,16.02,812.32,96.96,0.062,374.93,17,80,0
74.81,3.19,33.65,16.11,808.66,96.11,0.058,375.93,17,81,0
74.78,3.18,33.67,16.14,811.51,96.99,0.057,375.93,17,82,0
74.56,3.18,33.68,16.19,807.73,97.73,0.058,375.84,17,83,0
74.32,3.21,33.67,16.2,805.53,97.64,0.054,373.98,17,84,0
73.99,3.21,33.68,16.11,804.68,98.26,0.054,374.91,17,85,0
74.22,3.21,33.67,16.13,804.95,99.2,0.053,375.8,17,86,0
73.82,3.21,33.68,16.09,808.03,99.07,0.057,374.03,17,87,0
74.11,3.21,33.68,16.05,804.88,98.1,0.057,372.58,17,88,0
74.01,3.2,33.67,16.01,804.47,97.11,0.059,371.17,17,89,0
74.24,3.21,33.65,15.94,807.88,96.36,0.06,370.27,17,90,0
73.87,3.21,33.66,15.87,809.21,96.55,0.057,369.49,17,91,0
74.03,3.23,33.66,15.78,813.2,96.52,0.052,370.84,17,92,0
74.0,3.2,33.65,15.78,811.47,95.83,0.049,369.63,17,93,0
73.78,3.23,33.65,15.81,812.4,95.31,0.05,369.0,17,94,0
73.69,3.24,33.64,15.8,809.44,95.28,0.055,367.25,17,95,0
73.59,3.25,33.66,15.89,807.39,95.38,0.051,365.37,17,96,0
73.97,3.28,33.68,15.91,809.23,94.55,0.049,364.4,17,97,0
73.83,3.26,33.66,15.97,808.48,94.62,0.052,364.39,17,98,0
73.68,3.24,33.67,15.95,807.64,94.12,0.054,363.46,17,99,0
73.9,3.27,33.66,15.99,805.52,94.55,0.054,363.84,17,100,0
73.94,3.27,33.66,16.03,803.68,94.33,0.05,361.85,17,101,0
74.19,3.3,33.65,16.0,806.0,94.98,0.047,363.53,17,102,0
74.43,3.31,33.65,15.91,805.44,94.94,0.049,365.18,17,103,0
74.21,3.34,33.63,15.92,805.95,95.76,0.047,365.94,17,104,0
74.27,3.32,33.62,15.89,805.42,95.51,0.043,367.75,17,105,0
74.21,3.34,33.61,15.91,802.61,95.58,0.042,366.73,17,106,0
74.11,3.34,33.62,15.85,799.86,95.0,0.039,365.97,17,107,0
74.38,3.36,33.61,15.94,801.57,95.31,0.039,364.42,17,108,0
74.29,3.34,33.61,15.92,802.25,95.01,0.034,364.96,17,109,0
74.32,3.32,33.61,15.82,799.79,95.47,0.037,363.76,17,110,0
74.01,3.33,33.62,15.81,796.42,95.71,0.035,363.55,17,111,0
74.18,3.34,33.61,15.72,798.99,94.98,0.032,363.77,17,112,0
74.08,3.36,33.63,15.76,795.79,95.16,0.032,362.79,17,113,0
73.9,3.35,33.64,15.77,799.61,94.52,0.034,362.75,17,114,0
74.16,3.32,33.64,15.72,797.96,94.98,0.038,364.49,17,115,0
74.14,3.3,33.62,15.79,797.64,94.11,0.034,364.88,17,116,0
74.54,3.29,33.62,15.84,796.18,93.53,0.034,365.01,17,117,0
74.51,3.28,33.61,15.76,795.36,93.9,0.036,363.16,17,118,0
74.61,3.27,33.61,15.84,798.85,93.3,0.032,361.3,17,119,0
74.86,3.24,33.62,15.86,795.0,93.14,0.032,359.35,17,120,0
74.59,3.27,33.62,15.87,791.6,92.18,0.03,359.27,17,121,0
74.48,3.25,33.64,15.9,787.94,91.37,0.033,358.29,17,122,0
74.55,3.22,33.63,15.87,784.46,91.31,0.031,358.42,17,123,0
74.45,3.21,33.62,15.78,782.39,91.43,0.036,357.28,17,124,0
74.57,3.22,33.6,15.83,785.89,90.66,0.036,357.76,17,125,0
74.63,3.23,33.61,15.9,785.86,90.85,0.034,356.1,17,126,0
74.61,3.21,33.6,15.81,784.42,90.58,0.037,355.56,17,127,0
74.87,3.23,33.6,15.72,780.62,91.06,0.038,355.43,17,128,0
74.76,3.22,33.59,15.74,782.7,91.0,0.035,353.98,17,129,0
74.73,3.23,33.58,15.65,783.75,91.12,0.03,354.21,17,130,0
74.38,3.26,33.57,15.65,780.9,90.8,0.027,353.65,17,131,0
74.05,3.25,33.58,15.55,782.13,91.33,0.032,355.38,17,132,0
74.18,3.27,33.59,15.62,778.52,91.23,0.032,356.36,17,133,0
74.43,3.29,33.6,15.56,780.06,90.29,0.036,356.05,17,134,0
74.65,3.27,33.6,15.55,776.23,90.71,0.039,357.85,17,135,0
74.35,3.25,33.61,15.49,775.23,90.29,0.036,357.07,17,136,0
74.38,3.24,33.59,15.5,778.9,90.94,0.033,356.72,17,137,0
74.17,3.21,33.59,15.45,775.44,91.44,0.032,356.68,17,138,0
73.91,3.2,33.61,15.51,775.5,91.84,0.035,357.43,17,139,0
73.76,3.2,33.61,15.59,774.31,91.77,0.038,357.82,17,140,0
73.64,3.17,33.61,15.59,771.93,92.73,0.038,357.92,17,141,0
73.81,3.15,33.6,15.65,769.18,92.86,0.041,357.52,17,142,0
73.78,3.16,33.59,15.57,772.66,92.4,0.041,358.63,17,143,0
73.85,3.19,33.58,15.57,769.34,92.74,0.036,360.0,17,144,0
73.64,3.18,33.59,15.47,768.57,92.87,0.033,358.3,17,145,0
73.6,3.2,33.6,15.48,765.71,93.25,0.029,357.21,17,146,0
73.87,3.22,33.61,15.56,762.1,93.19,0.03,356.05,17,147,0
73.64,3.24,33.61,15.51,758.29,92.97,0.032,357.85,17,148,0
73.38,3.26,33.6,15.51,756.13,93.74,0.031,357.71,17,149,0
73.5,3.26,33.61,15.47,756.42,93.19,0.027,359.53,17,150,0
73.55,3.27,33.63,15.49,758.03,93.38,0.025,358.06,17,151,0
73.26,3.28,33.62,15.48,758.91,94.35,0.029,359.62,17,152,0
73.35,3.27,33.62,15.52,761.64,94.51,0.026,361.05,17,153,0
73.09,3.24,33.63,15.49,760.07,95.1,0.026,361.51,17,154,0
72.83,3.24,33.62,15.53,762.27,95.29,0.03,362.6,17,155,0
73.17,3.26,33.63,15.45,763.85,94.79,0.03,363.4,17,156,0
73.42,3.25,33.62,15.54,763.08,95.6,0.027,363.45,17,157,0
73.78,3.28,33.61,15.59,765.21,94.98,0.023,363.14,17,158,0
73.99,3.28,33.6,15.55,766.63,94.53,0.019,361.38,17,159,0
74.02,3.3,33.61,15.63,765.75,95.29,0.015,362.28,17,160,0
73.91,3.28,33.62,15.64,766.37,94.98,0.01,362.82,17,161,0
74.23,3.28,33.63,15.67,763.2,95.49,0.007,364.58,17,162,0
74.08,3.27,33.64,15.73,761.63,95.1,0.009,364.79,17,163,0
74.33,3.26,33.63,15.64,760.11,95.97,0.009,363.55,17,164,0
74.45,3.29,33.63,15.72,759.27,95.69,0.008,364.81,17,165,0
74.13,3.32,33.64,15.65,761.68,95.38,0.003,365.46,17,166,0
73.94,3.35,33.63,15.65,761.26,96.19,0.005,366.11,17,167,0
74.15,3.35,33.65,15.69,758.5,97.0,0.001,368.02,17,168,0
73.97,3.35,33.65,15.75,757.68,96.09,0.005,368.9,17,169,0
73.67,3.36,33.66,15.83,756.75,95.15,0.009,367.77,17,170,0
73.46,3.36,33.65,15.85,758.22,95.39,0.005,368.07,17,171,0
73.71,3.35,33.63,15.88,759.41,96.08,0.007,368.07,17,172,0
73.75,3.32,33.65,15.89,760.04,96.78,0.002,369.42,17,173,0
74.09,3.32,33.66,15.93,760.37,95.94,0.003,368.29,17,174,0
73.76,3.3,33.67,15.89,763.67,96.6,0.006,368.65,17,175,0
73.82,3.3,33.68,15.83,760.17,97.22,0.008,367.98,17,176,0
73.49,3.33,33.7,15.89,756.27,97.7,0.01,367.84,17,177,0
73.1,3.34,33.7,15.98,758.73,98.36,0.008,369.27,17,178,0
73.15,3.36,33.7,15.96,759.5,98.34,0.01,368.7,17,179,0
73.92,3.4,33.7,15.91,756.98,98.59,0.016,369.06,17,180,1
74.59,3.46,33.68,15.86,751.86,98.63,0.023,369.22,17,181,1
75.28,3.53,33.67,15.81,749.56,98.65,0.026,369.67,17,182,1
75.54,3.6,33.65,15.78,745.77,99.14,0.033,371.25,17,183,1
76.17,3.67,33.64,15.74,742.47,99.95,0.039,372.71,17,184,1
76.77,3.73,33.63,15.67,737.77,100.88,0.043,373.06,17,185,1
76.97,3.79,33.61,15.6,732.98,101.12,0.049,374.45,17,186,1
77.32,3.84,33.59,15.58,728.53,101.86,0.055,374.88,17,187,1
77.68,3.9,33.58,15.5,723.65,102.44,0.063,375.37,17,188,1
78.32,3.95,33.56,15.44,720.4,102.69,0.066,375.51,17,189,1
78.59,4.02,33.53,15.36,717.4,103.49,0.071,376.24,17,190,1
79.24,4.08,33.53,15.29,715.23,104.04,0.073,377.25,17,191,1
79.71,4.12,33.51,15.23,709.56,104.54,0.076,378.84,17,192,1
80.5,4.17,33.49,15.16,704.45,105.38,0.08,379.58,17,193,1
80.83,4.23,33.46,15.13,699.19,105.99,0.085,380.05,17,194,1
81.29,4.26,33.44,15.08,693.6,106.63,0.093,381.33,17,195,1
81.5,4.32,33.43,15.0,688.11,107.24,0.095,382.86,17,196,1
81.8,4.4,33.41,14.96,683.92,107.71,0.101,383.48,17,197,1
82.57,4.46,33.39,14.88,680.17,107.8,0.105,384.74,17,198,1
83.34,4.5,33.37,14.83,677.35,107.82,0.112,386.6,17,199,1
84.07,4.56,33.35,14.78,674.87,108.5,0.12,388.0,17,200,1
84.83,4.6,33.34,14.73,671.92,109.16,0.124,389.7,17,201,1
85.57,4.67,33.33,14.67,667.75,109.82,0.13,390.1,17,202,1
85.87,4.7,33.3,14.65,663.59,110.58,0.136,391.02,17,203,1
86.14,4.77,33.29,14.63,661.2,111.54,0.141,391.15,17,204,1
86.69,4.8,33.27,14.58,655.8,111.77,0.145,392.5,17,205,1
87.32,4.86,33.24,14.53,652.4,112.35,0.151,393.07,17,206,1
88.03,4.92,33.22,14.5,650.27,112.98,0.158,394.27,17,207,1
88.24,4.99,33.22,14.45,644.72,113.77,0.163,395.13,17,208,1
89.01,5.07,33.19,14.39,640.48,114.65,0.168,396.36,17,209,1
89.51,5.11,33.18,14.32,636.11,115.24,0.174,397.37,17,210,1
90.23,5.17,33.15,14.28,631.92,116.13,0.181,398.77,17,211,1
90.47,5.24,33.15,14.25,626.55,116.58,0.188,399.5,17,212,1
90.86,5.31,33.13,14.22,621.87,116.82,0.194,401.46,17,213,1
91.19,5.38,33.11,14.15,616.56,117.38,0.197,403.07,17,214,1
91.6,5.46,33.09,14.08,611.74,117.88,0.2,403.54,17,215,1
92.22,5.54,33.08,14.03,606.61,118.2,0.207,404.79,17,216,1
92.81,5.61,33.06,14.0,601.26,118.71,0.21,406.16,17,217,1
93.37,5.66,33.05,13.97,596.16,118.77,0.215,406.47,17,218,1
93.66,5.7,33.03,13.94,594.01,119.22,0.218,406.76,17,219,1
94.31,5.85,33.01,13.82,590.77,119.94,0.23,407.9,17,220,2
95.11,5.99,32.97,13.69,587.08,121.76,0.24,411.34,17,221,2
96.23,6.12,32.91,13.61,581.84,123.3,0.245,412.43,17,222,2
96.88,6.23,32.88,13.47,577.88,124.08,0.25,416.41,17,223,2
97.72,6.36,32.84,13.38,571.85,124.98,0.262,418.69,17,224,2
98.54,6.48,32.8,13.32,568.23,126.05,0.276,419.75,17,225,2
99.29,6.62,32.75,13.26,562.1,127.77,0.282,422.78,17,226,2
99.83,6.73,32.71,13.13,555.99,128.85,0.291,425.52,17,227,2
100.81,6.82,32.68,13.03,548.03,130.39,0.297,427.1,17,228,2
101.65,6.96,32.64,12.9,544.14,131.81,0.302,429.75,17,229,2
102.59,7.09,32.61,12.79,536.28,133.01,0.312,431.98,17,230,2
103.48,7.2,32.56,12.64,528.79,134.75,0.324,433.23,17,231,2
104.32,7.31,32.53,12.54,524.22,135.68,0.338,435.99,17,232,2
105.35,7.46,32.47,12.42,518.8,137.24,0.35,439.89,17,233,2
106.23,7.59,32.44,12.32,512.39,137.96,0.364,442.18,17,234,2
106.64,7.69,32.41,12.24,506.28,138.6,0.374,443.71,17,235,2
107.35,7.78,32.39,12.14,498.83,139.87,0.38,446.77,17,236,2
108.27,7.87,32.35,11.99,492.73,140.78,0.39,450.34,17,237,2
109.19,7.98,32.3,11.89,486.89,141.81,0.404,453.07,17,238,2
109.84,8.1,32.26,11.77,483.16,142.52,0.412,456.07,17,239,2
110.95,8.24,32.21,11.7,476.77,143.63,0.418,457.71,17,240,2
111.97,8.39,32.17,11.64,469.77,145.13,0.433,460.7,17,241,2
112.82,8.49,32.13,11.58,462.97,145.85,0.439,461.74,17,242,2
114.0,8.63,32.08,11.5,456.58,146.9,0.445,465.27,17,243,2
114.72,8.73,32.04,11.36,448.92,148.77,0.46,466.37,17,244,2
115.68,8.87,32.0,11.3,442.24,150.06,0.465,469.0,17,245,2
116.62,9.01,31.94,11.2,437.6,151.76,0.479,470.23,17,246,2
117.04,9.14,31.89,11.14,434.22,153.47,0.489,472.36,17,247,2
117.75,9.24,31.85,11.02,428.15,154.23,0.498,475.88,17,248,2
118.89,9.33,31.8,10.95,420.77,156.13,0.51,479.57,17,249,2
119.34,9.48,31.76,10.83,416.6,157.3,0.517,482.91,17,250,2
120.41,9.58,31.73,10.76,411.56,158.65,0.532,486.5,17,251,2
121.09,9.7,31.71,10.62,404.1,160.12,0.537,487.8,17,252,2
122.1,9.84,31.65,10.48,398.71,161.88,0.551,489.3,17,253,2
122.91,9.93,31.59,10.42,393.25,163.26,0.556,492.35,17,254,2
123.69,10.05,31.54,10.3,389.57,164.5,0.562,493.71,17,255,2
124.57,10.14,31.51,10.19,382.74,165.95,0.571,496.8,17,256,2
125.49,10.25,31.47,10.07,377.41,167.06,0.576,500.77,17,257,2
126.66,10.34,31.44,9.95,372.74,167.85,0.589,504.09,17,258,2
127.21,10.47,31.41,9.85,366.84,168.67,0.604,505.25,17,259,2
127.86,10.6,31.36,9.79,363.7,169.79,0.616,508.31,17,260,2
128.91,10.73,31.31,9.68,359.35,170.83,0.623,511.89,17,261,2
129.64,10.85,31.26,9.58,354.0,172.28,0.631,515.64,17,262,2
130.66,10.95,31.21,9.52,350.98,173.25,0.643,516.78,17,263,2
131.36,11.04,31.18,9.43,343.58,174.39,0.653,520.13,17,264,2
132.28,11.13,31.12,9.33,336.04,174.99,0.664,522.44,17,265,2
133.38,11.22,31.07,9.28,330.44,176.07,0.675,525.8,17,266,2
134.0,11.34,31.04,9.17,326.04,176.66,0.69,528.56,17,267,2
134.4,11.47,31.01,9.11,319.07,177.82,0.697,530.64,17,268,2
135.11,11.56,30.97,9.03,311.77,179.04,0.709,532.6,17,269,2
135.7,11.68,30.93,8.89,305.17,180.93,0.714,534.65,17,270,2
136.78,11.8,30.89,8.79,298.51,181.67,0.721,538.22,17,271,2
137.44,11.92,30.86,8.7,294.91,183.59,0.727,541.97,17,272,2
138.23,12.01,30.82,8.61,290.45,185.57,0.736,545.59,17,273,2
138.88,12.1,30.78,8.5,284.75,186.12,0.741,547.75,17,274,2
139.78,12.19,30.72,8.45,279.25,187.64,0.749,551.56,17,275,2
140.64,12.3,30.68,8.37,274.22,189.51,0.761,554.11,17,276,2
141.59,12.4,30.63,8.27,269.57,191.31,0.768,556.0,17,277,2
142.4,12.5,30.58,8.12,263.32,192.75,0.779,557.42,17,278,2
143.07,12.65,30.53,8.0,256.62,193.27,0.792,558.65,17,279,2
143.61,12.74,30.5,7.86,252.05,194.93,0.805,561.13,17,280,2
144.42,12.86,30.45,7.75,246.32,196.21,0.817,565.12,17,281,2
145.6,12.97,30.4,7.66,243.22,197.08,0.831,568.06,17,282,2
146.58,13.07,30.38,7.56,239.14,198.74,0.844,570.85,17,283,2
147.42,13.16,30.35,7.43,232.01,199.89,0.856,571.95,17,284,2
148.33,13.29,30.32,7.34,224.39,201.84,0.869,574.76,17,285,2
148.82,13.43,30.27,7.21,216.71,203.22,0.879,577.29,17,286,2
149.46,13.55,30.24,7.16,211.0,204.58,0.887,578.71,17,287,2
150.22,13.7,30.22,7.09,205.22,205.88,0.895,581.74,17,288,2
151.16,13.8,30.19,6.99,199.45,206.88,0.905,583.61,17,289,2
152.19,13.93,30.16,6.91,193.01,208.63,0.91,585.43,17,290,2
152.79,14.06,30.1,6.8,188.66,209.64,0.916,586.61,17,291,2
153.75,14.17,30.07,6.73,181.26,210.42,0.928,589.55,17,292,2
154.63,14.25,30.02,6.63,175.84,211.82,0.939,593.03,17,293,2
155.44,14.39,29.98,6.57,169.59,212.98,0.948,596.33,17,294,2
156.02,14.47,29.95,6.46,164.0,213.97,0.955,598.51,17,295,2
156.64,14.61,29.9,6.36,158.85,214.79,0.968,602.28,17,296,2
157.81,14.69,29.85,6.29,154.01,215.67,0.976,604.97,17,297,2
158.28,14.8,29.83,6.24,146.23,216.21,0.989,607.25,17,298,2
159.22,14.92,29.78,6.18,139.22,217.22,1.0,608.47,17,299,2
74.06,3.17,33.6,15.94,808.03,91.14,0.012,390.74,18,0,0
73.95,3.17,33.61,16.02,808.55,90.47,0.016,389.28,18,1,0
74.05,3.2,33.63,15.94,807.98,89.86,0.019,388.44,18,2,0
74.45,3.21,33.62,15.84,811.44,90.85,0.014,387.09,18,3,0
74.83,3.21,33.62,15.89,815.41,91.78,0.012,386.02,18,4,0
75.02,3.21,33.62,15.89,813.28,91.5,0.008,384.23,18,5,0
74.62,3.23,33.6,15.8,809.68,92.48,0.011,384.73,18,6,0
74.29,3.22,33.61,15.75,810.35,92.9,0.01,384.17,18,7,0
74.27,3.24,33.63,15.84,806.93,93.77,0.005,385.09,18,8,0
74.28,3.23,33.65,15.87,810.66,94.38,0.003,384.37,18,9,0
74.15,3.25,33.66,15.87,808.55,93.54,-0.001,385.98,18,10,0
74.25,3.23,33.67,15.86,807.37,94.5,0.0,384.4,18,11,0
74.45,3.23,33.67,15.8,803.61,93.86,-0.0,383.37,18,12,0
74.39,3.21,33.68,15.79,799.83,94.51,-0.0,384.05,18,13,0
74.5,3.22,33.69,15.73,799.19,94.71,-0.002,385.82,18,14,0
74.22,3.2,33.67,15.73,800.95,94.52,-0.0,387.44,18,15,0
73.85,3.2,33.68,15.65,799.04,94.49,0.003,388.98,18,16,0
74.07,3.18,33.7,15.57,800.58,95.27,0.006,389.26,18,17,0
73.72,3.17,33.71,15.64,803.08,94.59,0.009,390.64,18,18,0
73.76,3.14,33.7,15.56,805.77,95.25,0.014,389.25,18,19,0
73.82,3.14,33.69,15.63,807.47,95.17,0.016,388.99,18,20,0
73.61,3.11,33.71,15.67,810.54,94.36,0.019,389.89,18,21,0
73.46,3.11,33.71,15.65,814.23,95.36,0.021,391.0,18,22,0
73.39,3.09,33.7,15.58,811.6,94.36,0.023,392.12,18,23,0
73.76,3.08,33.69,15.5,808.83,94.23,0.02,390.19,18,24,0
73.62,3.08,33.7,15.41,809.43,93.51,0.025,388.52,18,25,0
73.6,3.08,33.68,15.36,806.27,93.45,0.03,387.31,18,26,0
73.56,3.05,33.66,15.41,810.12,94.26,0.025,387.0,18,27,0
73.86,3.07,33.66,15.4,808.19,94.51,0.029,386.12,18,28,0
74.03,3.08,33.65,15.33,805.42,93.83,0.025,387.97,18,29,0
73.81,3.06,33.64,15.29,802.53,94.37,0.021,386.34,18,30,0
73.45,3.07,33.64,15.3,800.53,93.96,0.016,385.46,18,31,0
73.41,3.06,33.66,15.36,798.67,93.18,0.019,386.35,18,32,0
73.55,3.03,33.67,15.44,798.13,93.35,0.024,386.61,18,33,0
73.46,3.02,33.67,15.43,799.68,92.98,0.024,388.47,18,34,0
73.63,3.02,33.69,15.4,799.69,93.66,0.026,389.91,18,35,0
73.94,3.01,33.7,15.46,798.89,92.73,0.025,389.9,18,36,0
74.3,3.0,33.71,15.54,800.07,92.56,0.027,391.57,18,37,0
74.06,3.0,33.73,15.59,799.4,92.36,0.031,391.04,18,38,0
73.74,2.97,33.73,15.59,801.03,92.0,0.034,391.25,18,39,0
73.64,2.99,33.74,15.56,801.62,92.09,0.036,391.21,18,40,0
73.43,2.96,33.74,15.6,804.55,92.84,0.035,391.81,18,41,0
73.62,2.94,33.73,15.55,808.23,92.53,0.032,393.45,18,42,0
73.25,2.91,33.71,15.59,804.28,92.39,0.028,394.42,18,43,0
73.18,2.92,33.73,15.69,806.5,91.77,0.024,394.16,18,44,0
73.22,2.92,33.73,15.7,810.43,90.84,0.029,395.78,18,45,0
73.55,2.93,33.75,15.75,813.09,90.27,0.03,397.7,18,46,0
73.39,2.93,33.76,15.81,809.18,89.42,0.028,398.14,18,47,0
73.6,2.94,33.76,15.77,806.51,90.02,0.027,396.73,18,48,0
73.88,2.95,33.77,15.85,803.92,89.96,0.025,398.21,18,49,0
73.75,2.97,33.75,15.9,807.21,90.9,0.023,397.91,18,50,0
73.52,2.98,33.76,15.92,803.72,90.32,0.019,397.8,18,51,0
73.2,2.96,33.76,15.94,802.8,90.26,0.017,396.75,18,52,0
73.07,2.93,33.75,15.97,798.95,89.28,0.021,395.4,18,53,0
72.88,2.91,33.73,16.02,800.97,90.04,0.025,393.82,18,54,0
72.59,2.91,33.72,16.12,798.29,90.11,0.03,394.57,18,55,0
72.74,2.9,33.7,16.13,796.21,91.08,0.027,394.56,18,56,0
72.84,2.92,33.7,16.18,793.1,90.66,0.029,395.92,18,57,0
72.86,2.93,33.71,16.19,791.92,91.64,0.027,395.84,18,58,0
73.02,2.94,33.73,16.21,794.62,90.92,0.031,396.17,18,59,0
72.92,2.92,33.73,16.24,795.0,90.65,0.03,398.14,18,60,0
73.24,2.92,33.74,16.25,791.71,90.82,0.027,399.73,18,61,0
73.31,2.92,33.75,16.25,791.66,90.89,0.027,400.78,18,62,0
72.95,2.93,33.75,16.19,794.07,90.41,0.029,400.52,18,63,0
72.71,2.91,33.76,16.17,790.86,90.61,0.032,401.12,18,64,0
72.76,2.89,33.77,16.14,789.57,90.12,0.035,400.35,18,65,0
73.16,2.92,33.75,16.15,792.4,89.75,0.03,398.73,18,66,0
73.31,2.93,33.75,16.22,789.53,88.76,0.029,398.88,18,67,0
73.15,2.93,33.75,16.21,788.98,88.7,0.03,398.95,18,68,0
73.2,2.91,33.75,16.12,785.37,89.53,0.029,397.46,18,69,0
73.51,2.92,33.75,16.17,782.28,88.63,0.03,397.13,18,70,0
73.33,2.92,33.73,16.25,785.05,89.2,0.034,398.99,18,71,0
73.43,2.95,33.72,16.15,782.31,88.78,0.035,399.39,18,72,0
73.21,2.95,33.73,16.22,785.83,89.22,0.035,397.91,18,73,0
73.43,2.95,33.75,16.21,786.59,88.67,0.04,397.52,18,74,0
73.46,2.96,33.74,16.29,785.5,88.16,0.04,397.01,18,75,0
73.1,2.96,33.76,16.31,783.42,88.53,0.039,395.95,18,76,0
72.92,2.96,33.75,16.24,786.32,88.56,0.039,396.55,18,77,0
72.57,2.96,33.76,16.29,787.36,88.96,0.038,397.52,18,78,0
72.29,2.98,33.75,16.33,790.82,89.79,0.039,395.88,18,79,0
72.25,2.97,33.74,16.4,791.08,89.09,0.037,396.75,18,80,0
72.53,2.96,33.75,16.45,789.07,88.71,0.041,397.92,18,81,0
72.33,2.98,33.77,16.55,786.14,88.67,0.037,397.99,18,82,0
72.25,2.97,33.77,16.62,788.72,89.29,0.033,397.65,18,83,0
72.18,2.99,33.78,16.64,785.96,89.44,0.036,397.33,18,84,0
72.25,3.0,33.78,16.72,782.68,88.96,0.039,399.05,18,85,0
71.96,2.98,33.77,16.63,778.93,88.85,0.042,397.46,18,86,0
71.63,3.0,33.79,16.72,781.87,87.93,0.04,398.08,18,87,0
71.87,3.01,33.77,16.7,784.04,88.22,0.041,399.67,18,88,0
72.1,3.02,33.76,16.8,782.57,87.58,0.038,399.45,18,89,0
72.19,3.01,33.75,16.87,780.57,87.2,0.034,398.66,18,90,0
71.83,3.0,33.76,16.93,779.78,86.65,0.038,397.74,18,91,0
72.09,3.0,33.75,16.87,783.69,85.82,0.037,399.73,18,92,0
71.88,3.01,33.74,16.78,786.77,86.02,0.041,398.37,18,93,0
71.52,3.02,33.72,16.74,785.53,85.34,0.038,396.97,18,94,0
71.64,3.04,33.71,16.67,781.77,84.85,0.041,396.35,18,95,0
71.38,3.05,33.7,16.63,779.16,85.15,0.045,397.28,18,96,0
71.41,3.02,33.7,16.61,775.94,85.46,0.048,396.86,18,97,0
71.69,3.03,33.72,16.64,777.95,85.0,0.048,395.95,18,98,0
71.37,3.04,33.7,16.61,776.97,84.99,0.047,397.4,18,99,0
71.19,3.01,33.69,16.65,774.41,84.2,0.042,397.79,18,100,0
71.0,2.99,33.69,16.66,772.63,84.91,0.047,399.18,18,101,0
71.26,2.98,33.7,16.69,770.24,84.37,0.047,397.55,18,102,0
71.15,2.98,33.71,16.79,768.67,84.98,0.046,398.85,18,103,0
71.54,2.98,33.7,16.79,767.4,85.35,0.044,399.31,18,104,0
71.27,2.99,33.68,16.81,768.46,85.68,0.048,398.7,18,105,0
71.65,3.0,33.7,16.9,770.17,84.88,0.051,398.68,18,106,0
71.9,3.0,33.68,16.94,769.87,85.58,0.052,400.49,18,107,0
71.58,3.03,33.7,16.93,771.6,85.52,0.05,400.9,18,108,0
71.92,3.0,33.72,16.9,771.13,85.84,0.054,399.11,18,109,0
71.6,2.99,33.71,16.92,773.56,85.66,0.059,400.35,18,110,0
71.71,3.01,33.73,16.97,777.56,86.28,0.063,399.49,18,111,0
71.88,3.02,33.75,16.94,778.08,86.75,0.061,398.06,18,112,0
71.88,3.01,33.76,16.88,776.65,86.74,0.059,396.19,18,113,0
71.91,2.98,33.75,16.85,779.37,86.87,0.059,397.22,18,114,0
71.58,2.96,33.73,16.87,781.67,86.68,0.059,399.13,18,115,0
71.83,2.99,33.71,16.85,783.98,86.11,0.06,399.53,18,116,0
71.91,2.99,33.73,16.84,783.33,86.31,0.058,397.69,18,117,0
71.8,3.0,33.73,16.85,779.39,85.62,0.057,396.37,18,118,0
71.98,3.0,33.71,16.83,778.0,85.87,0.059,395.47,18,119,0
71.81,3.01,33.71,16.83,776.44,85.3,0.059,396.38,18,120,0
71.92,3.03,33.72,16.82,778.59,86.06,0.056,395.5,18,121,0
71.68,3.01,33.71,16.82,776.27,86.65,0.057,395.88,18,122,0
71.85,3.0,33.72,16.9,778.4,85.99,0.054,397.03,18,123,0
72.01,3.03,33.7,16.84,775.77,86.64,0.055,398.81,18,124,0
71.79,3.02,33.71,16.87,775.43,87.48,0.057,397.27,18,125,0
71.46,3.03,33.71,16.8,777.16,88.21,0.054,396.2,18,126,0
71.59,3.02,33.72,16.75,778.32,88.5,0.049,394.37,18,127,0
71.65,3.02,33.73,16.79,778.91,88.37,0.047,394.92,18,128,0
71.55,3.01,33.74,16.87,782.26,88.49,0.048,396.56,18,129,0
71.49,3.02,33.75,16.87,783.45,87.91,0.045,394.93,18,130,0
71.21,3.03,33.76,16.85,781.8,88.72,0.04,393.51,18,131,0
71.18,3.05,33.76,16.93,784.53,89.04,0.039,393.71,18,132,0
71.41,3.03,33.76,16.98,785.95,89.97,0.036,392.91,18,133,0
71.7,3.03,33.76,17.07,786.12,90.69,0.037,392.78,18,134,0
71.79,3.03,33.78,16.99,787.83,90.84,0.036,393.08,18,135,0
71.97,3.06,33.78,16.92,791.01,91.79,0.036,393.75,18,136,0
71.83,3.08,33.77,16.93,791.41,91.53,0.038,395.62,18,137,0
71.49,3.07,33.78,17.01,788.7,92.46,0.035,396.97,18,138,0
71.78,3.07,33.77,17.08,790.01,91.97,0.032,396.37,18,139,0
71.38,3.1,33.78,17.04,787.79,91.03,0.036,396.12,18,140,0
71.6,3.09,33.8,16.99,788.45,90.85,0.038,394.9,18,141,0
71.46,3.1,33.81,17.04,784.51,91.82,0.042,396.6,18,142,0
71.77,3.12,33.8,17.07,783.9,92.07,0.041,395.39,18,143,0
72.01,3.13,33.81,17.16,787.04,91.86,0.043,394.25,18,144,0
72.01,3.13,33.81,17.21,789.69,92.32,0.046,395.82,18,145,0
72.01,3.16,33.81,17.28,788.87,91.52,0.043,397.13,18,146,0
71.88,3.15,33.83,17.28,787.52,91.75,0.043,396.09,18,147,0
72.27,3.13,33.84,17.21,785.43,92.56,0.042,396.34,18,148,0
72.57,3.14,33.85,17.25,783.43,91.99,0.046,396.75,18,149,0
72.44,3.16,33.83,17.23,780.95,92.18,0.045,394.77,18,150,0
72.05,3.14,33.81,17.27,777.36,91.79,0.045,395.23,18,151,0
72.27,3.14,33.82,17.22,775.42,92.14,0.042,395.07,18,152,0
72.12,3.14,33.84,17.19,777.11,92.21,0.047,394.96,18,153,0
71.83,3.14,33.83,17.27,780.3,91.65,0.045,392.98,18,154,0
72.2,3.14,33.84,17.35,780.72,90.97,0.046,391.45,18,155,0
72.03,3.17,33.85,17.39,777.83,91.52,0.044,390.83,18,156,0
71.67,3.17,33.87,17.29,775.97,91.12,0.044,390.91,18,157,0
71.5,3.17,33.88,17.35,772.47,91.68,0.039,391.52,18,158,0
71.32,3.19,33.88,17.44,768.95,91.16,0.04,390.49,18,159,0
71.6,3.22,33.9,17.35,768.74,90.65,0.035,389.23,18,160,0
71.44,3.23,33.9,17.34,768.81,90.7,0.035,388.26,18,161,0
71.66,3.23,33.91,17.28,766.88,91.57,0.034,389.03,18,162,0
71.56,3.2,33.9,17.22,764.84,91.95,0.032,387.86,18,163,0
71.32,3.21,33.9,17.13,762.53,91.78,0.028,388.76,18,164,0
71.28,3.2,33.89,17.08,764.68,91.08,0.023,387.7,18,165,0
71.35,3.18,33.87,17.05,768.4,91.94,0.021,389.12,18,166,0
71.12,3.19,33.88,17.03,765.9,91.31,0.019,387.6,18,167,0
71.33,3.21,33.87,16.99,766.69,90.63,0.022,388.85,18,168,0
71.27,3.22,33.89,16.89,770.47,89.73,0.022,389.51,18,169,0
71.63,3.24,33.88,16.86,768.24,89.21,0.018,389.31,18,170,0
71.79,3.26,33.87,16.88,764.9,89.47,0.015,390.05,18,171,0
71.56,3.27,33.86,16.79,768.31,89.26,0.018,388.74,18,172,0
71.8,3.25,33.85,16.72,768.4,88.59,0.021,390.55,18,173,0
71.74,3.25,33.84,16.65,771.88,87.91,0.02,390.1,18,174,0
71.62,3.27,33.86,16.69,775.66,88.13,0.025,389.41,18,175,0
71.44,3.28,33.86,16.69,775.07,88.13,0.025,390.55,18,176,0
71.77,3.27,33.85,16.63,776.14,87.23,0.024,390.91,18,177,0
71.78,3.25,33.84,16.72,779.64,87.46,0.026,389.37,18,178,0
71.98,3.26,33.84,16.66,783.21,88.03,0.023,391.11,18,179,0
72.44,3.32,33.83,16.62,779.19,88.9,0.031,391.89,18,180,1
73.13,3.38,33.81,16.59,774.31,89.56,0.034,393.18,18,181,1
73.67,3.42,33.79,16.54,769.75,89.78,0.039,394.98,18,182,1
74.03,3.46,33.76,16.47,765.77,90.33,0.046,396.8,18,183,1
74.6,3.52,33.74,16.41,761.92,90.76,0.054,398.15,18,184,1
74.99,3.57,33.73,16.36,756.6,91.03,0.057,399.77,18,185,1
75.44,3.63,33.72,16.29,752.83,91.18,0.062,400.11,18,186,1
75.73,3.66,33.71,16.23,748.3,91.88,0.066,400.52,18,187,1
76.1,3.7,33.69,16.16,743.27,92.19,0.068,401.36,18,188,1
76.7,3.78,33.68,16.12,738.01,92.84,0.075,402.5,18,189,1
77.25,3.84,33.66,16.04,733.63,93.4,0.082,402.87,18,190,1
77.89,3.91,33.64,15.98,731.57,93.54,0.088,404.19,18,191,1
78.61,3.97,33.64,15.93,726.5,93.62,0.094,405.67,18,192,1
78.89,4.01,33.62,15.89,723.35,94.27,0.101,407.57,18,193,1
79.54,4.08,33.62,15.87,718.11,94.47,0.107,407.96,18,194,1
80.1,4.13,33.61,15.81,712.56,95.2,0.114,409.64,18,195,1
80.7,4.18,33.6,15.76,709.19,96.2,0.117,411.52,18,196,1
81.48,4.23,33.6,15.69,703.78,96.54,0.121,411.73,18,197,1
81.84,4.27,33.57,15.67,697.92,96.9,0.125,412.63,18,198,1
82.52,4.32,33.55,15.62,695.59,97.25,0.131,414.06,18,199,1
82.78,4.36,33.52,15.59,690.68,98.24,0.135,415.29,18,200,1
83.38,4.42,33.5,15.51,686.19,99.15,0.143,416.68,18,201,1
84.12,4.45,33.49,15.44,684.03,99.98,0.147,417.19,18,202,1
84.57,4.51,33.48,15.41,681.62,100.32,0.152,418.18,18,203,1
85.36,4.57,33.45,15.38,676.52,100.61,0.155,420.1,18,204,1
86.13,4.63,33.43,15.3,671.25,101.2,0.162,422.0,18,205,1
86.75,4.69,33.4,15.27,665.83,101.99,0.17,422.17,18,206,1
87.19,4.74,33.4,15.19,661.01,102.41,0.175,423.56,18,207,1
87.68,4.77,33.37,15.16,656.54,102.52,0.179,424.86,18,208,1
88.42,4.84,33.36,15.09,650.66,103.06,0.186,426.7,18,209,1
88.72,4.89,33.36,15.04,648.06,103.48,0.189,427.98,18,210,1
89.38,4.97,33.35,14.97,643.21,103.48,0.195,428.49,18,211,1
90.12,5.03,33.33,14.9,639.19,103.79,0.203,429.57,18,212,1
90.86,5.07,33.33,14.85,636.83,103.9,0.211,431.53,18,213,1
91.07,5.11,33.31,14.82,633.11,104.67,0.216,431.77,18,214,1
91.41,5.18,33.3,14.77,627.56,104.88,0.222,433.55,18,215,1
92.16,5.26,33.28,14.73,623.42,105.18,0.224,433.72,18,216,1
92.94,5.31,33.27,14.69,620.01,105.59,0.232,434.64,18,217,1
93.15,5.34,33.25,14.65,617.58,106.3,0.237,435.47,18,218,1
93.73,5.38,33.23,14.61,613.72,106.54,0.24,436.64,18,219,1
94.58,5.5,33.19,14.5,608.16,107.15,0.25,438.75,18,220,2
95.47,5.59,33.14,14.38,600.96,108.97,0.26,441.89,18,221,2
96.45,5.68,33.1,14.23,596.21,110.23,0.265,444.04,18,222,2
97.59,5.81,33.05,14.14,592.78,111.91,0.277,447.89,18,223,2
98.06,5.93,33.02,14.04,589.51,112.46,0.282,450.65,18,224,2
98.73,6.07,32.99,13.92,583.71,113.23,0.289,452.46,18,225,2
99.7,6.15,32.95,13.85,578.68,114.76,0.299,454.83,18,226,2
100.79,6.3,32.9,13.76,575.17,115.92,0.311,458.25,18,227,2
101.58,6.39,32.87,13.67,571.78,117.61,0.323,459.7,18,228,2
102.57,6.48,32.84,13.53,565.39,118.7,0.332,461.73,18,229,2
103.49,6.6,32.8,13.38,560.35,119.88,0.339,463.89,18,230,2
104.11,6.71,32.74,13.24,556.29,121.04,0.35,465.75,18,231,2
104.57,6.82,32.7,13.1,548.91,122.58,0.361,468.19,18,232,2
105.75,6.97,32.67,12.96,542.62,123.23,0.369,470.55,18,233,2
106.18,7.08,32.65,12.83,535.5,124.57,0.376,472.09,18,234,2
106.68,7.19,32.6,12.71,527.94,126.38,0.388,473.65,18,235,2
107.5,7.27,32.55,12.62,520.87,128.35,0.4,477.13,18,236,2
108.47,7.36,32.5,12.53,513.17,129.76,0.406,478.15,18,237,2
109.43,7.46,32.46,12.42,505.27,131.38,0.413,481.52,18,238,2
110.34,7.56,32.41,12.36,497.69,132.22,0.428,484.61,18,239,2
110.9,7.68,32.37,12.24,490.23,134.09,0.437,486.61,18,240,2
111.86,7.8,32.35,12.1,485.58,135.0,0.446,490.05,18,241,2
112.3,7.91,32.29,12.03,481.21,136.98,0.459,492.2,18,242,2
113.2,8.01,32.23,11.96,477.83,138.84,0.472,495.08,18,243,2
113.95,8.09,32.21,11.83,470.84,140.03,0.481,497.39,18,244,2
114.81,8.19,32.15,11.75,463.27,141.08,0.496,498.9,18,245,2
115.22,8.3,32.11,11.68,459.98,142.7,0.508,500.12,18,246,2
116.2,8.41,32.08,11.58,453.85,144.19,0.522,502.51,18,247,2
117.19,8.5,32.04,11.48,446.13,145.59,0.532,505.3,18,248,2
118.25,8.63,32.01,11.38,440.07,146.8,0.546,507.18,18,249,2
119.32,8.73,31.98,11.28,437.07,148.75,0.552,510.59,18,250,2
120.52,8.83,31.95,11.15,429.61,149.66,0.564,513.3,18,251,2
121.61,8.97,31.9,11.06,426.09,150.74,0.572,514.96,18,252,2
122.42,9.11,31.85,10.92,422.47,151.69,0.582,516.63,18,253,2
123.38,9.24,31.81,10.85,415.22,153.25,0.591,520.49,18,254,2
124.53,9.38,31.77,10.74,408.25,153.79,0.598,523.78,18,255,2
125.41,9.49,31.74,10.61,404.1,154.52,0.605,527.73,18,256,2
126.39,9.62,31.7,10.53,400.51,155.86,0.617,529.13,18,257,2
127.35,9.72,31.64,10.42,396.85,156.57,0.622,531.67,18,258,2
127.87,9.81,31.61,10.29,390.32,157.72,0.627,534.89,18,259,2
129.02,9.93,31.56,10.24,383.46,159.11,0.635,536.1,18,260,2
130.13,10.03,31.54,10.11,380.08,159.83,0.644,540.05,18,261,2
130.99,10.14,31.51,10.02,375.81,161.76,0.656,543.99,18,262,2
131.72,10.26,31.48,9.89,371.29,162.87,0.665,545.31,18,263,2
132.9,10.38,31.45,9.84,364.15,163.58,0.672,546.84,18,264,2
133.92,10.47,31.4,9.7,360.88,165.12,0.681,549.25,18,265,2
134.44,10.61,31.37,9.62,355.74,166.41,0.694,552.78,18,266,2
135.54,10.76,31.32,9.52,350.05,167.34,0.699,554.41,18,267,2
135.96,10.87,31.29,9.39,343.52,168.16,0.705,557.66,18,268,2
137.05,11.01,31.25,9.24,339.34,170.15,0.712,559.35,18,269,2
137.97,11.13,31.22,9.13,332.04,171.38,0.724,563.1,18,270,2
138.62,11.28,31.19,9.0,326.91,172.31,0.732,564.93,18,271,2
139.44,11.37,31.14,8.95,319.99,173.12,0.737,566.21,18,272,2
140.06,11.51,31.1,8.85,313.82,174.09,0.748,569.73,18,273,2
140.82,11.62,31.05,8.73,309.73,175.03,0.756,573.43,18,274,2
141.92,11.71,31.0,8.6,302.26,175.62,0.765,575.89,18,275,2
142.37,11.8,30.98,8.51,298.77,176.44,0.775,578.47,18,276,2
143.19,11.92,30.95,8.41,293.33,177.79,0.79,581.92,18,277,2
143.63,12.04,30.89,8.31,289.35,179.68,0.796,584.52,18,278,2
144.8,12.13,30.86,8.19,285.73,180.42,0.808,586.36,18,279,2
145.72,12.27,30.82,8.07,278.88,181.39,0.823,588.9,18,280,2
146.49,12.42,30.79,7.99,271.6,182.06,0.837,591.18,18,281,2
147.2,12.54,30.76,7.85,263.81,182.6,0.845,594.51,18,282,2
148.26,12.67,30.71,7.74,256.19,183.56,0.856,595.52,18,283,2
149.41,12.78,30.65,7.59,249.16,184.6,0.869,597.4,18,284,2
150.06,12.9,30.63,7.51,245.75,185.7,0.875,600.89,18,285,2
150.9,13.02,30.57,7.41,237.78,187.43,0.882,604.42,18,286,2
151.98,13.15,30.53,7.34,231.2,189.36,0.892,606.97,18,287,2
152.84,13.26,30.47,7.25,226.01,189.97,0.899,610.47,18,288,2
153.69,13.38,30.45,7.17,218.24,191.09,0.906,613.02,18,289,2
154.14,13.5,30.39,7.11,214.67,191.8,0.918,615.04,18,290,2
154.58,13.61,30.34,7.02,207.06,193.33,0.926,616.17,18,291,2
155.71,13.76,30.3,6.95,203.21,194.35,0.94,618.04,18,292,2
156.55,13.9,30.27,6.82,196.04,195.75,0.951,620.89,18,293,2
157.04,14.04,30.24,6.76,191.92,197.38,0.957,622.48,18,294,2
158.04,14.15,30.18,6.65,186.91,198.6,0.967,623.85,18,295,2
159.09,14.24,30.16,6.6,181.83,199.21,0.98,626.49,18,296,2
159.7,14.36,30.14,6.48,176.26,200.22,0.989,630.46,18,297,2
160.27,14.47,30.11,6.36,171.07,201.35,1.002,634.4,18,298,2
161.08,14.58,30.05,6.24,163.67,202.61,1.013,635.47,18,299,2
73.7,3.17,33.6,16.03,810.06,91.41,0.012,391.87,19,0,0
73.48,3.17,33.59,15.98,813.03,91.88,0.014,390.7,19,1,0
73.5,3.19,33.59,16.05,814.53,91.79,0.017,391.61,19,2,0
73.63,3.21,33.61,16.03,817.05,90.95,0.02,389.79,19,3,0
73.96,3.23,33.61,16.07,816.1,90.0,0.015,388.15,19,4,0
73.91,3.22,33.62,16.03,819.25,90.62,0.019,387.35,19,5,0
73.69,3.23,33.64,15.97,815.6,90.15,0.019,388.19,19,6,0
73.36,3.23,33.65,15.9,819.57,90.8,0.024,389.77,19,7,0
73.67,3.24,33.64,15.85,816.45,91.28,0.023,388.46,19,8,0
73.51,3.21,33.65,15.78,813.6,91.98,0.018,387.98,19,9,0
73.89,3.21,33.63,15.81,813.68,92.95,0.021,389.34,19,10,0
73.7,3.21,33.61,15.81,811.1,92.18,0.021,388.06,19,11,0
73.41,3.19,33.6,15.85,811.42,91.58,0.025,387.1,19,12,0
73.47,3.2,33.61,15.83,807.43,92.22,0.027,389.04,19,13,0
73.85,3.21,33.6,15.74,806.74,91.69,0.031,389.43,19,14,0
73.77,3.24,33.6,15.72,809.27,90.85,0.027,387.44,19,15,0
74.09,3.21,33.61,15.77,811.95,90.95,0.024,386.97,19,16,0
74.36,3.21,33.6,15.7,808.82,90.31,0.019,385.07,19,17,0
74.12,3.18,33.62,15.73,808.12,89.6,0.02,386.07,19,18,0
73.84,3.16,33.62,15.79,806.64,89.43,0.021,386.07,19,19,0
73.65,3.13,33.62,15.83,808.64,89.08,0.018,385.69,19,20,0
73.62,3.12,33.61,15.9,808.26,88.99,0.017,386.12,19,21,0
73.87,3.11,33.61,15.99,804.42,89.96,0.014,386.16,19,22,0
73.93,3.12,33.62,16.01,802.66,90.32,0.017,387.16,19,23,0
73.92,3.12,33.64,16.07,806.49,90.12,0.021,389.14,19,24,0
73.64,3.1,33.66,16.11,807.41,89.49,0.023,389.29,19,25,0
73.81,3.1,33.67,16.02,803.47,90.15,0.022,387.84,19,26,0
73.49,3.1,33.68,15.95,802.53,90.32,0.024,389.39,19,27,0
73.87,3.11,33.68,16.0,801.14,90.05,0.027,388.59,19,28,0
74.0,3.13,33.68,16.07,799.33,90.08,0.025,387.91,19,29,0
73.95,3.15,33.68,16.16,797.98,90.97,0.022,386.98,19,30,0
74.12,3.16,33.67,16.11,794.21,90.84,0.025,386.5,19,31,0
73.97,3.13,33.69,16.19,796.98,91.74,0.025,387.74,19,32,0
73.82,3.12,33.69,16.14,793.1,90.8,0.029,389.18,19,33,0
73.43,3.14,33.7,16.17,794.12,91.4,0.032,390.45,19,34,0
73.77,3.16,33.7,16.21,791.63,90.76,0.034,390.66,19,35,0
73.72,3.16,33.69,16.3,788.87,90.15,0.034,390.41,19,36,0
74.08,3.15,33.69,16.31,788.09,89.68,0.032,392.16,19,37,0
74.11,3.17,33.68,16.23,786.61,89.81,0.034,392.54,19,38,0
74.04,3.14,33.67,16.19,782.71,89.18,0.033,391.41,19,39,0
73.86,3.12,33.66,16.21,779.85,89.87,0.032,391.14,19,40,0
74.09,3.1,33.65,16.2,776.34,89.37,0.036,389.6,19,41,0
73.97,3.08,33.66,16.18,777.44,90.16,0.033,389.6,19,42,0
74.15,3.11,33.65,16.28,775.47,90.19,0.031,390.33,19,43,0
73.91,3.12,33.65,16.33,773.54,89.3,0.029,388.49,19,44,0
73.95,3.12,33.64,16.27,770.9,88.74,0.027,388.81,19,45,0
73.55,3.15,33.65,16.19,773.91,88.15,0.032,389.97,19,46,0
73.23,3.14,33.67,16.11,773.55,89.04,0.032,390.54,19,47,0
72.85,3.13,33.68,16.12,772.03,89.98,0.029,392.05,19,48,0
72.66,3.13,33.7,16.06,772.36,89.04,0.025,392.49,19,49,0
72.36,3.11,33.7,15.97,773.46,89.96,0.029,393.34,19,50,0
72.44,3.08,33.72,15.96,773.76,90.08,0.028,392.43,19,51,0
72.53,3.06,33.73,15.97,772.11,91.0,0.032,393.79,19,52,0
72.75,3.06,33.73,16.0,771.83,91.27,0.029,394.68,19,53,0
72.94,3.08,33.73,15.94,773.13,91.87,0.03,394.71,19,54,0
73.31,3.11,33.73,16.02,769.65,92.62,0.034,396.66,19,55,0
73.41,3.13,33.72,15.92,765.93,92.5,0.034,394.89,19,56,0
73.65,3.11,33.7,16.01,768.76,91.79,0.037,396.05,19,57,0
74.02,3.11,33.7,16.11,771.92,91.23,0.041,395.55,19,58,0
74.1,3.12,33.69,16.16,773.05,90.52,0.036,395.03,19,59,0
73.72,3.1,33.7,16.18,772.3,91.37,0.032,395.56,19,60,0
73.59,3.09,33.7,16.13,770.15,92.02,0.033,394.28,19,61,0
73.4,3.08,33.72,16.2,767.43,91.84,0.031,393.31,19,62,0
73.28,3.08,33.7,16.26,768.37,91.75,0.033,392.14,19,63,0
73.46,3.08,33.69,16.32,770.8,92.5,0.029,393.49,19,64,0
73.08,3.1,33.7,16.4,770.57,92.43,0.031,393.12,19,65,0
72.88,3.07,33.69,16.48,770.09,92.16,0.032,392.86,19,66,0
72.97,3.08,33.69,16.47,771.52,92.99,0.032,394.55,19,67,0
72.65,3.09,33.69,16.56,772.01,92.82,0.027,394.94,19,68,0
72.6,3.09,33.68,16.63,771.46,93.24,0.026,396.62,19,69,0
72.67,3.07,33.67,16.61,772.99,93.11,0.029,396.07,19,70,0
72.87,3.07,33.67,16.59,770.27,92.2,0.028,396.24,19,71,0
73.05,3.07,33.67,16.68,773.01,93.0,0.032,395.92,19,72,0
72.84,3.04,33.68,16.68,772.46,93.61,0.036,395.88,19,73,0
73.13,3.06,33.7,16.65,771.8,94.48,0.033,396.55,19,74,0
72.93,3.06,33.68,16.64,771.23,93.78,0.034,398.5,19,75,0
73.13,3.05,33.68,16.65,770.09,93.1,0.039,398.77,19,76,0
72.96,3.02,33.67,16.61,773.92,93.69,0.043,398.22,19,77,0
72.74,2.99,33.65,16.65,770.1,94.33,0.041,398.58,19,78,0
72.43,3.0,33.66,16.72,769.47,94.9,0.039,400.32,19,79,0
72.05,2.99,33.66,16.72,771.64,93.94,0.043,399.98,19,80,0
71.76,3.0,33.67,16.75,771.73,93.49,0.047,398.5,19,81,0
71.72,2.99,33.67,16.77,771.07,92.95,0.052,396.83,19,82,0
71.72,2.96,33.65,16.78,771.81,93.48,0.047,398.25,19,83,0
71.42,2.95,33.64,16.73,769.17,93.23,0.052,396.75,19,84,0
71.2,2.93,33.65,16.67,771.23,92.41,0.053,398.59,19,85,0
70.93,2.92,33.64,16.62,768.89,92.33,0.049,399.95,19,86,0
71.18,2.93,33.64,16.57,768.37,91.41,0.045,399.43,19,87,0
71.06,2.94,33.63,16.54,769.67,91.42,0.048,399.43,19,88,0
71.41,2.95,33.64,16.57,773.13,91.59,0.043,400.73,19,89,0
71.3,2.96,33.62,16.55,769.59,92.43,0.041,398.74,19,90,0
71.39,2.99,33.61,16.47,772.19,93.29,0.043,400.04,19,91,0
71.1,3.02,33.6,16.49,771.38,92.37,0.039,398.26,19,92,0
71.1,3.0,33.62,16.49,768.96,93.07,0.041,396.77,19,93,0
71.1,2.98,33.6,16.44,766.8,93.64,0.042,397.79,19,94,0
71.48,2.99,33.61,16.4,768.88,92.91,0.04,397.96,19,95,0
71.37,3.0,33.62,16.37,770.7,93.78,0.042,396.13,19,96,0
71.31,3.03,33.61,16.38,772.86,93.0,0.043,398.12,19,97,0
71.23,3.05,33.63,16.39,775.21,92.97,0.047,399.27,19,98,0
71.36,3.04,33.61,16.34,772.77,92.03,0.047,399.28,19,99,0
71.32,3.02,33.63,16.43,776.58,92.02,0.047,400.87,19,100,0
71.42,3.0,33.62,16.45,778.65,92.95,0.048,399.98,19,101,0
71.42,2.99,33.63,16.54,782.51,91.98,0.043,398.56,19,102,0
71.19,2.97,33.63,16.61,785.62,91.03,0.045,397.0,19,103,0
70.87,2.95,33.64,16.65,784.48,91.24,0.048,397.4,19,104,0
71.16,2.92,33.64,16.68,787.02,91.22,0.049,395.51,19,105,0
71.32,2.93,33.64,16.63,783.73,92.1,0.05,394.33,19,106,0
71.18,2.91,33.62,16.61,786.2,91.24,0.049,393.95,19,107,0
71.28,2.9,33.62,16.51,784.87,90.59,0.049,393.25,19,108,0
71.61,2.89,33.62,16.45,785.03,90.8,0.048,393.72,19,109,0
71.35,2.91,33.62,16.55,787.12,90.11,0.046,394.07,19,110,0
71.39,2.88,33.62,16.46,783.95,91.01,0.051,393.29,19,111,0
71.04,2.9,33.6,16.53,781.98,90.38,0.054,395.15,19,112,0
71.36,2.91,33.59,16.48,778.32,91.19,0.052,396.25,19,113,0
71.09,2.88,33.6,16.49,779.47,90.8,0.047,395.69,19,114,0
71.19,2.9,33.58,16.44,782.72,89.92,0.048,394.26,19,115,0
70.9,2.91,33.59,16.47,779.99,90.32,0.043,395.34,19,116,0
71.2,2.89,33.6,16.45,776.02,90.81,0.047,395.44,19,117,0
71.16,2.87,33.58,16.46,773.0,90.49,0.046,396.84,19,118,0
70.77,2.85,33.57,16.37,776.66,90.4,0.05,396.48,19,119,0
70.92,2.88,33.57,16.41,777.0,90.21,0.047,398.01,19,120,0
71.07,2.85,33.57,16.47,773.38,90.94,0.046,398.58,19,121,0
71.42,2.85,33.56,16.56,776.96,91.02,0.047,398.41,19,122,0
71.04,2.84,33.58,16.55,779.93,90.14,0.045,399.03,19,123,0
70.67,2.86,33.57,16.64,782.15,90.82,0.043,400.3,19,124,0
71.01,2.87,33.57,16.69,779.65,90.69,0.04,399.03,19,125,0
70.89,2.86,33.58,16.66,781.75,90.58,0.036,398.83,19,126,0
71.11,2.83,33.59,16.57,780.17,89.96,0.037,397.48,19,127,0
71.5,2.86,33.59,16.62,776.76,89.81,0.04,396.45,19,128,0
71.82,2.84,33.59,16.63,779.75,90.43,0.041,396.25,19,129,0
71.69,2.82,33.58,16.65,781.41,89.9,0.036,397.15,19,130,0
71.87,2.83,33.59,16.74,783.99,90.53,0.032,395.78,19,131,0
71.53,2.82,33.57,16.69,785.11,90.97,0.033,394.25,19,132,0
71.19,2.79,33.58,16.77,788.16,91.28,0.037,395.36,19,133,0
71.37,2.81,33.6,16.73,785.76,91.98,0.039,396.14,19,134,0
71.05,2.78,33.61,16.65,782.35,91.68,0.036,396.42,19,135,0
70.66,2.81,33.63,16.66,785.98,91.84,0.035,396.2,19,136,0
70.29,2.83,33.61,16.64,784.98,91.35,0.032,394.29,19,137,0
70.04,2.8,33.6,16.66,785.68,92.14,0.031,394.49,19,138,0
70.01,2.81,33.61,16.75,784.65,93.13,0.034,396.27,19,139,0
70.32,2.82,33.6,16.84,782.14,94.09,0.031,394.68,19,140,0
70.17,2.82,33.61,16.8,782.58,93.1,0.03,393.44,19,141,0
69.92,2.82,33.62,16.8,778.63,93.14,0.033,392.22,19,142,0
70.09,2.83,33.62,16.77,780.59,92.97,0.033,392.91,19,143,0
69.72,2.83,33.61,16.68,782.72,93.35,0.03,392.65,19,144,0
69.78,2.83,33.63,16.77,786.0,92.48,0.027,392.67,19,145,0
70.12,2.81,33.65,16.75,789.19,91.56,0.026,392.69,19,146,0
70.48,2.79,33.65,16.75,789.13,92.13,0.028,391.71,19,147,0
70.23,2.79,33.65,16.73,790.12,91.66,0.025,390.83,19,148,0
69.85,2.82,33.63,16.74,789.19,92.51,0.021,389.48,19,149,0
70.08,2.82,33.65,16.71,788.99,93.25,0.026,389.4,19,150,0
69.79,2.84,33.64,16.69,786.64,94.02,0.022,390.84,19,151,0
70.07,2.85,33.64,16.6,783.61,94.18,0.027,390.29,19,152,0
70.46,2.84,33.65,16.65,786.51,93.76,0.027,389.28,19,153,0
70.85,2.85,33.66,16.57,789.23,93.82,0.024,390.45,19,154,0
70.8,2.84,33.67,16.6,787.21,93.77,0.028,388.83,19,155,0
70.97,2.87,33.67,16.58,788.97,94.18,0.024,390.35,19,156,0
70.9,2.84,33.65,16.54,786.63,95.12,0.022,389.86,19,157,0
71.17,2.82,33.66,16.45,782.73,95.39,0.023,390.32,19,158,0
71.27,2.82,33.66,16.51,779.96,94.45,0.024,388.86,19,159,0
71.23,2.85,33.66,16.52,780.47,94.6,0.02,388.9,19,160,0
71.61,2.83,33.65,16.57,780.67,94.43,0.016,389.26,19,161,0
71.82,2.81,33.66,16.67,777.0,95.38,0.011,387.52,19,162,0
72.16,2.8,33.67,16.71,776.44,95.37,0.009,389.44,19,163,0
72.21,2.82,33.67,16.62,774.36,95.51,0.007,390.91,19,164,0
72.08,2.82,33.67,16.66,773.46,96.2,0.007,391.92,19,165,0
71.82,2.81,33.66,16.75,776.27,96.76,0.005,392.21,19,166,0
71.47,2.81,33.67,16.74,778.27,97.2,0.007,391.51,19,167,0
71.18,2.82,33.67,16.66,774.56,97.89,0.005,392.53,19,168,0
71.44,2.79,33.65,16.68,778.41,98.16,0.001,392.91,19,169,0
71.07,2.78,33.65,16.6,778.34,97.76,0.003,394.55,19,170,0
71.41,2.76,33.65,16.6,774.96,98.44,0.002,392.98,19,171,0
71.02,2.73,33.64,16.6,776.92,97.98,-0.003,393.04,19,172,0
71.41,2.76,33.65,16.52,778.22,97.9,0.001,394.66,19,173,0
71.4,2.77,33.66,16.59,781.56,98.56,0.001,396.02,19,174,0
71.8,2.76,33.66,16.67,779.13,99.45,0.001,394.75,19,175,0
71.96,2.75,33.68,16.67,777.47,99.17,-0.002,394.29,19,176,0
72.06,2.78,33.66,16.7,773.66,100.16,0.001,392.37,19,177,0
72.16,2.78,33.65,16.66,775.68,100.85,0.003,394.02,19,178,0
72.51,2.8,33.65,16.72,772.18,101.34,0.002,394.88,19,179,0
73.03,2.86,33.64,16.66,766.81,101.38,0.006,395.4,19,180,1
73.42,2.92,33.63,16.6,763.09,102.32,0.012,396.8,19,181,1
74.09,2.98,33.61,16.52,759.15,102.65,0.019,397.82,19,182,1
74.57,3.03,33.6,16.48,754.11,103.01,0.024,398.56,19,183,1
75.15,3.1,33.6,16.46,749.72,103.8,0.029,398.86,19,184,1
75.37,3.15,33.57,16.43,745.59,104.8,0.034,400.76,19,185,1
75.79,3.23,33.55,16.35,741.14,105.35,0.038,400.9,19,186,1
76.45,3.28,33.55,16.28,737.87,105.62,0.042,401.25,19,187,1
76.96,3.36,33.55,16.25,734.11,106.33,0.046,402.9,19,188,1
77.34,3.4,33.53,16.19,730.63,107.17,0.052,404.08,19,189,1
78.11,3.46,33.53,16.13,727.0,107.76,0.054,405.85,19,190,1
78.75,3.52,33.52,16.07,724.87,108.61,0.057,407.38,19,191,1
79.34,3.55,33.5,16.01,721.54,109.35,0.059,409.31,19,192,1
79.81,3.59,33.48,15.93,716.18,109.72,0.064,409.95,19,193,1
80.06,3.67,33.46,15.89,710.21,109.98,0.066,411.88,19,194,1
80.74,3.72,33.46,15.83,706.6,110.01,0.074,412.75,19,195,1
81.37,3.76,33.44,15.8,700.65,110.72,0.079,412.8,19,196,1
81.78,3.82,33.42,15.75,696.2,110.95,0.083,414.0,19,197,1
81.98,3.86,33.4,15.73,693.31,111.12,0.087,414.77,19,198,1
82.2,3.92,33.38,15.65,690.77,111.9,0.09,415.07,19,199,1
82.61,3.98,33.37,15.6,684.93,112.84,0.098,416.49,19,200,1
82.93,4.04,33.35,15.57,681.5,113.64,0.102,416.62,19,201,1
83.69,4.08,33.33,15.52,677.3,114.39,0.106,417.19,19,202,1
84.42,4.12,33.31,15.5,672.61,114.62,0.113,418.89,19,203,1
84.69,4.17,33.28,15.46,668.8,114.78,0.118,419.55,19,204,1
85.09,4.2,33.27,15.4,664.85,115.02,0.124,421.16,19,205,1
85.75,4.26,33.27,15.33,660.38,115.34,0.126,422.46,19,206,1
86.35,4.31,33.25,15.28,656.74,116.22,0.132,422.69,19,207,1
87.03,4.37,33.23,15.25,652.24,116.35,0.138,423.21,19,208,1
87.3,4.45,33.22,15.22,646.33,116.78,0.14,424.06,19,209,1
87.83,4.49,33.21,15.16,643.1,117.28,0.147,425.03,19,210,1
88.62,4.53,33.19,15.09,639.84,117.59,0.15,425.97,19,211,1
89.01,4.58,33.16,15.04,633.89,117.78,0.153,426.64,19,212,1
89.75,4.62,33.16,14.98,629.2,118.33,0.156,428.34,19,213,1
90.05,4.68,33.14,14.93,625.13,119.13,0.16,428.44,19,214,1
90.8,4.76,33.12,14.89,621.13,119.4,0.165,430.04,19,215,1
91.52,4.83,33.09,14.82,615.71,119.58,0.17,430.81,19,216,1
92.31,4.9,33.07,14.76,613.7,120.0,0.175,432.37,19,217,1
92.66,4.98,33.07,14.73,609.13,120.37,0.18,432.56,19,218,1
93.39,5.01,33.05,14.66,603.65,120.92,0.182,434.13,19,219,1
94.51,5.15,33.03,14.56,598.13,122.11,0.191,436.31,19,220,2
95.71,5.26,32.98,14.5,595.07,123.18,0.198,439.99,19,221,2
96.26,5.4,32.95,14.4,590.01,124.19,0.211,443.73,19,222,2
96.82,5.49,32.91,14.33,582.89,125.3,0.218,446.7,19,223,2
97.63,5.58,32.89,14.23,576.36,127.13,0.232,448.23,19,224,2
98.04,5.69,32.86,14.13,572.03,128.63,0.238,449.68,19,225,2
98.62,5.78,32.82,14.03,568.19,129.98,0.243,451.12,19,226,2
99.11,5.89,32.78,13.93,565.15,131.4,0.251,454.72,19,227,2
99.61,6.02,32.76,13.82,557.18,132.74,0.258,457.35,19,228,2
100.42,6.11,32.73,13.73,552.93,133.85,0.268,459.02,19,229,2
101.34,6.19,32.69,13.63,549.39,135.17,0.276,461.32,19,230,2
101.8,6.3,32.66,13.54,545.02,136.09,0.284,463.09,19,231,2
102.98,6.41,32.64,13.46,541.73,137.74,0.291,465.4,19,232,2
103.91,6.55,32.6,13.32,534.49,139.1,0.299,468.87,19,233,2
104.87,6.7,32.58,13.2,530.6,140.96,0.306,470.59,19,234,2
105.34,6.83,32.53,13.1,524.16,141.77,0.321,474.4,19,235,2
105.89,6.94,32.47,13.03,518.17,143.09,0.336,476.06,19,236,2
106.63,7.04,32.42,12.9,513.88,144.52,0.347,478.63,19,237,2
107.61,7.13,32.37,12.82,509.0,145.04,0.361,481.58,19,238,2
108.6,7.25,32.32,12.7,503.55,146.24,0.375,485.35,19,239,2
109.47,7.37,32.29,12.59,498.26,147.54,0.39,487.48,19,240,2
110.06,7.46,32.27,12.47,490.83,148.94,0.395,490.49,19,241,2
110.64,7.57,32.22,12.41,484.85,150.7,0.41,494.02,19,242,2
111.65,7.71,32.17,12.26,477.36,152.18,0.424,495.55,19,243,2
112.25,7.82,32.15,12.15,469.72,154.15,0.43,498.35,19,244,2
113.35,7.9,32.12,12.06,465.85,154.67,0.44,500.64,19,245,2
113.79,8.0,32.07,11.94,460.57,155.43,0.447,502.64,19,246,2
114.25,8.08,32.02,11.82,456.77,156.52,0.461,505.54,19,247,2
114.86,8.18,31.97,11.71,451.69,157.65,0.473,509.07,19,248,2
115.27,8.27,31.93,11.58,448.22,158.2,0.485,511.78,19,249,2
116.14,8.41,31.89,11.45,444.12,159.26,0.492,515.76,19,250,2
116.62,8.51,31.85,11.39,439.51,161.26,0.498,517.09,19,251,2
117.07,8.62,31.83,11.25,435.28,162.55,0.507,520.74,19,252,2
117.58,8.75,31.77,11.19,429.39,163.1,0.513,522.99,19,253,2
118.18,8.88,31.74,11.08,424.6,164.3,0.525,526.57,19,254,2
119.38,9.02,31.71,10.94,416.91,166.08,0.534,529.36,19,255,2
120.06,9.11,31.67,10.86,409.48,167.86,0.545,530.76,19,256,2
121.08,9.24,31.64,10.76,402.6,168.75,0.559,533.75,19,257,2
121.6,9.34,31.6,10.62,397.87,170.24,0.574,536.93,19,258,2
122.41,9.46,31.55,10.51,394.65,171.65,0.588,538.15,19,259,2
123.37,9.59,31.51,10.39,389.34,172.29,0.599,540.74,19,260,2
124.2,9.72,31.46,10.31,383.14,173.41,0.606,544.41,19,261,2
125.22,9.84,31.44,10.21,375.79,175.2,0.618,546.23,19,262,2
126.0,9.97,31.41,10.14,372.04,177.11,0.632,548.93,19,263,2
127.06,10.06,31.38,10.04,365.45,178.03,0.644,550.2,19,264,2
127.7,10.14,31.34,9.98,360.98,179.28,0.657,553.95,19,265,2
128.3,10.24,31.31,9.83,355.3,181.19,0.672,555.74,19,266,2
128.85,10.37,31.28,9.72,351.64,182.69,0.678,557.58,19,267,2
129.71,10.51,31.25,9.58,343.68,183.65,0.692,560.17,19,268,2
130.46,10.61,31.22,9.47,337.0,184.27,0.699,562.26,19,269,2
131.38,10.71,31.18,9.35,333.45,185.11,0.707,565.45,19,270,2
132.57,10.85,31.14,9.29,328.15,186.51,0.722,567.57,19,271,2
133.33,10.94,31.11,9.18,320.55,187.88,0.728,569.56,19,272,2
133.91,11.05,31.08,9.06,316.64,188.46,0.735,571.96,19,273,2
134.63,11.14,31.04,8.95,309.63,189.45,0.75,574.01,19,274,2
135.79,11.23,31.0,8.83,306.26,190.39,0.761,577.13,19,275,2
136.33,11.37,30.94,8.75,301.01,191.41,0.768,578.71,19,276,2
137.33,11.49,30.89,8.63,294.24,192.64,0.781,581.53,19,277,2
137.86,11.6,30.85,8.55,288.61,194.25,0.796,584.34,19,278,2
138.76,11.71,30.8,8.46,280.94,195.93,0.809,586.76,19,279,2
139.33,11.81,30.78,8.36,274.73,196.81,0.818,589.82,19,280,2
140.1,11.94,30.73,8.23,270.49,197.88,0.833,592.15,19,281,2
141.2,12.05,30.7,8.17,266.75,199.17,0.841,595.45,19,282,2
141.65,12.15,30.66,8.04,259.26,201.06,0.852,597.02,19,283,2
142.63,12.25,30.62,7.93,254.81,202.45,0.858,599.53,19,284,2
143.67,12.34,30.57,7.83,251.38,204.13,0.87,601.03,19,285,2
144.86,12.43,30.53,7.7,243.96,204.68,0.883,603.68,19,286,2
145.86,12.57,30.5,7.64,240.2,206.38,0.89,605.37,19,287,2
146.96,12.7,30.47,7.58,235.01,206.99,0.898,608.1,19,288,2
147.65,12.8,30.42,7.5,230.59,208.29,0.91,609.79,19,289,2
148.64,12.88,30.38,7.44,222.72,210.0,0.916,613.59,19,290,2
149.79,12.96,30.35,7.37,217.96,210.72,0.921,617.18,19,291,2
150.23,13.1,30.33,7.29,214.6,212.39,0.927,619.58,19,292,2
151.12,13.22,30.29,7.23,210.01,213.28,0.934,621.22,19,293,2
152.14,13.35,30.25,7.16,206.94,214.58,0.946,622.23,19,294,2
153.16,13.48,30.23,7.07,199.85,215.94,0.955,625.98,19,295,2
153.6,13.61,30.19,7.02,195.39,217.54,0.961,627.68,19,296,2
154.36,13.74,30.14,6.94,191.27,218.7,0.974,630.66,19,297,2
154.89,13.88,30.11,6.8,183.38,219.75,0.984,631.78,19,298,2
155.53,13.99,30.07,6.73,179.6,221.25,0.991,634.63,19,299,2
73.74,3.21,33.62,15.96,808.58,92.26,0.015,388.7,20,0,0
73.4,3.21,33.6,15.9,807.54,91.7,0.018,387.19,20,1,0
73.15,3.2,33.58,15.89,804.94,91.6,0.014,388.88,20,2,0
72.81,3.21,33.57,15.92,803.07,92.1,0.015,390.17,20,3,0
72.9,3.22,33.55,15.84,803.73,92.88,0.012,391.05,20,4,0
73.28,3.23,33.54,15.77,804.28,92.63,0.014,389.64,20,5,0
73.42,3.26,33.53,15.69,807.16,93.19,0.016,388.6,20,6,0
73.21,3.27,33.51,15.65,807.9,94.11,0.021,387.82,20,7,0
73.29,3.29,33.51,15.62,806.1,94.51,0.023,387.45,20,8,0
73.54,3.29,33.51,15.71,805.71,95.23,0.028,386.73,20,9,0
73.66,3.27,33.52,15.64,808.56,94.99,0.024,388.16,20,10,0
73.7,3.25,33.5,15.67,809.73,95.43,0.023,386.29,20,11,0
73.5,3.27,33.49,15.75,808.15,95.25,0.02,385.85,20,12,0
73.22,3.29,33.49,15.8,811.4,94.61,0.017,386.95,20,13,0
73.33,3.27,33.5,15.72,814.01,95.43,0.02,387.67,20,14,0
73.51,3.25,33.49,15.68,814.45,95.1,0.023,387.42,20,15,0
73.63,3.27,33.48,15.65,814.5,94.9,0.024,386.67,20,16,0
73.57,3.26,33.49,15.7,810.64,94.11,0.02,386.92,20,17,0
73.35,3.24,33.48,15.79,814.08,94.54,0.024,388.29,20,18,0
73.17,3.25,33.46,15.86,815.74,94.78,0.027,390.08,20,19,0
73.34,3.23,33.47,15.91,817.7,95.59,0.031,388.7,20,20,0
73.18,3.2,33.48,15.86,815.75,95.12,0.026,388.37,20,21,0
73.28,3.21,33.48,15.95,815.4,94.34,0.031,387.36,20,22,0
72.95,3.23,33.5,15.97,813.93,93.53,0.032,389.17,20,23,0
72.88,3.21,33.5,16.0,813.45,94.47,0.033,390.13,20,24,0
72.58,3.2,33.48,16.06,815.87,95.14,0.029,390.02,20,25,0
72.56,3.2,33.46,16.11,817.9,94.18,0.025,391.33,20,26,0
72.45,3.17,33.47,16.04,818.54,94.69,0.028,391.83,20,27,0
72.46,3.15,33.47,16.06,821.53,94.2,0.023,390.63,20,28,0
72.23,3.15,33.47,16.07,821.35,94.97,0.028,392.43,20,29,0
72.21,3.16,33.46,16.08,824.26,95.31,0.028,391.59,20,30,0
72.04,3.15,33.46,16.03,821.25,95.93,0.03,390.38,20,31,0
72.35,3.17,33.47,16.12,818.67,96.05,0.029,390.83,20,32,0
72.46,3.2,33.46,16.21,822.6,96.93,0.03,389.83,20,33,0
72.29,3.2,33.47,16.17,823.24,96.15,0.03,391.43,20,34,0
72.48,3.22,33.45,16.22,825.81,97.06,0.032,391.87,20,35,0
72.53,3.24,33.44,16.17,825.0,97.59,0.031,393.77,20,36,0
72.71,3.25,33.42,16.24,827.24,97.48,0.036,394.16,20,37,0
72.44,3.28,33.43,16.19,824.76,96.69,0.035,395.91,20,38,0
72.39,3.26,33.45,16.15,820.8,95.95,0.031,397.47,20,39,0
72.09,3.26,33.45,16.17,820.74,96.68,0.027,399.43,20,40,0
71.96,3.25,33.45,16.26,817.5,95.91,0.027,399.05,20,41,0
71.74,3.24,33.44,16.34,817.12,95.67,0.028,398.27,20,42,0
71.75,3.21,33.44,16.38,814.02,96.28,0.028,398.56,20,43,0
71.68,3.18,33.44,16.28,814.52,95.64,0.026,397.51,20,44,0
71.94,3.21,33.44,16.21,815.41,95.04,0.029,398.28,20,45,0
72.03,3.19,33.43,16.12,812.74,95.12,0.027,397.73,20,46,0
72.04,3.21,33.42,16.13,811.41,94.55,0.032,396.19,20,47,0
72.4,3.22,33.42,16.09,809.41,94.76,0.031,397.72,20,48,0
72.64,3.24,33.41,16.16,811.29,94.15,0.029,396.98,20,49,0
72.32,3.23,33.39,16.2,812.13,94.2,0.028,396.74,20,50,0
71.95,3.2,33.39,16.24,811.1,93.89,0.03,395.76,20,51,0
71.7,3.22,33.39,16.31,813.55,93.38,0.029,396.51,20,52,0
71.66,3.2,33.41,16.21,815.65,94.11,0.033,396.59,20,53,0
71.49,3.17,33.39,16.25,815.38,93.59,0.032,395.58,20,54,0
71.24,3.2,33.41,16.19,813.49,94.15,0.03,395.88,20,55,0
71.53,3.2,33.41,16.23,816.95,94.2,0.031,395.6,20,56,0
71.7,3.17,33.39,16.27,820.55,93.67,0.027,395.67,20,57,0
71.89,3.2,33.4,16.29,817.04,94.41,0.026,394.13,20,58,0
72.14,3.22,33.42,16.31,817.03,94.83,0.025,394.08,20,59,0
71.78,3.21,33.4,16.24,817.74,94.85,0.027,394.44,20,60,0
71.81,3.2,33.39,16.14,815.82,93.89,0.031,393.16,20,61,0
72.18,3.2,33.39,16.1,814.83,93.01,0.027,392.21,20,62,0
72.02,3.21,33.41,16.07,816.18,93.04,0.024,392.07,20,63,0
72.18,3.21,33.42,16.0,812.73,93.24,0.024,393.15,20,64,0
72.08,3.2,33.42,15.9,810.86,92.54,0.025,393.98,20,65,0
72.17,3.19,33.44,15.98,808.11,92.15,0.023,392.55,20,66,0
72.57,3.19,33.43,15.95,804.12,91.87,0.024,391.36,20,67,0
72.94,3.19,33.45,15.92,804.52,91.3,0.028,390.08,20,68,0
73.3,3.16,33.45,16.0,802.86,91.61,0.024,390.94,20,69,0
73.63,3.19,33.43,15.99,802.53,92.34,0.029,392.72,20,70,0
73.83,3.2,33.42,16.03,801.08,91.69,0.029,391.21,20,71,0
73.86,3.22,33.42,15.99,801.98,91.61,0.03,393.04,20,72,0
73.64,3.24,33.43,16.04,804.37,90.95,0.032,392.16,20,73,0
73.76,3.22,33.44,16.12,802.66,91.34,0.028,393.85,20,74,0
73.45,3.24,33.45,16.07,802.8,91.32,0.03,395.35,20,75,0
73.17,3.24,33.47,16.03,802.6,90.7,0.035,396.87,20,76,0
73.05,3.23,33.47,16.12,803.19,91.06,0.037,398.46,20,77,0
72.75,3.23,33.46,16.18,805.01,91.92,0.034,399.83,20,78,0
72.68,3.22,33.48,16.1,807.37,91.66,0.035,399.46,20,79,0
72.47,3.23,33.46,16.01,806.73,91.05,0.037,398.96,20,80,0
72.15,3.23,33.45,16.11,809.45,91.93,0.034,399.57,20,81,0
72.4,3.21,33.46,16.18,812.99,91.0,0.031,397.71,20,82,0
72.71,3.19,33.44,16.16,809.08,91.75,0.035,397.79,20,83,0
72.61,3.16,33.43,16.2,808.37,91.01,0.037,396.02,20,84,0
72.7,3.14,33.42,16.19,805.01,91.32,0.035,396.92,20,85,0
72.44,3.12,33.42,16.13,806.5,91.1,0.032,395.23,20,86,0
72.54,3.13,33.41,16.14,805.62,90.54,0.03,395.68,20,87,0
72.66,3.11,33.39,16.1,808.23,89.94,0.032,397.61,20,88,0
72.8,3.11,33.41,16.03,809.92,89.51,0.029,398.11,20,89,0
73.12,3.1,33.42,16.12,810.2,89.21,0.03,396.36,20,90,0
73.03,3.1,33.41,16.11,810.78,89.93,0.031,395.89,20,91,0
72.75,3.1,33.39,16.2,809.31,89.51,0.035,394.68,20,92,0
72.94,3.09,33.39,16.25,805.75,88.99,0.033,395.67,20,93,0
72.99,3.11,33.38,16.3,801.84,88.76,0.029,395.55,20,94,0
72.71,3.12,33.36,16.25,804.31,87.91,0.026,396.67,20,95,0
72.48,3.13,33.36,16.31,800.58,87.99,0.027,396.25,20,96,0
72.27,3.13,33.35,16.39,802.08,87.9,0.024,395.48,20,97,0
72.06,3.15,33.34,16.47,802.01,87.0,0.021,395.18,20,98,0
71.87,3.18,33.34,16.39,799.9,87.47,0.02,396.73,20,99,0
72.11,3.19,33.35,16.4,796.11,87.9,0.023,395.99,20,100,0
72.01,3.21,33.34,16.41,793.27,87.33,0.021,395.53,20,101,0
71.65,3.24,33.32,16.41,790.6,87.76,0.025,395.12,20,102,0
71.53,3.21,33.31,16.33,791.04,87.47,0.024,394.41,20,103,0
71.69,3.22,33.31,16.37,794.78,88.25,0.023,393.18,20,104,0
71.63,3.21,33.33,16.33,797.34,89.04,0.024,392.5,20,105,0
71.37,3.22,33.34,16.35,794.62,89.77,0.025,391.86,20,106,0
71.11,3.25,33.34,16.44,791.2,89.85,0.029,392.87,20,107,0
70.72,3.25,33.33,16.49,789.52,90.37,0.025,394.44,20,108,0
70.77,3.28,33.35,16.46,788.01,90.26,0.026,393.03,20,109,0
70.38,3.28,33.36,16.51,784.56,89.67,0.027,391.46,20,110,0
70.52,3.3,33.35,16.58,788.37,90.3,0.023,389.77,20,111,0
70.61,3.29,33.36,16.49,786.28,91.03,0.026,390.47,20,112,0
70.96,3.3,33.38,16.55,782.8,90.8,0.029,392.17,20,113,0
71.17,3.31,33.37,16.64,778.8,90.21,0.025,393.67,20,114,0
70.88,3.34,33.38,16.68,780.26,90.16,0.029,393.11,20,115,0
71.15,3.34,33.4,16.62,778.01,90.13,0.025,392.95,20,116,0
71.31,3.33,33.38,16.71,774.94,89.93,0.022,393.1,20,117,0
71.37,3.32,33.38,16.62,777.67,89.78,0.021,393.43,20,118,0
71.2,3.32,33.38,16.68,780.56,88.86,0.025,393.16,20,119,0
71.16,3.34,33.37,16.73,779.29,88.47,0.025,392.84,20,120,0
71.2,3.32,33.39,16.79,778.14,89.37,0.024,390.88,20,121,0
71.19,3.35,33.38,16.72,775.32,89.77,0.023,391.9,20,122,0
71.54,3.37,33.39,16.63,771.34,90.15,0.024,391.81,20,123,0
71.6,3.37,33.38,16.68,774.92,90.9,0.026,389.87,20,124,0
71.38,3.39,33.39,16.66,774.59,91.87,0.023,389.97,20,125,0
70.99,3.38,33.38,16.57,778.5,91.73,0.026,388.09,20,126,0
71.05,3.38,33.38,16.52,781.1,92.03,0.024,388.21,20,127,0
71.15,3.35,33.38,16.6,781.28,91.86,0.025,386.3,20,128,0
70.79,3.37,33.39,16.69,778.48,92.56,0.021,384.63,20,129,0
71.14,3.35,33.39,16.72,776.61,93.26,0.022,385.85,20,130,0
71.24,3.34,33.38,16.69,778.07,92.49,0.025,387.67,20,131,0
71.31,3.35,33.38,16.7,780.64,92.68,0.027,389.46,20,132,0
71.67,3.35,33.36,16.63,782.73,93.61,0.029,390.74,20,133,0
71.27,3.37,33.36,16.62,784.51,93.32,0.034,388.86,20,134,0
71.15,3.37,33.34,16.53,785.35,93.43,0.03,390.64,20,135,0
70.89,3.34,33.33,16.57,782.79,92.55,0.033,391.23,20,136,0
70.53,3.35,33.34,16.62,781.77,92.26,0.034,390.13,20,137,0
70.6,3.37,33.34,16.59,783.62,92.88,0.035,388.62,20,138,0
70.71,3.37,33.35,16.65,786.04,92.7,0.034,387.42,20,139,0
70.65,3.35,33.35,16.58,785.36,92.64,0.032,388.42,20,140,0
70.89,3.38,33.37,16.66,783.38,92.93,0.036,386.56,20,141,0
71.17,3.4,33.37,16.64,785.36,92.93,0.031,385.44,20,142,0
71.49,3.38,33.36,16.64,781.94,93.32,0.029,384.07,20,143,0
71.1,3.4,33.35,16.68,785.47,93.82,0.024,385.01,20,144,0
71.05,3.38,33.34,16.63,787.86,94.57,0.027,385.61,20,145,0
71.18,3.39,33.32,16.54,791.37,94.41,0.022,384.92,20,146,0
70.9,3.39,33.31,16.53,792.07,94.96,0.02,383.9,20,147,0
71.1,3.41,33.29,16.53,792.57,95.72,0.023,382.14,20,148,0
71.38,3.39,33.31,16.54,791.24,95.73,0.027,381.08,20,149,0
71.08,3.4,33.3,16.63,788.42,94.85,0.023,380.66,20,150,0
71.32,3.39,33.29,16.64,785.98,95.06,0.025,379.37,20,151,0
71.34,3.37,33.3,16.59,785.48,94.65,0.026,380.37,20,152,0
71.23,3.35,33.28,16.6,786.64,94.53,0.027,378.94,20,153,0
71.45,3.33,33.28,16.69,784.97,94.77,0.024,377.35,20,154,0
71.28,3.3,33.28,16.63,784.86,95.01,0.028,379.14,20,155,0
71.5,3.31,33.3,16.73,782.1,95.88,0.032,380.33,20,156,0
71.62,3.34,33.29,16.79,782.34,96.03,0.031,380.28,20,157,0
71.97,3.36,33.29,16.87,781.83,96.31,0.027,381.68,20,158,0
71.71,3.36,33.31,16.81,784.48,97.25,0.03,380.19,20,159,0
71.35,3.33,33.3,16.75,784.37,97.53,0.033,378.84,20,160,0
71.3,3.33,33.31,16.68,783.62,97.63,0.034,378.98,20,161,0
71.52,3.31,33.32,16.77,785.22,96.71,0.037,379.63,20,162,0
71.27,3.31,33.33,16.85,783.18,95.96,0.04,379.52,20,163,0
70.9,3.29,33.34,16.77,780.76,96.11,0.043,380.27,20,164,0
70.67,3.26,33.33,16.71,783.85,96.7,0.041,380.01,20,165,0
70.44,3.23,33.31,16.69,783.4,96.04,0.037,379.99,20,166,0
70.26,3.23,33.29,16.78,783.4,96.26,0.035,380.35,20,167,0
70.07,3.22,33.29,16.81,779.75,96.07,0.038,378.45,20,168,0
69.91,3.22,33.29,16.73,780.29,95.5,0.038,377.57,20,169,0
69.6,3.22,33.31,16.77,779.02,95.89,0.034,379.56,20,170,0
69.7,3.19,33.29,16.82,776.41,95.18,0.029,378.15,20,171,0
69.3,3.17,33.28,16.89,774.75,94.3,0.032,379.28,20,172,0
68.97,3.2,33.28,16.89,772.4,94.5,0.031,381.13,20,173,0
69.37,3.21,33.28,16.87,775.27,95.5,0.026,382.4,20,174,0
69.02,3.23,33.29,16.91,772.54,95.65,0.026,382.03,20,175,0
68.99,3.21,33.28,16.89,772.65,95.65,0.03,383.03,20,176,0
69.37,3.24,33.29,16.88,775.91,96.4,0.034,384.28,20,177,0
69.33,3.23,33.27,16.88,773.59,96.86,0.036,385.59,20,178,0
68.96,3.24,33.26,16.81,776.84,96.88,0.033,387.58,20,179,0
69.47,3.31,33.23,16.74,772.38,97.61,0.04,388.67,20,180,1
70.04,3.34,33.21,16.7,768.23,97.76,0.042,388.76,20,181,1
70.36,3.42,33.2,16.67,762.79,98.48,0.049,389.02,20,182,1
70.57,3.47,33.18,16.65,759.36,98.79,0.055,389.28,20,183,1
70.82,3.5,33.18,16.58,756.34,99.35,0.063,390.55,20,184,1
71.23,3.55,33.17,16.56,753.55,99.79,0.071,392.17,20,185,1
71.6,3.61,33.16,16.54,748.65,99.84,0.077,393.56,20,186,1
72.36,3.66,33.15,16.49,745.62,100.72,0.079,395.1,20,187,1
73.12,3.72,33.12,16.47,740.34,101.42,0.082,395.48,20,188,1
73.74,3.79,33.1,16.43,735.44,101.96,0.09,396.54,20,189,1
74.36,3.84,33.08,16.36,732.71,102.59,0.094,398.08,20,190,1
74.95,3.92,33.08,16.34,729.62,103.14,0.096,399.38,20,191,1
75.56,3.95,33.06,16.32,726.12,103.93,0.098,400.13,20,192,1
76.28,4.01,33.04,16.25,723.08,104.16,0.103,400.51,20,193,1
77.07,4.07,33.03,16.22,719.55,104.42,0.105,400.72,20,194,1
77.53,4.13,33.03,16.16,715.61,104.61,0.107,401.29,20,195,1
77.91,4.16,33.03,16.13,711.04,104.81,0.11,402.07,20,196,1
78.49,4.24,33.02,16.05,706.81,105.41,0.116,403.66,20,197,1
79.27,4.28,33.0,16.03,702.71,105.88,0.121,405.49,20,198,1
79.62,4.33,32.97,15.98,698.47,106.0,0.127,407.16,20,199,1
80.39,4.39,32.95,15.94,695.8,106.66,0.129,408.5,20,200,1
80.71,4.46,32.94,15.87,693.38,107.36,0.133,409.94,20,201,1
81.05,4.52,32.94,15.82,687.42,107.85,0.137,411.84,20,202,1
81.49,4.59,32.93,15.78,681.95,108.51,0.144,413.76,20,203,1
81.75,4.67,32.9,15.72,676.97,108.56,0.15,415.29,20,204,1
82.02,4.73,32.88,15.65,673.33,109.08,0.157,416.84,20,205,1
82.61,4.8,32.87,15.58,670.38,109.9,0.16,417.32,20,206,1
83.0,4.85,32.85,15.56,667.42,110.43,0.164,419.07,20,207,1
83.4,4.9,32.84,15.52,665.15,110.5,0.167,419.73,20,208,1
84.08,4.97,32.84,15.44,661.34,110.86,0.171,420.53,20,209,1
84.64,5.0,32.81,15.4,658.76,111.46,0.177,421.8,20,210,1
85.27,5.04,32.81,15.37,653.61,112.43,0.183,422.84,20,211,1
85.62,5.08,32.79,15.29,650.73,112.93,0.191,423.4,20,212,1
86.01,5.13,32.76,15.24,646.18,113.66,0.194,425.32,20,213,1
86.72,5.18,32.75,15.2,643.3,114.08,0.2,425.91,20,214,1
87.29,5.25,32.75,15.16,639.76,114.53,0.205,427.16,20,215,1
87.49,5.31,32.73,15.14,637.14,115.27,0.209,427.58,20,216,1
88.01,5.37,32.73,15.11,634.72,115.65,0.213,427.7,20,217,1
88.34,5.43,32.72,15.05,628.74,116.14,0.217,429.65,20,218,1
88.93,5.47,32.7,15.01,626.56,117.0,0.225,430.84,20,219,1
89.85,5.59,32.66,14.89,622.92,118.07,0.233,433.7,20,220,2
90.69,5.73,32.61,14.81,617.69,119.41,0.248,436.42,20,221,2
91.63,5.83,32.59,14.66,611.66,121.14,0.256,439.1,20,222,2
92.04,5.93,32.56,14.56,608.0,121.65,0.261,442.96,20,223,2
92.88,6.04,32.53,14.43,602.95,122.94,0.274,446.75,20,224,2
93.63,6.19,32.5,14.3,598.07,124.49,0.285,448.25,20,225,2
94.13,6.29,32.47,14.17,593.57,125.98,0.291,451.52,20,226,2
94.62,6.41,32.43,14.04,590.16,127.97,0.301,452.77,20,227,2
95.32,6.56,32.38,13.98,584.96,128.99,0.314,456.45,20,228,2
96.32,6.66,32.34,13.85,577.83,130.04,0.32,460.39,20,229,2
97.16,6.81,32.28,13.79,572.24,131.17,0.326,461.7,20,230,2
98.27,6.91,32.23,13.72,566.81,132.06,0.335,465.07,20,231,2
99.41,7.02,32.2,13.65,562.75,133.58,0.349,469.04,20,232,2
100.55,7.13,32.15,13.51,555.02,135.43,0.355,473.04,20,233,2
101.51,7.23,32.11,13.39,547.07,136.9,0.368,476.1,20,234,2
102.03,7.38,32.06,13.28,541.34,138.09,0.374,477.58,20,235,2
102.76,7.5,32.01,13.2,537.37,139.71,0.381,480.14,20,236,2
103.21,7.62,31.98,13.06,534.17,140.27,0.387,482.01,20,237,2
104.13,7.71,31.94,13.0,530.2,142.13,0.392,483.78,20,238,2
105.14,7.79,31.91,12.88,522.8,143.76,0.403,487.07,20,239,2
106.3,7.91,31.89,12.79,517.21,144.46,0.415,490.99,20,240,2
107.46,8.01,31.84,12.7,511.32,145.58,0.421,492.97,20,241,2
107.97,8.14,31.79,12.61,504.12,147.09,0.429,495.18,20,242,2
108.55,8.28,31.76,12.5,497.42,148.47,0.438,496.3,20,243,2
109.55,8.38,31.73,12.38,491.51,150.46,0.448,497.81,20,244,2
110.51,8.47,31.67,12.31,487.57,151.48,0.461,501.28,20,245,2
111.68,8.57,31.64,12.22,481.02,152.51,0.469,502.67,20,246,2
112.58,8.69,31.59,12.09,476.22,153.66,0.483,505.37,20,247,2
113.47,8.78,31.56,11.96,471.61,154.59,0.494,508.79,20,248,2
113.94,8.9,31.52,11.89,466.72,155.18,0.5,512.18,20,249,2
115.09,8.99,31.49,11.76,459.33,156.33,0.515,514.19,20,250,2
116.1,9.08,31.44,11.62,456.19,157.18,0.523,516.38,20,251,2
116.52,9.21,31.39,11.57,452.56,157.84,0.536,518.52,20,252,2
117.03,9.34,31.37,11.5,447.74,158.38,0.545,520.94,20,253,2
117.53,9.47,31.32,11.44,443.29,159.96,0.552,522.53,20,254,2
118.68,9.57,31.28,11.3,435.54,161.1,0.558,524.04,20,255,2
119.67,9.65,31.24,11.21,427.63,162.7,0.573,527.79,20,256,2
120.71,9.78,31.18,11.08,421.53,163.84,0.581,531.24,20,257,2
121.43,9.9,31.12,10.97,414.87,165.61,0.595,534.52,20,258,2
122.0,9.98,31.08,10.83,407.47,166.34,0.607,538.5,20,259,2
122.47,10.07,31.04,10.75,401.19,168.1,0.617,540.35,20,260,2
123.51,10.16,31.02,10.69,395.27,169.31,0.627,543.36,20,261,2
124.31,10.3,30.99,10.63,390.73,171.09,0.633,544.75,20,262,2
125.48,10.4,30.95,10.54,386.51,173.05,0.645,546.99,20,263,2
126.6,10.5,30.91,10.4,382.13,174.5,0.659,549.77,20,264,2
127.25,10.64,30.87,10.33,375.69,176.05,0.667,550.96,20,265,2
128.45,10.77,30.83,10.28,372.07,177.06,0.678,552.58,20,266,2
129.3,10.9,30.8,10.18,367.99,178.62,0.686,555.19,20,267,2
129.8,11.05,30.75,10.12,363.28,180.13,0.698,556.74,20,268,2
130.44,11.18,30.69,10.05,355.82,181.17,0.71,558.3,20,269,2
131.01,11.3,30.63,9.95,350.9,182.43,0.721,561.91,20,270,2
131.79,11.44,30.57,9.89,346.26,184.06,0.733,565.69,20,271,2
132.97,11.53,30.54,9.77,341.03,185.52,0.738,567.82,20,272,2
133.5,11.65,30.49,9.7,334.6,186.07,0.751,569.51,20,273,2
134.5,11.74,30.45,9.6,330.61,186.87,0.757,572.4,20,274,2
135.68,11.88,30.42,9.47,326.54,188.6,0.77,575.98,20,275,2
136.09,12.0,30.38,9.35,321.9,189.84,0.783,577.61,20,276,2
136.61,12.08,30.35,9.21,316.22,191.67,0.795,579.25,20,277,2
137.37,12.21,30.32,9.13,311.87,193.04,0.809,580.74,20,278,2
137.84,12.35,30.27,9.03,304.09,194.01,0.819,582.99,20,279,2
138.25,12.43,30.21,8.88,298.07,194.84,0.828,584.08,20,280,2
138.89,12.53,30.18,8.73,293.22,196.22,0.837,587.34,20,281,2
140.01,12.62,30.12,8.66,290.02,197.41,0.85,589.5,20,282,2
141.0,12.75,30.08,8.54,282.05,198.09,0.855,592.42,20,283,2
142.03,12.83,30.03,8.45,278.39,198.73,0.861,596.18,20,284,2
142.92,12.92,30.0,8.31,274.63,200.42,0.873,599.41,20,285,2
143.39,13.03,29.97,8.24,269.81,202.1,0.885,601.94,20,286,2
144.18,13.14,29.91,8.12,263.36,203.51,0.899,605.21,20,287,2
144.72,13.24,29.86,8.01,258.94,204.37,0.905,608.85,20,288,2
145.78,13.34,29.84,7.95,255.8,205.76,0.914,612.11,20,289,2
146.93,13.43,29.82,7.83,249.09,207.57,0.925,615.02,20,290,2
148.09,13.56,29.79,7.71,243.35,208.93,0.937,617.25,20,291,2
148.6,13.69,29.74,7.57,235.44,209.78,0.947,621.08,20,292,2
149.36,13.81,29.7,7.49,229.48,211.52,0.957,623.32,20,293,2
149.76,13.91,29.66,7.39,224.8,212.82,0.967,624.61,20,294,2
150.52,14.0,29.63,7.28,218.16,213.49,0.981,626.19,20,295,2
151.35,14.12,29.58,7.21,214.38,214.2,0.994,628.04,20,296,2
152.0,14.26,29.55,7.06,209.87,215.22,1.004,629.08,20,297,2
152.58,14.38,29.52,6.99,204.39,217.01,1.014,632.7,20,298,2
153.69,14.48,29.48,6.93,197.29,218.26,1.021,635.15,20,299,2
74.3,3.2,33.59,15.93,813.94,91.34,0.012,391.2,21,0,0
74.34,3.22,33.59,15.94,810.31,91.45,0.012,393.04,21,1,0
74.14,3.23,33.61,15.87,811.47,91.57,0.011,392.79,21,2,0
74.19,3.21,33.62,15.93,810.25,92.35,0.008,394.2,21,3,0
74.4,3.22,33.62,16.01,809.05,93.0,0.004,395.72,21,4,0
74.74,3.22,33.6,16.02,807.18,92.28,0.0,395.1,21,5,0
74.6,3.25,33.58,15.93,805.27,91.36,-0.004,395.49,21,6,0
74.77,3.26,33.6,16.01,809.1,91.49,-0.002,397.26,21,7,0
74.98,3.27,33.58,16.07,810.53,90.86,-0.005,397.52,21,8,0
75.12,3.3,33.6,16.04,808.88,90.38,-0.006,396.87,21,9,0
74.89,3.28,33.6,16.08,811.72,90.21,-0.006,395.67,21,10,0
74.62,3.28,33.62,16.1,810.12,89.36,-0.008,396.02,21,11,0
74.57,3.25,33.61,16.09,811.6,88.78,-0.004,396.88,21,12,0
74.56,3.25,33.6,16.19,812.15,88.9,-0.003,397.6,21,13,0
74.92,3.26,33.61,16.1,811.5,89.12,-0.006,396.12,21,14,0
75.31,3.24,33.59,16.12,809.43,88.44,-0.009,395.44,21,15,0
75.11,3.25,33.6,16.22,808.42,88.19,-0.006,396.73,21,16,0
75.13,3.25,33.61,16.25,809.4,88.75,-0.011,395.07,21,17,0
75.22,3.22,33.62,16.3,808.56,89.74,-0.012,395.15,21,18,0
75.12,3.24,33.62,16.29,811.87,88.83,-0.009,397.07,21,19,0
74.87,3.25,33.62,16.28,808.89,89.24,-0.01,397.31,21,20,0
75.18,3.24,33.61,16.32,808.77,88.38,-0.006,395.46,21,21,0
74.84,3.23,33.61,16.24,805.75,87.73,-0.007,396.39,21,22,0
75.17,3.21,33.61,16.2,802.61,86.95,-0.004,396.37,21,23,0
75.21,3.22,33.63,16.29,798.95,86.67,-0.007,396.97,21,24,0
75.54,3.24,33.64,16.2,795.61,85.71,-0.002,397.23,21,25,0
75.17,3.23,33.65,16.27,796.91,85.21,-0.004,396.45,21,26,0
75.27,3.2,33.66,16.26,794.56,85.76,-0.007,397.68,21,27,0
75.02,3.18,33.66,16.29,794.9,85.9,-0.006,399.21,21,28,0
75.24,3.18,33.68,16.29,792.85,85.26,-0.001,398.39,21,29,0
75.25,3.15,33.68,16.38,791.28,84.61,-0.003,396.97,21,30,0
75.45,3.15,33.67,16.41,793.71,84.36,-0.002,398.39,21,31,0
75.24,3.14,33.67,16.48,797.7,83.66,-0.003,397.73,21,32,0
75.07,3.15,33.66,16.39,799.55,83.75,-0.004,396.49,21,33,0
75.21,3.17,33.65,16.42,798.66,83.68,-0.001,398.05,21,34,0
75.59,3.15,33.65,16.36,795.16,83.42,-0.003,399.35,21,35,0
75.52,3.16,33.66,16.3,791.19,83.3,-0.003,398.07,21,36,0
75.56,3.15,33.65,16.23,794.29,83.54,-0.007,396.89,21,37,0
75.31,3.18,33.64,16.21,795.48,82.68,-0.006,396.86,21,38,0
75.12,3.19,33.62,16.13,798.47,83.17,-0.011,396.86,21,39,0
75.46,3.16,33.61,16.1,796.38,84.02,-0.01,396.09,21,40,0
75.62,3.19,33.6,16.06,793.55,84.57,-0.012,397.73,21,41,0
75.51,3.21,33.61,16.05,793.25,84.44,-0.01,399.36,21,42,0
75.68,3.21,33.62,16.0,789.95,84.25,-0.012,397.64,21,43,0
75.46,3.23,33.64,15.93,793.48,84.05,-0.013,397.09,21,44,0
75.28,3.24,33.65,15.85,789.63,84.16,-0.011,395.21,21,45,0
75.67,3.22,33.66,15.85,786.86,84.75,-0.011,393.68,21,46,0
75.59,3.2,33.68,15.77,782.96,84.86,-0.009,392.03,21,47,0
75.33,3.19,33.66,15.84,781.07,83.94,-0.008,392.36,21,48,0
75.64,3.16,33.67,15.92,777.21,83.8,-0.011,393.35,21,49,0
75.52,3.17,33.69,15.87,776.1,83.45,-0.006,393.73,21,50,0
75.14,3.15,33.68,15.94,772.83,83.08,-0.007,392.44,21,51,0
74.89,3.17,33.66,16.02,771.8,82.37,-0.011,391.2,21,52,0
74.69,3.14,33.65,15.96,768.49,82.63,-0.016,390.01,21,53,0
74.3,3.13,33.66,15.93,772.36,82.48,-0.018,389.75,21,54,0
74.53,3.12,33.67,15.84,772.23,81.98,-0.02,390.75,21,55,0
74.67,3.1,33.69,15.77,772.0,82.22,-0.021,392.6,21,56,0
75.01,3.09,33.69,15.74,774.87,82.22,-0.022,392.56,21,57,0
74.66,3.1,33.71,15.83,772.91,81.56,-0.023,393.77,21,58,0
74.8,3.1,33.72,15.87,774.84,82.55,-0.018,392.32,21,59,0
74.94,3.1,33.72,15.79,773.6,82.98,-0.021,393.87,21,60,0
74.69,3.11,33.71,15.73,773.35,83.71,-0.017,394.19,21,61,0
74.81,3.11,33.7,15.69,771.47,83.96,-0.012,392.77,21,62,0
75.07,3.11,33.72,15.75,770.15,83.71,-0.016,394.42,21,63,0
75.13,3.13,33.7,15.8,773.23,83.98,-0.012,394.05,21,64,0
75.34,3.12,33.7,15.73,775.05,84.37,-0.01,392.56,21,65,0
75.54,3.14,33.7,15.68,778.39,85.17,-0.009,392.54,21,66,0
75.7,3.14,33.72,15.72,778.33,85.31,-0.005,393.74,21,67,0
75.65,3.14,33.71,15.65,779.52,84.71,-0.002,393.93,21,68,0
76.02,3.13,33.7,15.69,780.82,84.73,-0.007,393.67,21,69,0
76.34,3.15,33.68,15.61,778.11,85.59,-0.011,391.91,21,70,0
76.13,3.13,33.68,15.55,780.72,86.18,-0.015,393.33,21,71,0
76.48,3.12,33.66,15.65,780.96,87.15,-0.013,393.65,21,72,0
76.88,3.11,33.65,15.71,782.62,87.35,-0.017,394.88,21,73,0
76.51,3.13,33.66,15.79,780.14,87.99,-0.013,394.32,21,74,0
76.28,3.14,33.67,15.78,776.39,87.6,-0.015,396.27,21,75,0
76.44,3.16,33.66,15.69,777.08,88.4,-0.013,396.03,21,76,0
76.58,3.17,33.66,15.77,776.3,88.49,-0.015,395.65,21,77,0
76.58,3.14,33.66,15.7,776.08,89.2,-0.017,396.39,21,78,0
76.58,3.16,33.66,15.62,779.47,89.43,-0.018,394.72,21,79,0
76.28,3.16,33.68,15.66,776.31,89.79,-0.019,394.49,21,80,0
76.59,3.15,33.69,15.6,776.85,89.65,-0.016,392.87,21,81,0
76.34,3.13,33.7,15.64,775.85,89.86,-0.017,392.42,21,82,0
76.61,3.13,33.72,15.58,772.39,88.91,-0.022,392.14,21,83,0
76.53,3.11,33.72,15.64,775.08,88.7,-0.017,391.6,21,84,0
76.65,3.1,33.73,15.64,776.38,88.3,-0.018,392.94,21,85,0
76.37,3.12,33.72,15.63,772.5,87.54,-0.02,393.3,21,86,0
76.11,3.12,33.73,15.63,775.63,88.1,-0.023,393.53,21,87,0
76.08,3.14,33.72,15.6,779.58,88.89,-0.024,392.27,21,88,0
75.86,3.16,33.73,15.66,777.6,88.12,-0.029,394.2,21,89,0
75.54,3.19,33.72,15.75,779.64,87.57,-0.026,392.41,21,90,0
75.63,3.17,33.73,15.67,775.9,86.86,-0.022,393.53,21,91,0
75.78,3.18,33.74,15.65,775.17,85.93,-0.024,391.54,21,92,0
75.86,3.21,33.74,15.62,775.79,86.26,-0.026,392.5,21,93,0
76.01,3.24,33.75,15.55,772.66,85.68,-0.023,393.49,21,94,0
76.01,3.22,33.74,15.65,773.23,85.54,-0.026,395.14,21,95,0
76.28,3.24,33.75,15.66,772.68,84.67,-0.029,394.64,21,96,0
76.45,3.26,33.73,15.62,776.08,85.58,-0.032,396.27,21,97,0
76.12,3.27,33.72,15.7,778.64,84.82,-0.034,394.46,21,98,0
76.21,3.26,33.73,15.68,781.95,84.15,-0.037,393.82,21,99,0
76.52,3.25,33.71,15.71,784.83,83.97,-0.039,394.37,21,100,0
76.67,3.23,33.69,15.74,784.2,83.53,-0.043,395.27,21,101,0
76.43,3.21,33.67,15.78,780.4,82.93,-0.046,393.59,21,102,0
76.35,3.2,33.66,15.68,778.75,83.84,-0.045,394.23,21,103,0
76.29,3.22,33.65,15.65,781.03,83.4,-0.043,393.63,21,104,0
76.07,3.21,33.66,15.72,777.87,83.41,-0.042,392.45,21,105,0
76.1,3.23,33.67,15.75,774.14,83.04,-0.041,391.55,21,106,0
75.98,3.23,33.67,15.76,771.33,83.45,-0.041,392.41,21,107,0
76.23,3.25,33.65,15.67,775.09,84.36,-0.038,393.42,21,108,0
76.13,3.27,33.64,15.77,778.03,84.54,-0.034,392.88,21,109,0
76.07,3.27,33.64,15.84,776.6,84.78,-0.035,393.72,21,110,0
76.26,3.3,33.65,15.91,776.55,84.37,-0.031,395.53,21,111,0
76.5,3.27,33.67,15.97,775.55,83.38,-0.033,394.01,21,112,0
76.13,3.25,33.68,15.9,778.2,82.58,-0.031,393.97,21,113,0
75.74,3.28,33.7,15.92,782.08,82.91,-0.026,395.7,21,114,0
75.99,3.26,33.7,15.96,785.59,83.29,-0.031,396.38,21,115,0
75.66,3.27,33.71,16.02,789.03,83.29,-0.029,396.53,21,116,0
75.8,3.26,33.72,16.11,790.54,82.37,-0.031,397.0,21,117,0
75.77,3.29,33.71,16.06,790.45,83.3,-0.028,396.26,21,118,0
75.93,3.29,33.69,16.07,792.28,82.99,-0.03,396.78,21,119,0
75.6,3.31,33.67,15.98,793.88,83.05,-0.027,396.53,21,120,0
75.22,3.33,33.69,16.02,796.75,83.39,-0.026,398.16,21,121,0
74.93,3.35,33.71,16.09,796.95,82.82,-0.025,399.52,21,122,0
74.7,3.34,33.71,16.09,798.93,82.56,-0.023,398.62,21,123,0
74.38,3.32,33.72,16.14,799.9,82.6,-0.024,398.42,21,124,0
74.52,3.31,33.74,16.12,803.38,83.22,-0.022,399.22,21,125,0
74.16,3.32,33.74,16.08,806.61,84.18,-0.017,397.62,21,126,0
73.76,3.32,33.74,16.15,809.49,85.1,-0.017,398.86,21,127,0
73.63,3.31,33.74,16.21,805.76,84.64,-0.014,397.01,21,128,0
73.89,3.3,33.73,16.22,805.0,84.7,-0.014,398.74,21,129,0
73.78,3.29,33.73,16.22,805.02,85.51,-0.018,397.1,21,130,0
73.42,3.29,33.72,16.26,806.87,84.85,-0.019,398.88,21,131,0
73.27,3.3,33.73,16.23,809.31,85.38,-0.02,399.02,21,132,0
72.97,3.3,33.72,16.13,809.58,85.5,-0.021,397.36,21,133,0
73.06,3.28,33.7,16.17,811.91,86.07,-0.02,398.47,21,134,0
73.2,3.3,33.7,16.16,814.3,86.02,-0.021,399.05,21,135,0
73.32,3.32,33.71,16.13,811.48,85.79,-0.024,397.8,21,136,0
72.94,3.33,33.71,16.08,810.26,85.86,-0.024,399.09,21,137,0
73.18,3.35,33.71,15.99,813.72,85.5,-0.025,399.9,21,138,0
73.14,3.34,33.71,16.09,810.72,85.75,-0.02,400.66,21,139,0
73.43,3.32,33.7,16.13,813.54,85.65,-0.023,399.33,21,140,0
73.38,3.33,33.71,16.11,816.71,85.73,-0.024,397.91,21,141,0
73.54,3.35,33.71,16.04,814.94,86.4,-0.021,398.16,21,142,0
73.64,3.37,33.69,16.11,814.71,87.18,-0.02,399.96,21,143,0
73.27,3.39,33.69,16.2,811.77,87.15,-0.025,397.96,21,144,0
73.07,3.41,33.69,16.25,814.52,87.58,-0.021,399.48,21,145,0
73.38,3.43,33.69,16.21,817.88,88.07,-0.019,401.25,21,146,0
73.23,3.43,33.69,16.17,820.34,87.22,-0.014,402.85,21,147,0
73.61,3.43,33.67,16.1,821.22,87.25,-0.01,404.48,21,148,0
73.47,3.42,33.67,16.08,819.26,86.29,-0.008,406.38,21,149,0
73.14,3.39,33.67,16.1,819.34,86.25,-0.012,405.74,21,150,0
73.41,3.41,33.66,16.06,817.25,85.78,-0.012,403.94,21,151,0
73.03,3.42,33.68,16.0,814.04,86.54,-0.014,405.1,21,152,0
73.14,3.42,33.66,16.06,810.44,85.57,-0.012,405.51,21,153,0
73.09,3.42,33.67,15.97,811.47,85.54,-0.015,406.07,21,154,0
72.95,3.42,33.69,15.99,813.88,86.07,-0.015,405.29,21,155,0
72.8,3.39,33.7,15.97,811.17,85.84,-0.018,406.3,21,156,0
73.17,3.38,33.7,15.9,814.77,86.61,-0.022,405.43,21,157,0
73.31,3.4,33.7,15.93,814.9,87.47,-0.025,407.42,21,158,0
73.18,3.4,33.72,16.03,814.27,88.03,-0.025,406.45,21,159,0
72.83,3.38,33.73,15.94,817.92,88.51,-0.029,407.84,21,160,0
73.16,3.37,33.72,16.04,814.93,87.91,-0.029,409.21,21,161,0
73.1,3.37,33.73,16.01,817.09,88.31,-0.029,407.34,21,162,0
73.32,3.35,33.72,16.1,820.46,88.1,-0.031,406.31,21,163,0
73.13,3.34,33.7,16.17,819.94,87.39,-0.027,405.76,21,164,0
73.14,3.32,33.71,16.1,822.93,87.9,-0.03,405.29,21,165,0
73.31,3.31,33.71,16.06,825.05,87.58,-0.028,406.05,21,166,0
72.98,3.3,33.69,16.09,826.25,88.4,-0.031,404.91,21,167,0
72.91,3.32,33.69,16.05,827.66,88.35,-0.028,405.49,21,168,0
73.03,3.35,33.68,15.96,830.91,88.52,-0.028,407.43,21,169,0
72.88,3.36,33.68,15.87,833.04,87.66,-0.03,407.56,21,170,0
72.94,3.36,33.69,15.79,834.47,87.93,-0.035,406.75,21,171,0
73.08,3.38,33.7,15.82,831.66,87.56,-0.031,407.23,21,172,0
72.93,3.4,33.71,15.8,830.91,88.33,-0.031,407.57,21,173,0
73.22,3.43,33.69,15.89,833.85,87.48,-0.032,407.29,21,174,0
73.41,3.46,33.69,15.88,832.88,88.17,-0.028,409.06,21,175,0
73.79,3.45,33.71,15.79,835.87,87.5,-0.028,407.34,21,176,0
73.83,3.44,33.71,15.75,834.61,88.49,-0.028,406.2,21,177,0
73.48,3.47,33.7,15.84,832.31,88.42,-0.027,405.39,21,178,0
73.77,3.5,33.7,15.94,833.53,89.03,-0.024,406.87,21,179,0
74.08,3.56,33.67,15.89,829.92,89.89,-0.017,406.99,21,180,1
74.34,3.64,33.65,15.83,825.62,90.38,-0.014,408.53,21,181,1
75.1,3.71,33.65,15.76,820.16,91.29,-0.007,408.82,21,182,1
75.69,3.77,33.63,15.71,815.64,92.05,-0.004,409.92,21,183,1
76.37,3.8,33.62,15.65,810.12,92.71,0.002,411.1,21,184,1
76.61,3.84,33.61,15.6,804.98,92.73,0.007,412.26,21,185,1
76.95,3.88,33.6,15.57,802.5,92.79,0.013,412.4,21,186,1
77.74,3.93,33.58,15.49,800.42,93.25,0.018,414.15,21,187,1
78.34,3.97,33.57,15.41,797.01,94.24,0.025,414.97,21,188,1
78.76,4.02,33.55,15.36,793.79,94.66,0.027,416.55,21,189,1
79.53,4.07,33.53,15.33,790.16,95.19,0.035,417.75,21,190,1
80.16,4.12,33.52,15.29,788.02,96.08,0.038,418.54,21,191,1
80.77,4.16,33.5,15.25,785.26,96.57,0.042,420.21,21,192,1
81.2,4.22,33.47,15.22,783.24,97.28,0.05,421.58,21,193,1
81.82,4.3,33.47,15.16,777.56,97.47,0.055,423.32,21,194,1
82.56,4.34,33.44,15.08,773.6,98.31,0.061,423.34,21,195,1
83.11,4.39,33.41,15.04,770.38,98.58,0.068,425.26,21,196,1
83.53,4.42,33.41,15.01,766.93,98.82,0.072,426.48,21,197,1
84.09,4.5,33.4,14.97,762.1,98.93,0.074,426.54,21,198,1
84.44,4.58,33.38,14.93,756.17,99.74,0.078,426.91,21,199,1
84.9,4.62,33.35,14.87,753.75,100.69,0.081,428.3,21,200,1
85.22,4.68,33.34,14.84,749.86,101.49,0.088,429.31,21,201,1
85.61,4.74,33.33,14.77,746.31,102.08,0.093,429.77,21,202,1
86.1,4.8,33.32,14.72,741.95,102.79,0.097,430.18,21,203,1
86.38,4.88,33.31,14.67,736.46,102.98,0.104,431.42,21,204,1
86.9,4.93,33.29,14.61,733.47,103.76,0.11,431.97,21,205,1
87.37,5.0,33.27,14.53,730.44,104.59,0.115,432.87,21,206,1
87.94,5.05,33.24,14.47,727.88,105.16,0.118,433.69,21,207,1
88.27,5.12,33.23,14.41,723.12,105.45,0.123,435.52,21,208,1
88.98,5.17,33.2,14.35,720.83,106.28,0.129,436.85,21,209,1
89.66,5.25,33.18,14.3,715.65,106.64,0.135,437.55,21,210,1
90.24,5.33,33.18,14.22,709.9,107.54,0.141,439.15,21,211,1
90.48,5.4,33.15,14.14,705.65,108.18,0.147,440.57,21,212,1
91.03,5.46,33.13,14.11,700.62,108.5,0.153,441.93,21,213,1
91.24,5.51,33.13,14.06,694.63,109.41,0.16,443.14,21,214,1
91.75,5.55,33.12,14.0,689.22,109.43,0.168,443.57,21,215,1
92.19,5.6,33.12,13.97,684.69,109.54,0.17,444.14,21,216,1
92.93,5.68,33.09,13.95,679.68,109.6,0.177,445.63,21,217,1
93.71,5.72,33.08,13.89,675.48,110.14,0.18,446.8,21,218,1
93.93,5.8,33.07,13.82,670.63,110.67,0.188,447.46,21,219,1
94.79,5.91,33.02,13.72,666.22,111.97,0.195,450.03,21,220,2
95.63,6.05,32.98,13.67,662.93,113.02,0.202,453.81,21,221,2
96.74,6.2,32.93,13.6,656.55,115.02,0.214,456.26,21,222,2
97.65,6.32,32.9,13.52,649.36,116.24,0.225,457.3,21,223,2
98.76,6.43,32.87,13.41,644.45,117.62,0.238,460.75,21,224,2
99.76,6.54,32.85,13.33,636.56,119.02,0.249,462.3,21,225,2
100.84,6.66,32.79,13.2,632.74,120.44,0.26,466.25,21,226,2
101.26,6.81,32.74,13.07,626.21,121.09,0.267,469.6,21,227,2
101.97,6.91,32.7,12.94,619.56,122.14,0.276,472.95,21,228,2
102.39,7.04,32.67,12.84,616.36,123.61,0.285,474.52,21,229,2
102.9,7.14,32.61,12.75,608.95,125.35,0.294,477.34,21,230,2
103.51,7.25,32.57,12.62,605.2,125.87,0.306,479.9,21,231,2
104.62,7.35,32.53,12.55,602.19,127.47,0.313,481.89,21,232,2
105.66,7.45,32.48,12.43,597.36,128.33,0.32,485.7,21,233,2
106.3,7.57,32.42,12.28,592.82,130.19,0.333,487.37,21,234,2
106.83,7.66,32.36,12.19,589.51,131.55,0.344,490.16,21,235,2
107.36,7.79,32.31,12.11,586.24,132.15,0.353,492.98,21,236,2
107.92,7.91,32.29,12.04,583.0,132.93,0.365,496.82,21,237,2
108.69,8.04,32.27,11.89,577.65,133.83,0.38,500.11,21,238,2
109.65,8.13,32.21,11.83,572.48,135.66,0.393,501.2,21,239,2
110.66,8.24,32.16,11.72,564.73,137.05,0.4,504.12,21,240,2
111.12,8.33,32.11,11.62,557.38,138.49,0.411,507.56,21,241,2
111.97,8.48,32.07,11.54,550.6,139.62,0.424,510.9,21,242,2
112.43,8.58,32.04,11.45,542.99,140.37,0.43,513.72,21,243,2
113.57,8.67,31.98,11.4,537.36,142.1,0.435,515.51,21,244,2
114.41,8.78,31.96,11.33,533.41,143.15,0.441,517.65,21,245,2
115.43,8.91,31.9,11.25,526.23,144.17,0.449,519.95,21,246,2
116.62,8.99,31.85,11.12,518.92,145.65,0.458,521.68,21,247,2
117.22,9.11,31.82,11.04,511.35,147.2,0.467,522.94,21,248,2
117.88,9.23,31.8,10.92,504.15,149.16,0.477,525.83,21,249,2
118.36,9.34,31.74,10.78,498.7,150.29,0.488,527.0,21,250,2
119.03,9.49,31.69,10.63,490.92,150.84,0.493,530.07,21,251,2
120.03,9.6,31.66,10.52,483.46,152.05,0.507,532.02,21,252,2
120.71,9.71,31.6,10.42,476.97,154.04,0.517,533.1,21,253,2
121.69,9.81,31.58,10.27,470.32,155.05,0.526,535.78,21,254,2
122.7,9.92,31.54,10.12,464.75,156.26,0.535,538.68,21,255,2
123.26,10.06,31.5,9.99,458.95,157.29,0.548,542.24,21,256,2
123.9,10.16,31.44,9.88,453.93,158.12,0.561,543.78,21,257,2
124.66,10.27,31.39,9.77,449.8,159.21,0.568,547.05,21,258,2
125.63,10.39,31.36,9.63,443.57,159.94,0.577,548.49,21,259,2
126.14,10.52,31.31,9.55,439.12,161.93,0.592,549.88,21,260,2
127.09,10.6,31.26,9.44,431.7,162.74,0.605,551.89,21,261,2
127.99,10.72,31.22,9.39,428.62,163.83,0.61,554.07,21,262,2
128.61,10.85,31.18,9.32,421.22,165.35,0.624,557.92,21,263,2
129.49,11.0,31.15,9.26,417.87,166.52,0.635,560.88,21,264,2
130.49,11.11,31.12,9.13,411.54,167.93,0.646,564.04,21,265,2
131.53,11.25,31.06,9.04,406.61,169.28,0.657,566.16,21,266,2
132.23,11.4,31.02,8.99,401.99,171.26,0.67,568.7,21,267,2
132.81,11.54,30.98,8.87,394.09,172.2,0.679,570.66,21,268,2
133.6,11.65,30.93,8.76,387.06,173.04,0.684,573.88,21,269,2
134.7,11.79,30.89,8.69,379.33,173.78,0.694,575.18,21,270,2
135.82,11.92,30.86,8.61,371.78,174.41,0.703,576.45,21,271,2
136.4,12.05,30.82,8.51,367.76,175.34,0.709,578.46,21,272,2
136.98,12.18,30.79,8.36,364.73,176.38,0.722,580.48,21,273,2
137.7,12.3,30.75,8.28,359.56,177.3,0.734,581.67,21,274,2
138.3,12.39,30.72,8.2,354.47,177.94,0.74,582.84,21,275,2
139.48,12.51,30.69,8.12,346.61,178.5,0.752,584.26,21,276,2
140.54,12.65,30.66,8.01,343.07,179.43,0.767,586.9,21,277,2
141.45,12.79,30.62,7.89,338.01,181.36,0.781,588.02,21,278,2
142.27,12.93,30.58,7.82,331.35,181.98,0.791,591.05,21,279,2
143.47,13.04,30.55,7.73,327.47,183.04,0.801,594.53,21,280,2
144.65,13.14,30.5,7.62,322.31,183.62,0.808,597.43,21,281,2
145.27,13.24,30.44,7.48,314.44,184.88,0.816,598.53,21,282,2
145.94,13.34,30.39,7.39,306.61,185.96,0.824,602.26,21,283,2
146.67,13.44,30.36,7.29,300.05,186.96,0.831,605.15,21,284,2
147.2,13.53,30.31,7.21,296.1,187.48,0.844,607.61,21,285,2
147.94,13.64,30.26,7.14,288.71,188.52,0.851,611.03,21,286,2
148.87,13.79,30.23,7.02,282.58,189.56,0.856,614.85,21,287,2
149.34,13.89,30.18,6.95,276.76,190.41,0.868,618.5,21,288,2
150.14,14.03,30.13,6.89,272.06,191.85,0.881,620.35,21,289,2
150.93,14.16,30.08,6.82,265.66,193.08,0.889,623.2,21,290,2
151.59,14.3,30.04,6.75,261.25,193.63,0.9,626.27,21,291,2
152.08,14.39,30.01,6.65,254.44,194.24,0.914,630.19,21,292,2
153.09,14.48,29.97,6.51,249.33,194.85,0.921,633.09,21,293,2
153.73,14.58,29.94,6.37,244.06,196.35,0.934,637.06,21,294,2
154.72,14.69,29.9,6.29,238.16,198.08,0.947,640.77,21,295,2
155.45,14.77,29.88,6.22,231.04,198.63,0.962,643.91,21,296,2
156.54,14.91,29.83,6.14,226.78,200.17,0.968,646.28,21,297,2
157.34,15.01,29.8,6.05,222.51,201.64,0.983,650.23,21,298,2
158.27,15.09,29.78,5.99,218.51,202.55,0.988,652.94,21,299,2
74.3,3.23,33.59,15.97,813.99,91.09,0.014,388.6,22,0,0
74.31,3.23,33.6,15.9,815.13,91.29,0.017,388.86,22,1,0
73.96,3.24,33.61,15.97,811.56,91.28,0.014,390.4,22,2,0
73.75,3.22,33.61,16.06,810.64,90.48,0.012,391.02,22,3,0
73.42,3.21,33.6,16.01,807.44,89.68,0.009,390.38,22,4,0
73.36,3.19,33.6,15.99,809.89,90.48,0.012,390.99,22,5,0
73.15,3.16,33.62,15.9,808.84,89.85,0.016,392.62,22,6,0
72.92,3.18,33.61,15.9,809.39,89.43,0.017,393.7,22,7,0
72.72,3.2,33.59,15.83,811.81,89.75,0.017,393.64,22,8,0
72.62,3.17,33.59,15.89,810.15,88.82,0.02,393.62,22,9,0
72.63,3.19,33.57,15.98,813.2,87.96,0.02,392.76,22,10,0
72.88,3.18,33.58,15.92,816.84,88.25,0.019,391.87,22,11,0
73.04,3.16,33.56,15.93,813.51,88.77,0.017,390.7,22,12,0
73.23,3.14,33.58,15.91,816.22,89.14,0.02,391.85,22,13,0
73.4,3.14,33.59,15.84,818.27,88.67,0.016,391.66,22,14,0
73.52,3.13,33.6,15.9,818.12,87.75,0.02,392.28,22,15,0
73.68,3.14,33.62,16.0,818.7,88.57,0.019,392.27,22,16,0
73.38,3.12,33.63,15.98,818.65,89.42,0.02,390.96,22,17,0
73.31,3.11,33.63,16.07,816.4,88.52,0.019,392.87,22,18,0
72.94,3.12,33.63,16.02,820.16,87.8,0.019,393.37,22,19,0
73.28,3.13,33.64,15.97,817.39,86.96,0.021,391.89,22,20,0
73.11,3.15,33.66,16.05,815.66,87.36,0.026,393.77,22,21,0
73.23,3.13,33.65,16.03,815.38,87.21,0.024,392.14,22,22,0
73.12,3.12,33.66,15.95,813.69,87.18,0.024,390.67,22,23,0
72.94,3.15,33.65,15.99,813.22,86.89,0.025,389.83,22,24,0
73.19,3.17,33.63,16.04,813.71,86.67,0.022,390.8,22,25,0
73.27,3.18,33.62,16.13,816.19,86.76,0.024,390.19,22,26,0
73.27,3.16,33.61,16.07,813.51,85.76,0.029,389.21,22,27,0
73.06,3.13,33.6,15.99,817.46,85.71,0.024,390.66,22,28,0
73.14,3.11,33.61,16.01,818.44,84.84,0.024,391.09,22,29,0
73.45,3.13,33.61,16.02,814.58,84.09,0.026,392.55,22,30,0
73.72,3.13,33.62,15.98,811.02,83.64,0.028,390.97,22,31,0
73.55,3.14,33.61,15.88,808.41,83.96,0.024,392.3,22,32,0
73.73,3.15,33.63,15.87,811.19,83.4,0.02,391.45,22,33,0
73.79,3.16,33.62,15.85,808.89,83.46,0.018,390.03,22,34,0
74.03,3.19,33.61,15.9,808.54,83.79,0.021,391.26,22,35,0
74.13,3.16,33.62,15.92,805.83,84.06,0.021,389.98,22,36,0
73.78,3.15,33.6,16.01,806.02,84.81,0.022,391.86,22,37,0
74.18,3.15,33.62,16.04,805.34,83.89,0.027,390.81,22,38,0
74.28,3.13,33.63,16.01,803.21,84.17,0.023,389.52,22,39,0
74.55,3.16,33.62,16.04,800.24,84.55,0.02,389.28,22,40,0
74.52,3.14,33.63,15.98,802.14,85.52,0.019,388.69,22,41,0
74.73,3.14,33.63,16.0,804.4,84.71,0.015,389.68,22,42,0
74.58,3.16,33.64,15.96,802.33,85.15,0.018,387.96,22,43,0
74.36,3.15,33.65,16.02,802.48,84.74,0.015,386.9,22,44,0
74.29,3.15,33.65,15.93,805.27,84.01,0.014,386.37,22,45,0
74.38,3.16,33.65,15.92,806.21,84.53,0.018,386.56,22,46,0
73.99,3.18,33.66,15.89,804.77,84.9,0.022,385.17,22,47,0
74.2,3.15,33.68,15.81,807.49,85.27,0.02,386.31,22,48,0
73.8,3.13,33.68,15.85,805.34,84.6,0.023,386.18,22,49,0
73.56,3.12,33.69,15.91,808.26,84.56,0.024,387.18,22,50,0
73.78,3.1,33.68,15.91,811.2,85.54,0.02,386.29,22,51,0
74.12,3.08,33.66,15.88,813.21,85.22,0.018,388.09,22,52,0
74.28,3.1,33.67,15.83,814.78,84.42,0.015,388.37,22,53,0
74.63,3.1,33.69,15.77,813.28,85.15,0.017,387.41,22,54,0
74.69,3.08,33.71,15.75,809.85,85.05,0.014,386.39,22,55,0
75.04,3.09,33.7,15.76,807.75,84.98,0.013,384.63,22,56,0
75.17,3.08,33.69,15.7,808.61,85.87,0.015,384.66,22,57,0
74.83,3.08,33.71,15.66,810.61,86.33,0.015,382.78,22,58,0
74.88,3.11,33.72,15.61,807.79,86.83,0.013,382.9,22,59,0
75.21,3.09,33.71,15.61,810.16,87.33,0.017,383.24,22,60,0
75.05,3.12,33.7,15.53,810.72,86.4,0.014,383.22,22,61,0
74.69,3.13,33.7,15.57,809.64,87.05,0.016,384.44,22,62,0
74.34,3.1,33.71,15.63,811.66,86.74,0.011,382.65,22,63,0
74.34,3.09,33.71,15.7,812.95,86.15,0.007,381.84,22,64,0
74.46,3.1,33.72,15.63,810.56,85.59,0.002,382.28,22,65,0
74.33,3.09,33.72,15.56,807.91,85.71,0.002,383.82,22,66,0
74.17,3.11,33.74,15.47,805.45,86.02,0.005,382.79,22,67,0
74.23,3.12,33.72,15.45,802.03,86.36,0.005,381.7,22,68,0
74.25,3.12,33.73,15.53,805.89,85.98,0.008,381.25,22,69,0
74.01,3.15,33.74,15.44,807.36,86.08,0.01,380.7,22,70,0
74.35,3.14,33.76,15.49,809.75,86.91,0.011,382.15,22,71,0
74.5,3.16,33.78,15.55,809.64,87.82,0.013,381.52,22,72,0
74.56,3.15,33.76,15.6,807.67,87.84,0.017,382.43,22,73,0
74.72,3.15,33.78,15.61,804.8,88.03,0.013,381.71,22,74,0
75.02,3.14,33.77,15.53,806.34,88.47,0.012,383.64,22,75,0
74.76,3.15,33.78,15.57,805.3,87.74,0.012,383.66,22,76,0
74.41,3.16,33.77,15.57,807.53,87.03,0.017,384.78,22,77,0
74.31,3.16,33.78,15.62,810.49,86.54,0.018,384.3,22,78,0
74.64,3.16,33.77,15.61,814.25,87.0,0.021,383.03,22,79,0
74.83,3.18,33.77,15.51,812.74,87.52,0.02,384.9,22,80,0
75.13,3.18,33.76,15.42,815.65,87.51,0.025,385.53,22,81,0
75.11,3.16,33.75,15.51,818.39,87.88,0.024,385.41,22,82,0
74.72,3.14,33.75,15.42,815.99,87.78,0.028,385.4,22,83,0
75.05,3.17,33.76,15.46,817.97,88.62,0.029,383.85,22,84,0
74.74,3.17,33.77,15.45,819.79,89.51,0.033,383.85,22,85,0
74.56,3.17,33.78,15.38,817.58,88.86,0.031,383.84,22,86,0
74.2,3.18,33.79,15.33,817.98,88.94,0.026,383.93,22,87,0
74.41,3.19,33.79,15.36,815.55,89.65,0.023,382.59,22,88,0
74.27,3.17,33.81,15.46,814.18,90.12,0.025,382.41,22,89,0
74.23,3.18,33.81,15.49,810.83,90.06,0.028,380.54,22,90,0
74.05,3.2,33.82,15.44,810.59,89.35,0.024,378.66,22,91,0
74.43,3.2,33.83,15.48,812.85,88.81,0.029,379.41,22,92,0
74.71,3.21,33.84,15.55,808.97,88.82,0.025,379.64,22,93,0
75.03,3.21,33.84,15.47,805.17,89.05,0.024,378.01,22,94,0
75.32,3.2,33.85,15.46,802.38,88.55,0.028,378.34,22,95,0
74.94,3.17,33.87,15.48,798.68,88.43,0.027,377.38,22,96,0
74.71,3.17,33.86,15.53,794.73,88.95,0.027,378.42,22,97,0
74.5,3.17,33.87,15.58,797.52,89.26,0.023,376.85,22,98,0
74.19,3.17,33.89,15.56,796.0,89.99,0.018,375.02,22,99,0
73.9,3.16,33.89,15.57,795.67,90.7,0.017,374.85,22,100,0
73.92,3.16,33.87,15.53,793.2,90.98,0.018,376.66,22,101,0
73.83,3.17,33.86,15.63,792.41,90.58,0.016,378.07,22,102,0
74.13,3.2,33.85,15.69,795.36,90.08,0.019,377.14,22,103,0
73.79,3.17,33.83,15.78,796.74,90.5,0.018,378.16,22,104,0
73.51,3.16,33.83,15.85,793.31,90.19,0.019,376.29,22,105,0
73.14,3.19,33.83,15.9,791.04,89.73,0.017,377.49,22,106,0
72.82,3.18,33.82,15.97,787.15,89.65,0.014,379.23,22,107,0
72.48,3.15,33.83,16.05,789.34,88.71,0.012,380.2,22,108,0
72.19,3.16,33.82,16.15,792.01,88.45,0.009,379.59,22,109,0
72.32,3.18,33.83,16.13,793.76,89.18,0.006,378.97,22,110,0
71.96,3.16,33.82,16.11,796.32,88.46,0.01,380.33,22,111,0
71.81,3.14,33.83,16.12,792.91,89.08,0.015,378.63,22,112,0
72.14,3.16,33.82,16.13,792.86,89.6,0.018,377.31,22,113,0
71.98,3.14,33.8,16.15,793.76,89.29,0.019,378.27,22,114,0
72.33,3.16,33.81,16.07,791.91,89.37,0.014,379.94,22,115,0
72.58,3.19,33.8,16.0,791.6,89.75,0.013,380.55,22,116,0
72.41,3.22,33.8,15.91,791.58,89.23,0.017,382.13,22,117,0
72.37,3.2,33.81,15.9,790.44,89.92,0.014,383.04,22,118,0
72.77,3.17,33.82,15.96,794.39,88.99,0.016,381.64,22,119,0
72.95,3.18,33.82,16.02,791.16,89.64,0.012,381.28,22,120,0
72.63,3.16,33.81,16.0,793.83,88.93,0.01,382.23,22,121,0
72.27,3.14,33.81,16.07,797.01,89.66,0.012,381.63,22,122,0
72.14,3.15,33.8,16.09,799.6,89.3,0.007,381.1,22,123,0
71.82,3.16,33.8,15.99,797.86,89.89,0.006,381.07,22,124,0
71.73,3.13,33.79,16.08,796.27,89.73,0.003,382.85,22,125,0
71.59,3.1,33.79,16.04,795.29,89.84,0.003,383.18,22,126,0
71.24,3.12,33.79,15.98,791.48,90.8,0.006,383.89,22,127,0
71.1,3.11,33.78,16.06,788.13,90.23,0.003,384.59,22,128,0
71.04,3.11,33.77,15.98,787.95,89.43,-0.0,384.67,22,129,0
70.68,3.09,33.76,15.99,787.38,88.97,-0.003,385.98,22,130,0
70.62,3.1,33.76,15.89,790.42,88.97,-0.004,387.48,22,131,0
70.94,3.07,33.78,15.86,788.33,88.51,0.001,386.28,22,132,0
70.57,3.07,33.79,15.86,787.68,89.19,0.0,387.41,22,133,0
70.21,3.07,33.78,15.82,786.68,89.55,-0.003,387.06,22,134,0
70.31,3.08,33.77,15.83,790.16,89.11,-0.008,386.32,22,135,0
70.55,3.07,33.77,15.81,792.55,89.13,-0.006,386.51,22,136,0
70.82,3.09,33.77,15.72,789.48,88.91,-0.001,387.63,22,137,0
70.52,3.07,33.78,15.73,789.15,89.17,-0.002,388.42,22,138,0
70.29,3.09,33.79,15.72,790.06,88.56,-0.005,390.39,22,139,0
70.49,3.07,33.77,15.74,787.35,87.56,-0.008,391.08,22,140,0
70.66,3.08,33.79,15.83,787.59,87.49,-0.011,392.81,22,141,0
70.96,3.07,33.81,15.87,789.1,86.77,-0.008,391.97,22,142,0
70.69,3.07,33.83,15.92,790.38,86.97,-0.006,392.98,22,143,0
70.36,3.06,33.82,15.94,789.33,86.13,-0.002,391.25,22,144,0
70.61,3.04,33.8,15.87,786.66,86.87,-0.004,393.04,22,145,0
70.53,3.05,33.81,15.83,787.02,86.7,0.001,393.45,22,146,0
70.85,3.07,33.8,15.8,787.03,87.1,0.004,395.15,22,147,0
71.18,3.09,33.79,15.9,787.45,86.16,0.001,395.56,22,148,0
70.8,3.07,33.8,15.82,789.72,85.16,-0.0,395.81,22,149,0
70.91,3.09,33.79,15.84,789.99,84.95,0.001,395.95,22,150,0
70.52,3.1,33.78,15.83,786.72,85.77,0.004,395.3,22,151,0
70.23,3.1,33.8,15.84,784.6,85.76,0.003,396.72,22,152,0
70.13,3.07,33.8,15.92,785.27,85.28,-0.001,396.86,22,153,0
70.07,3.07,33.81,15.82,789.19,84.4,-0.0,396.12,22,154,0
70.44,3.05,33.82,15.87,792.81,83.66,-0.001,397.03,22,155,0
70.05,3.05,33.8,15.77,793.61,83.97,0.001,395.69,22,156,0
70.38,3.07,33.8,15.75,793.49,84.85,-0.004,393.89,22,157,0
70.43,3.05,33.79,15.75,797.1,84.63,-0.009,395.19,22,158,0
70.58,3.02,33.78,15.77,794.04,84.15,-0.009,395.17,22,159,0
70.71,3.02,33.78,15.87,796.08,84.35,-0.012,393.65,22,160,0
70.54,3.02,33.79,15.97,797.95,84.77,-0.013,393.13,22,161,0
70.54,3.04,33.77,15.88,800.19,84.76,-0.012,391.59,22,162,0
70.66,3.03,33.79,15.85,802.15,84.98,-0.013,389.69,22,163,0
70.37,3.04,33.81,15.86,800.24,85.58,-0.016,391.61,22,164,0
70.72,3.03,33.83,15.96,798.92,84.65,-0.016,393.21,22,165,0
70.58,3.05,33.84,15.89,799.72,84.17,-0.016,392.66,22,166,0
70.24,3.03,33.82,15.96,799.97,84.86,-0.013,391.93,22,167,0
70.61,3.02,33.84,16.03,796.27,84.44,-0.012,393.81,22,168,0
70.34,3.04,33.84,16.13,793.03,84.58,-0.013,395.26,22,169,0
70.54,3.04,33.85,16.05,791.68,84.28,-0.016,396.52,22,170,0
70.36,3.01,33.86,16.15,791.43,83.39,-0.012,397.34,22,171,0
70.58,3.04,33.85,16.09,788.89,82.93,-0.01,399.31,22,172,0
70.65,3.02,33.84,16.1,786.79,83.62,-0.014,397.73,22,173,0
70.32,3.04,33.85,16.07,787.19,84.5,-0.009,397.89,22,174,0
70.69,3.03,33.83,16.05,784.51,84.01,-0.014,398.27,22,175,0
70.99,3.06,33.83,16.05,788.48,83.41,-0.01,397.55,22,176,0
71.28,3.03,33.84,15.99,786.07,83.8,-0.011,396.97,22,177,0
71.18,3.0,33.83,16.08,786.69,83.98,-0.01,395.95,22,178,0
71.16,2.98,33.85,16.04,787.4,84.31,-0.015,397.82,22,179,0
71.64,3.02,33.84,15.98,782.19,84.33,-0.009,398.03,22,180,1
72.31,3.08,33.82,15.94,776.35,85.01,-0.003,398.04,22,181,1
72.97,3.11,33.81,15.91,771.95,85.88,0.005,398.1,22,182,1
73.19,3.19,33.8,15.86,766.79,86.53,0.011,399.29,22,183,1
73.71,3.24,33.78,15.79,761.75,87.37,0.015,400.11,22,184,1
74.13,3.31,33.78,15.75,759.1,88.16,0.019,400.56,22,185,1
74.76,3.38,33.77,15.72,756.22,88.68,0.026,401.74,22,186,1
75.4,3.42,33.75,15.66,750.41,89.02,0.034,402.67,22,187,1
76.08,3.48,33.73,15.63,745.16,89.9,0.036,402.84,22,188,1
76.57,3.55,33.73,15.59,740.21,90.79,0.038,403.94,22,189,1
76.95,3.61,33.72,15.55,738.08,91.73,0.044,405.35,22,190,1
77.61,3.68,33.7,15.48,733.18,91.81,0.047,406.02,22,191,1
78.35,3.73,33.69,15.42,727.26,91.82,0.051,407.38,22,192,1
78.85,3.8,33.69,15.35,721.65,91.85,0.056,407.91,22,193,1
79.28,3.87,33.67,15.32,717.59,92.81,0.063,408.13,22,194,1
79.92,3.93,33.64,15.25,713.53,93.45,0.066,408.44,22,195,1
80.69,4.0,33.62,15.2,707.56,93.62,0.069,409.75,22,196,1
81.18,4.06,33.6,15.17,703.81,94.03,0.073,411.22,22,197,1
81.46,4.11,33.6,15.11,698.93,94.78,0.08,411.34,22,198,1
82.14,4.19,33.59,15.06,693.39,95.73,0.087,411.89,22,199,1
82.92,4.26,33.58,15.02,689.79,95.86,0.093,413.69,22,200,1
83.64,4.32,33.56,14.94,684.25,96.21,0.098,415.27,22,201,1
83.88,4.37,33.55,14.87,681.47,97.01,0.1,416.87,22,202,1
84.33,4.4,33.55,14.81,678.19,97.34,0.106,416.92,22,203,1
84.84,4.47,33.52,14.75,673.67,97.48,0.111,417.47,22,204,1
85.07,4.54,33.51,14.67,671.04,98.47,0.115,418.84,22,205,1
85.72,4.59,33.5,14.61,666.13,98.49,0.121,420.19,22,206,1
85.98,4.64,33.48,14.57,664.03,99.13,0.124,420.93,22,207,1
86.68,4.7,33.46,14.55,658.79,99.26,0.129,422.46,22,208,1
87.36,4.78,33.43,14.51,654.45,99.83,0.133,424.29,22,209,1
88.11,4.85,33.41,14.45,648.53,100.31,0.139,426.27,22,210,1
88.42,4.93,33.38,14.42,644.16,101.3,0.143,428.02,22,211,1
88.82,4.96,33.35,14.39,638.85,101.34,0.146,428.82,22,212,1
89.22,5.03,33.33,14.33,633.21,102.07,0.153,429.67,22,213,1
90.0,5.08,33.33,14.28,629.78,102.4,0.157,430.49,22,214,1
90.78,5.12,33.32,14.24,624.77,103.19,0.16,431.99,22,215,1
91.2,5.18,33.3,14.19,620.53,103.3,0.164,433.85,22,216,1
91.61,5.22,33.29,14.17,616.06,104.22,0.167,434.85,22,217,1
92.33,5.26,33.28,14.12,613.42,105.05,0.172,435.44,22,218,1
93.07,5.31,33.28,14.09,608.07,105.7,0.18,437.25,22,219,1
93.98,5.41,33.25,14.01,603.16,107.63,0.187,439.36,22,220,2
94.77,5.52,33.22,13.91,597.33,109.42,0.193,443.32,22,221,2
95.32,5.62,33.17,13.76,591.29,110.5,0.207,446.65,22,222,2
95.72,5.77,33.13,13.63,584.66,112.1,0.217,450.35,22,223,2
96.53,5.89,33.1,13.54,581.5,113.23,0.231,453.93,22,224,2
97.41,5.98,33.06,13.44,577.15,114.41,0.242,456.27,22,225,2
97.89,6.1,33.03,13.36,571.1,115.43,0.248,458.75,22,226,2
98.99,6.19,32.98,13.28,567.17,116.17,0.256,462.41,22,227,2
99.44,6.3,32.92,13.22,559.5,117.63,0.271,464.61,22,228,2
100.37,6.42,32.89,13.11,553.02,118.6,0.277,466.12,22,229,2
100.89,6.56,32.87,13.05,545.65,120.06,0.291,467.61,22,230,2
101.54,6.68,32.81,12.96,539.13,121.35,0.303,470.24,22,231,2
102.42,6.78,32.77,12.87,532.44,122.28,0.312,471.28,22,232,2
103.45,6.9,32.74,12.74,528.4,123.28,0.323,474.43,22,233,2
104.43,7.04,32.71,12.68,524.54,125.15,0.334,476.79,22,234,2
105.3,7.15,32.66,12.54,518.23,126.16,0.343,477.81,22,235,2
106.44,7.28,32.61,12.47,512.83,127.34,0.35,480.43,22,236,2
107.12,7.39,32.59,12.34,507.01,129.01,0.361,481.6,22,237,2
108.03,7.5,32.57,12.2,501.96,130.46,0.368,482.79,22,238,2
108.92,7.6,32.55,12.12,496.47,131.24,0.375,485.38,22,239,2
109.4,7.72,32.51,12.06,492.44,133.01,0.383,488.65,22,240,2
110.29,7.86,32.46,11.91,486.22,134.38,0.395,490.01,22,241,2
111.09,8.01,32.4,11.78,478.63,136.12,0.403,491.03,22,242,2
111.62,8.09,32.37,11.66,474.7,136.87,0.412,493.22,22,243,2
112.54,8.21,32.35,11.57,469.58,138.72,0.425,494.32,22,244,2
113.25,8.3,32.29,11.51,463.8,139.39,0.433,496.09,22,245,2
113.8,8.38,32.24,11.41,457.41,140.42,0.439,497.88,22,246,2
114.78,8.5,32.19,11.33,450.21,141.1,0.452,500.24,22,247,2
115.59,8.61,32.17,11.24,445.68,142.62,0.464,504.22,22,248,2
116.45,8.72,32.14,11.15,439.72,144.13,0.477,507.44,22,249,2
117.64,8.87,32.09,11.01,433.48,144.82,0.486,509.38,22,250,2
118.69,8.99,32.04,10.88,430.33,146.27,0.501,512.68,22,251,2
119.29,9.09,32.02,10.74,426.89,147.78,0.512,514.96,22,252,2
120.12,9.21,31.98,10.64,420.0,148.8,0.524,517.83,22,253,2
121.12,9.32,31.93,10.57,415.68,150.65,0.531,520.76,22,254,2
122.02,9.45,31.87,10.51,411.75,152.17,0.544,523.96,22,255,2
123.11,9.59,31.85,10.42,404.56,153.23,0.551,527.65,22,256,2
123.57,9.73,31.82,10.37,396.84,154.72,0.564,529.52,22,257,2
124.31,9.88,31.76,10.25,392.53,155.52,0.572,531.34,22,258,2
125.32,9.99,31.73,10.18,388.12,156.74,0.581,535.21,22,259,2
126.5,10.11,31.71,10.12,381.26,157.67,0.586,538.81,22,260,2
127.47,10.2,31.69,10.05,374.93,158.21,0.594,542.15,22,261,2
128.2,10.32,31.64,9.95,369.93,158.9,0.606,545.14,22,262,2
128.62,10.41,31.61,9.82,366.27,160.68,0.616,547.27,22,263,2
129.27,10.5,31.55,9.72,359.11,161.29,0.625,550.93,22,264,2
130.45,10.63,31.52,9.58,351.4,163.09,0.637,553.52,22,265,2
131.6,10.72,31.49,9.5,346.24,165.07,0.652,557.17,22,266,2
132.21,10.81,31.45,9.39,339.98,166.48,0.658,560.63,22,267,2
132.62,10.95,31.41,9.28,335.32,168.13,0.664,564.19,22,268,2
133.63,11.04,31.37,9.23,328.2,169.0,0.67,567.88,22,269,2
134.05,11.16,31.34,9.11,322.27,170.11,0.683,570.96,22,270,2
134.69,11.27,31.31,8.99,314.45,171.48,0.688,574.39,22,271,2
135.36,11.41,31.27,8.89,306.67,172.23,0.694,577.09,22,272,2
136.48,11.51,31.24,8.75,303.62,173.62,0.703,579.37,22,273,2
137.21,11.6,31.18,8.65,298.74,175.55,0.717,583.18,22,274,2
137.67,11.74,31.13,8.59,294.78,176.62,0.727,584.21,22,275,2
138.6,11.89,31.1,8.5,290.56,178.54,0.739,586.99,22,276,2
139.21,12.04,31.07,8.38,283.34,179.85,0.747,590.14,22,277,2
139.62,12.13,31.04,8.29,280.22,180.43,0.758,592.65,22,278,2
140.23,12.23,31.01,8.21,274.33,181.97,0.764,594.78,22,279,2
140.72,12.32,30.99,8.07,270.49,183.56,0.771,597.27,22,280,2
141.23,12.43,30.96,8.01,264.99,184.83,0.786,600.33,22,281,2
141.73,12.57,30.93,7.92,261.3,186.49,0.796,603.58,22,282,2
142.61,12.66,30.9,7.85,254.16,188.05,0.811,605.44,22,283,2
143.01,12.74,30.86,7.71,246.76,189.35,0.816,608.5,22,284,2
143.88,12.84,30.8,7.61,240.99,190.71,0.829,611.61,22,285,2
144.95,12.95,30.75,7.49,233.53,192.03,0.839,614.04,22,286,2
145.64,13.09,30.7,7.36,230.06,193.17,0.85,616.67,22,287,2
146.71,13.21,30.65,7.29,225.69,194.0,0.86,618.12,22,288,2
147.64,13.31,30.61,7.17,218.83,195.87,0.873,621.02,22,289,2
148.32,13.4,30.57,7.04,213.6,196.46,0.887,622.11,22,290,2
149.0,13.48,30.52,6.9,207.48,197.43,0.897,625.96,22,291,2
149.98,13.62,30.46,6.79,200.46,197.96,0.903,628.18,22,292,2
150.56,13.71,30.43,6.68,193.32,199.17,0.912,629.4,22,293,2
151.67,13.85,30.39,6.62,189.56,199.95,0.923,631.52,22,294,2
152.29,13.99,30.37,6.57,184.23,200.78,0.934,634.53,22,295,2
152.98,14.13,30.34,6.47,178.7,201.67,0.941,638.42,22,296,2
153.44,14.26,30.29,6.39,172.67,202.86,0.948,641.07,22,297,2
154.61,14.36,30.27,6.33,166.14,204.03,0.959,642.57,22,298,2
155.76,14.49,30.24,6.25,158.34,205.42,0.966,645.56,22,299,2
74.06,3.19,33.59,16.04,806.9,92.53,0.008,391.64,23,0,0
74.25,3.17,33.59,16.1,806.52,91.89,0.011,389.79,23,1,0
74.32,3.2,33.58,16.11,803.99,92.47,0.013,387.86,23,2,0
74.63,3.2,33.59,16.06,806.59,93.37,0.009,386.58,23,3,0
74.7,3.18,33.61,16.15,809.26,93.72,0.011,386.0,23,4,0
74.56,3.18,33.6,16.14,810.58,92.87,0.009,385.9,23,5,0
74.27,3.18,33.59,16.04,809.35,92.27,0.006,385.15,23,6,0
74.29,3.17,33.6,16.13,805.7,91.75,0.008,386.45,23,7,0
74.05,3.19,33.59,16.09,807.0,92.62,0.004,388.13,23,8,0
73.76,3.22,33.59,16.13,807.23,92.39,0.006,389.66,23,9,0
73.79,3.21,33.61,16.06,810.07,92.15,0.008,391.42,23,10,0
73.52,3.19,33.59,16.13,812.29,92.03,0.011,389.99,23,11,0
73.25,3.22,33.58,16.09,810.86,91.23,0.015,391.82,23,12,0
72.9,3.24,33.59,16.01,809.63,91.14,0.017,390.94,23,13,0
72.88,3.26,33.6,15.96,807.4,91.5,0.016,389.03,23,14,0
72.75,3.24,33.61,15.99,804.92,90.5,0.014,389.83,23,15,0
72.94,3.25,33.62,15.92,803.02,90.2,0.013,390.11,23,16,0
72.74,3.27,33.61,15.89,799.27,89.8,0.017,391.8,23,17,0
73.05,3.29,33.62,15.98,797.52,89.29,0.02,392.42,23,18,0
72.83,3.32,33.62,16.01,797.96,89.88,0.025,391.6,23,19,0
72.61,3.35,33.62,16.07,797.59,89.39,0.024,392.97,23,20,0
72.46,3.34,33.62,16.01,798.19,90.31,0.029,391.06,23,21,0
72.51,3.34,33.64,16.11,794.69,90.04,0.025,390.38,23,22,0
72.6,3.35,33.62,16.05,796.27,89.93,0.024,392.28,23,23,0
72.83,3.34,33.6,16.04,792.8,89.32,0.026,392.09,23,24,0
73.06,3.31,33.6,16.14,788.92,89.29,0.026,393.29,23,25,0
72.83,3.33,33.59,16.13,786.32,89.26,0.029,393.24,23,26,0
72.66,3.33,33.59,16.11,790.03,89.44,0.027,394.8,23,27,0
72.69,3.32,33.6,16.08,787.59,88.97,0.024,394.39,23,28,0
73.04,3.34,33.59,16.09,789.49,89.46,0.02,395.87,23,29,0
72.92,3.36,33.6,16.16,793.37,90.22,0.017,395.76,23,30,0
72.91,3.33,33.61,16.25,795.86,90.95,0.013,394.46,23,31,0
72.65,3.34,33.62,16.15,793.25,90.18,0.017,396.14,23,32,0
72.74,3.36,33.61,16.13,797.05,90.05,0.02,394.5,23,33,0
72.38,3.37,33.62,16.04,797.82,90.66,0.019,394.33,23,34,0
71.99,3.38,33.63,16.11,798.54,90.15,0.018,394.08,23,35,0
72.14,3.4,33.63,16.17,802.32,89.16,0.015,395.74,23,36,0
72.11,3.43,33.65,16.07,800.75,90.14,0.016,394.71,23,37,0
72.2,3.42,33.63,16.08,797.7,90.78,0.015,393.23,23,38,0
72.28,3.41,33.63,16.13,793.94,90.91,0.012,392.33,23,39,0
72.37,3.38,33.61,16.07,794.92,91.79,0.015,391.98,23,40,0
72.44,3.38,33.6,16.09,797.84,92.17,0.013,391.28,23,41,0
72.09,3.41,33.59,16.14,797.78,91.45,0.013,392.7,23,42,0
72.46,3.4,33.59,16.14,794.3,90.7,0.017,393.6,23,43,0
72.3,3.41,33.58,16.05,793.71,89.95,0.017,392.12,23,44,0
72.01,3.43,33.59,16.02,797.46,89.5,0.022,390.95,23,45,0
72.11,3.44,33.59,15.96,799.09,89.26,0.023,391.53,23,46,0
71.81,3.43,33.6,15.95,800.02,88.75,0.024,392.51,23,47,0
71.48,3.44,33.59,15.88,797.35,87.93,0.022,391.39,23,48,0
71.63,3.43,33.57,15.87,798.4,88.79,0.021,390.48,23,49,0
71.28,3.4,33.55,15.96,797.0,89.52,0.023,390.12,23,50,0
71.11,3.43,33.54,16.02,797.28,90.51,0.02,391.2,23,51,0
70.95,3.4,33.54,16.04,797.21,89.65,0.022,391.29,23,52,0
71.02,3.37,33.53,16.06,797.2,89.56,0.018,392.73,23,53,0
70.89,3.35,33.51,16.12,794.55,89.03,0.018,391.84,23,54,0
70.94,3.35,33.51,16.17,794.47,88.53,0.023,390.38,23,55,0
71.2,3.34,33.5,16.17,793.61,88.02,0.028,389.25,23,56,0
71.24,3.33,33.5,16.18,790.81,87.74,0.027,388.86,23,57,0
71.34,3.31,33.49,16.23,790.86,87.06,0.032,389.02,23,58,0
71.05,3.34,33.49,16.15,793.74,87.42,0.033,388.59,23,59,0
70.91,3.33,33.49,16.2,793.63,87.66,0.033,387.92,23,60,0
70.64,3.32,33.48,16.18,796.83,88.22,0.032,387.33,23,61,0
70.58,3.33,33.46,16.17,796.79,88.08,0.032,388.22,23,62,0
70.32,3.3,33.48,16.16,799.85,88.02,0.033,388.77,23,63,0
70.04,3.3,33.46,16.21,802.92,88.63,0.028,389.33,23,64,0
69.91,3.3,33.48,16.14,804.26,88.22,0.031,388.49,23,65,0
69.61,3.32,33.46,16.12,806.11,88.65,0.031,388.44,23,66,0
69.5,3.32,33.46,16.1,806.54,87.88,0.036,388.16,23,67,0
69.25,3.34,33.44,16.0,802.81,88.41,0.035,387.46,23,68,0
69.0,3.32,33.46,16.02,802.8,87.81,0.037,388.22,23,69,0
68.7,3.32,33.45,16.07,805.14,88.02,0.041,389.43,23,70,0
68.92,3.35,33.46,16.01,807.72,88.93,0.042,387.89,23,71,0
68.97,3.33,33.45,16.11,809.91,88.16,0.042,388.8,23,72,0
69.26,3.33,33.45,16.11,810.38,88.99,0.044,389.87,23,73,0
69.24,3.35,33.45,16.18,809.16,89.27,0.049,391.26,23,74,0
69.11,3.37,33.44,16.13,806.09,90.0,0.053,390.24,23,75,0
69.28,3.35,33.46,16.08,802.58,90.99,0.057,391.32,23,76,0
69.39,3.33,33.47,16.14,806.02,90.71,0.06,392.28,23,77,0
69.72,3.34,33.48,16.04,804.79,91.46,0.064,392.87,23,78,0
69.92,3.32,33.49,16.1,802.58,91.65,0.06,391.91,23,79,0
69.77,3.31,33.48,16.07,806.27,91.67,0.06,393.67,23,80,0
69.62,3.32,33.49,16.1,807.58,91.34,0.058,393.34,23,81,0
69.71,3.31,33.5,16.15,804.93,91.8,0.059,392.78,23,82,0
69.59,3.34,33.51,16.11,807.09,92.06,0.055,394.39,23,83,0
69.93,3.31,33.51,16.14,804.75,91.68,0.054,395.6,23,84,0
69.63,3.3,33.49,16.14,803.88,91.65,0.053,394.08,23,85,0
69.45,3.28,33.48,16.08,805.63,92.37,0.057,395.79,23,86,0
69.62,3.31,33.48,16.0,805.24,91.98,0.061,394.61,23,87,0
69.55,3.28,33.49,15.91,804.81,91.15,0.066,395.39,23,88,0
69.54,3.3,33.5,15.89,802.18,91.55,0.068,395.82,23,89,0
69.33,3.33,33.51,15.84,805.26,91.52,0.072,397.8,23,90,0
69.43,3.32,33.52,15.83,802.63,92.08,0.074,397.75,23,91,0
69.36,3.31,33.51,15.77,798.96,92.1,0.072,395.85,23,92,0
69.56,3.29,33.5,15.79,795.74,92.09,0.073,396.82,23,93,0
69.75,3.32,33.48,15.72,794.8,92.2,0.071,396.01,23,94,0
69.54,3.32,33.48,15.66,796.58,92.73,0.068,394.92,23,95,0
69.4,3.31,33.47,15.57,793.5,93.19,0.065,396.24,23,96,0
69.79,3.32,33.46,15.6,794.69,94.08,0.061,397.4,23,97,0
69.4,3.32,33.48,15.58,791.11,93.9,0.059,396.52,23,98,0
69.58,3.32,33.49,15.6,791.35,93.2,0.058,398.08,23,99,0
69.75,3.32,33.49,15.51,790.53,93.71,0.057,398.85,23,100,0
70.02,3.35,33.48,15.56,788.52,94.57,0.056,397.16,23,101,0
70.04,3.34,33.47,15.47,789.28,95.48,0.059,397.53,23,102,0
70.29,3.37,33.45,15.54,786.82,96.15,0.056,399.53,23,103,0
70.51,3.38,33.46,15.51,786.27,96.15,0.053,399.68,23,104,0
70.75,3.38,33.46,15.42,782.75,96.36,0.051,399.43,23,105,0
70.35,3.37,33.47,15.36,783.46,95.67,0.053,401.03,23,106,0
70.24,3.34,33.49,15.32,781.15,94.9,0.053,403.0,23,107,0
70.05,3.35,33.49,15.24,784.62,94.21,0.056,403.26,23,108,0
69.86,3.37,33.5,15.29,780.84,94.83,0.053,403.2,23,109,0
69.78,3.35,33.49,15.2,781.4,95.75,0.049,401.32,23,110,0
69.81,3.33,33.5,15.15,785.29,95.41,0.045,401.94,23,111,0
69.77,3.35,33.49,15.13,784.41,95.26,0.048,403.0,23,112,0
70.02,3.37,33.5,15.06,780.85,95.08,0.052,404.74,23,113,0
70.37,3.34,33.5,15.11,784.69,94.66,0.051,403.62,23,114,0
70.04,3.37,33.5,15.19,788.25,95.38,0.055,402.22,23,115,0
69.97,3.34,33.5,15.11,788.47,95.47,0.053,400.32,23,116,0
69.64,3.37,33.52,15.16,787.9,95.53,0.053,398.93,23,117,0
70.04,3.4,33.51,15.1,787.88,95.7,0.052,398.27,23,118,0
69.84,3.39,33.52,15.19,789.13,96.2,0.048,396.67,23,119,0
70.0,3.41,33.5,15.22,785.5,96.57,0.05,395.83,23,120,0
69.8,3.44,33.51,15.15,787.44,96.98,0.053,394.28,23,121,0
69.87,3.45,33.52,15.08,790.46,96.87,0.055,394.03,23,122,0
69.97,3.43,33.52,15.17,792.54,97.43,0.055,394.55,23,123,0
69.97,3.41,33.5,15.12,793.41,97.01,0.059,394.71,23,124,0
69.76,3.41,33.49,15.03,790.62,97.85,0.058,393.14,23,125,0
69.83,3.42,33.5,14.97,791.48,97.8,0.059,392.19,23,126,0
70.14,3.42,33.52,15.05,788.6,98.38,0.057,390.86,23,127,0
70.17,3.44,33.54,14.96,792.43,99.25,0.057,389.7,23,128,0
70.52,3.43,33.53,14.94,793.54,100.25,0.057,391.2,23,129,0
70.6,3.42,33.52,15.04,793.07,99.35,0.058,391.76,23,130,0
70.5,3.4,33.51,15.09,795.04,98.55,0.059,391.75,23,131,0
70.9,3.42,33.51,15.07,794.23,97.7,0.062,392.31,23,132,0
70.59,3.44,33.51,15.08,790.9,97.09,0.062,391.68,23,133,0
70.47,3.41,33.49,15.15,789.58,96.86,0.061,391.88,23,134,0
70.36,3.44,33.5,15.17,786.72,96.32,0.061,390.64,23,135,0
70.4,3.41,33.49,15.18,787.07,96.4,0.059,389.3,23,136,0
70.59,3.41,33.5,15.15,786.42,97.32,0.055,389.6,23,137,0
70.68,3.44,33.49,15.18,790.33,97.12,0.056,388.25,23,138,0
70.62,3.46,33.51,15.17,787.92,96.24,0.054,388.87,23,139,0
70.94,3.47,33.53,15.23,786.02,95.94,0.049,388.21,23,140,0
71.03,3.5,33.52,15.23,782.97,95.84,0.049,389.72,23,141,0
70.71,3.49,33.5,15.3,783.38,96.19,0.054,390.06,23,142,0
70.85,3.51,33.51,15.34,782.76,95.25,0.054,391.02,23,143,0
70.9,3.5,33.5,15.29,779.86,95.16,0.055,389.95,23,144,0
70.85,3.47,33.52,15.25,777.48,96.06,0.053,388.61,23,145,0
71.1,3.45,33.53,15.34,778.44,95.9,0.053,389.18,23,146,0
71.39,3.44,33.54,15.31,778.14,95.58,0.053,389.31,23,147,0
71.63,3.43,33.52,15.3,781.63,95.35,0.055,388.23,23,148,0
71.68,3.46,33.51,15.31,785.51,95.91,0.052,387.91,23,149,0
71.68,3.49,33.53,15.24,783.48,95.4,0.05,389.14,23,150,0
71.28,3.48,33.52,15.27,785.72,95.92,0.049,388.25,23,151,0
71.02,3.45,33.54,15.34,785.2,94.93,0.046,386.29,23,152,0
70.71,3.44,33.55,15.34,785.03,95.64,0.048,386.07,23,153,0
70.97,3.44,33.55,15.31,787.57,96.04,0.045,386.15,23,154,0
70.79,3.42,33.54,15.33,787.62,96.33,0.043,387.66,23,155,0
70.65,3.4,33.53,15.37,785.61,96.61,0.043,389.61,23,156,0
70.94,3.41,33.54,15.37,782.1,96.72,0.042,388.85,23,157,0
70.99,3.41,33.56,15.32,783.73,95.94,0.042,386.93,23,158,0
70.76,3.41,33.54,15.35,781.48,95.43,0.04,385.76,23,159,0
70.62,3.42,33.53,15.44,778.93,96.33,0.039,386.68,23,160,0
70.43,3.43,33.55,15.53,782.64,96.77,0.044,388.1,23,161,0
70.13,3.46,33.57,15.49,785.38,97.63,0.041,388.03,23,162,0
69.97,3.44,33.55,15.53,784.83,97.1,0.044,389.39,23,163,0
69.81,3.41,33.55,15.49,781.54,97.31,0.048,389.36,23,164,0
69.54,3.43,33.53,15.46,778.3,96.33,0.046,390.32,23,165,0
69.41,3.42,33.54,15.43,782.04,96.35,0.047,391.12,23,166,0
69.41,3.45,33.54,15.46,778.91,95.6,0.05,390.15,23,167,0
69.44,3.47,33.53,15.46,781.2,94.8,0.052,388.75,23,168,0
69.26,3.46,33.52,15.52,779.37,95.71,0.047,390.33,23,169,0
69.09,3.46,33.5,15.56,780.01,95.76,0.044,391.98,23,170,0
69.27,3.48,33.49,15.6,780.37,95.68,0.048,390.44,23,171,0
68.97,3.45,33.48,15.66,780.04,96.25,0.047,389.48,23,172,0
69.07,3.48,33.49,15.73,780.76,96.94,0.045,390.1,23,173,0
69.02,3.49,33.5,15.83,778.81,97.18,0.048,389.28,23,174,0
68.97,3.48,33.49,15.86,778.39,96.61,0.049,390.58,23,175,0
69.35,3.48,33.47,15.78,781.87,96.57,0.052,391.78,23,176,0
69.42,3.5,33.47,15.75,784.08,95.92,0.055,393.6,23,177,0
69.25,3.51,33.48,15.82,782.73,96.75,0.058,392.16,23,178,0
69.61,3.54,33.47,15.9,781.32,96.32,0.053,391.75,23,179,0
69.99,3.58,33.45,15.82,777.77,97.07,0.058,391.99,23,180,1
70.23,3.62,33.44,15.78,773.39,97.18,0.061,393.15,23,181,1
70.5,3.67,33.42,15.76,769.92,97.82,0.064,393.18,23,182,1
71.2,3.73,33.4,15.73,764.37,97.95,0.069,393.48,23,183,1
71.99,3.78,33.39,15.65,758.69,98.02,0.073,395.21,23,184,1
72.43,3.85,33.36,15.58,754.51,98.75,0.081,396.24,23,185,1
72.79,3.92,33.33,15.53,752.45,99.08,0.086,398.23,23,186,1
73.36,3.95,33.32,15.46,746.51,100.05,0.092,398.79,23,187,1
73.96,4.01,33.3,15.41,741.38,100.71,0.098,400.75,23,188,1
74.24,4.04,33.27,15.36,737.79,101.54,0.101,401.53,23,189,1
74.88,4.09,33.26,15.33,732.61,101.76,0.104,403.18,23,190,1
75.5,4.15,33.26,15.25,728.33,102.08,0.11,404.6,23,191,1
75.89,4.21,33.25,15.21,722.63,102.34,0.112,406.2,23,192,1
76.12,4.27,33.23,15.14,719.99,103.04,0.118,407.13,23,193,1
76.88,4.32,33.2,15.09,717.41,103.51,0.124,409.1,23,194,1
77.16,4.38,33.19,15.02,714.15,103.93,0.129,411.03,23,195,1
77.42,4.43,33.17,14.95,709.33,103.96,0.134,411.16,23,196,1
77.74,4.49,33.16,14.9,707.18,103.98,0.139,412.01,23,197,1
78.45,4.56,33.15,14.85,701.32,104.01,0.143,412.74,23,198,1
78.82,4.61,33.12,14.83,699.28,104.06,0.149,414.08,23,199,1
79.03,4.65,33.12,14.76,693.44,104.43,0.154,415.97,23,200,1
79.71,4.71,33.11,14.72,690.4,104.81,0.159,417.4,23,201,1
80.48,4.77,33.09,14.69,685.33,105.02,0.164,419.21,23,202,1
81.24,4.82,33.07,14.64,679.67,105.09,0.169,419.44,23,203,1
81.69,4.87,33.05,14.61,676.32,105.74,0.174,420.72,23,204,1
82.1,4.94,33.04,14.58,671.15,106.27,0.176,421.21,23,205,1
82.43,5.01,33.04,14.55,666.27,106.6,0.178,422.41,23,206,1
83.01,5.04,33.04,14.53,660.46,106.75,0.182,424.25,23,207,1
83.34,5.08,33.02,14.47,655.31,106.82,0.184,425.62,23,208,1
83.97,5.16,33.01,14.45,651.5,106.95,0.186,427.56,23,209,1
84.2,5.21,32.99,14.43,648.1,107.02,0.191,429.48,23,210,1
84.71,5.24,32.97,14.37,644.15,107.36,0.199,431.31,23,211,1
85.04,5.28,32.96,14.3,638.8,107.38,0.205,433.25,23,212,1
85.67,5.35,32.94,14.25,636.53,108.14,0.21,433.84,23,213,1
86.02,5.4,32.93,14.2,633.12,109.11,0.217,434.02,23,214,1
86.58,5.47,32.91,14.18,629.48,110.09,0.219,434.8,23,215,1
87.26,5.54,32.9,14.13,624.76,110.93,0.223,435.14,23,216,1
87.98,5.59,32.87,14.1,619.31,111.66,0.23,436.25,23,217,1
88.21,5.66,32.86,14.07,614.69,111.9,0.233,437.62,23,218,1
88.67,5.71,32.85,13.99,609.36,111.94,0.237,438.56,23,219,1
89.79,5.81,32.82,13.91,605.58,113.54,0.243,441.94,23,220,2
90.84,5.95,32.8,13.79,602.37,114.16,0.25,442.98,23,221,2
91.57,6.09,32.78,13.7,599.02,115.03,0.258,446.11,23,222,2
92.57,6.19,32.74,13.56,594.82,116.6,0.266,448.87,23,223,2
93.7,6.28,32.71,13.41,589.1,117.97,0.278,451.03,23,224,2
94.32,6.36,32.67,13.29,582.41,119.08,0.291,454.41,23,225,2
95.12,6.45,32.63,13.15,576.16,120.37,0.298,455.79,23,226,2
95.53,6.56,32.59,13.03,568.59,120.94,0.313,458.3,23,227,2
96.58,6.71,32.54,12.94,560.79,122.48,0.327,461.35,23,228,2
97.68,6.8,32.48,12.8,555.17,123.86,0.332,465.16,23,229,2
98.23,6.89,32.45,12.75,551.36,125.65,0.338,468.08,23,230,2
98.77,6.97,32.42,12.62,544.65,126.96,0.35,471.5,23,231,2
99.66,7.08,32.39,12.56,540.23,127.63,0.358,473.94,23,232,2
100.27,7.18,32.36,12.44,532.25,128.76,0.366,476.11,23,233,2
101.18,7.29,32.33,12.38,526.88,130.0,0.378,477.31,23,234,2
101.86,7.38,32.29,12.3,520.12,130.7,0.386,479.37,23,235,2
102.78,7.5,32.27,12.16,512.54,131.74,0.398,481.61,23,236,2
103.37,7.63,32.24,12.03,509.26,133.19,0.41,483.62,23,237,2
103.84,7.75,32.19,11.97,505.5,134.65,0.416,487.62,23,238,2
104.85,7.84,32.16,11.92,502.14,135.53,0.43,491.49,23,239,2
105.69,7.97,32.14,11.79,496.73,136.82,0.438,494.76,23,240,2
106.23,8.09,32.12,11.71,489.76,138.81,0.445,497.34,23,241,2
106.74,8.2,32.09,11.57,483.66,139.54,0.452,500.35,23,242,2
107.58,8.28,32.05,11.51,478.26,141.51,0.462,503.63,23,243,2
108.71,8.38,32.01,11.46,471.88,142.09,0.475,506.69,23,244,2
109.78,8.47,31.97,11.32,464.28,143.86,0.486,509.55,23,245,2
110.8,8.62,31.94,11.27,460.94,144.94,0.494,512.24,23,246,2
111.28,8.72,31.9,11.12,455.43,146.17,0.503,515.57,23,247,2
112.03,8.81,31.85,11.01,447.82,147.07,0.509,516.92,23,248,2
112.95,8.96,31.81,10.89,442.36,148.85,0.516,520.77,23,249,2
113.68,9.06,31.77,10.8,438.29,149.59,0.524,522.26,23,250,2
114.75,9.17,31.74,10.65,433.22,150.36,0.536,524.49,23,251,2
115.66,9.27,31.72,10.57,428.21,151.22,0.544,527.05,23,252,2
116.45,9.41,31.68,10.49,420.73,152.4,0.554,528.9,23,253,2
117.45,9.49,31.66,10.38,412.84,153.15,0.566,532.78,23,254,2
118.13,9.58,31.6,10.32,409.31,153.65,0.58,533.96,23,255,2
118.92,9.69,31.54,10.23,404.52,155.55,0.585,537.93,23,256,2
119.59,9.83,31.5,10.09,399.1,156.19,0.6,539.61,23,257,2
120.03,9.97,31.44,9.95,393.58,157.28,0.606,543.1,23,258,2
120.51,10.1,31.39,9.81,386.95,159.06,0.621,544.8,23,259,2
121.23,10.25,31.34,9.74,381.89,160.67,0.632,548.41,23,260,2
122.2,10.36,31.32,9.68,377.01,161.88,0.646,549.75,23,261,2
122.98,10.48,31.28,9.61,371.48,162.86,0.657,550.99,23,262,2
123.42,10.62,31.22,9.56,366.3,163.82,0.666,552.48,23,263,2
124.6,10.72,31.18,9.46,360.52,164.91,0.676,553.65,23,264,2
125.34,10.85,31.15,9.38,356.25,166.23,0.689,555.88,23,265,2
126.03,10.97,31.09,9.27,349.15,168.06,0.698,559.01,23,266,2
126.57,11.09,31.04,9.13,345.99,169.78,0.707,561.09,23,267,2
127.53,11.18,31.02,9.08,340.88,170.47,0.714,564.31,23,268,2
128.08,11.29,30.97,8.98,336.44,171.89,0.725,565.72,23,269,2
129.26,11.38,30.94,8.83,329.68,173.21,0.731,566.77,23,270,2
130.2,11.53,30.91,8.76,325.45,174.6,0.741,569.52,23,271,2
131.14,11.67,30.87,8.62,320.06,175.39,0.755,573.33,23,272,2
131.88,11.81,30.84,8.53,316.24,176.41,0.767,574.36,23,273,2
132.89,11.96,30.8,8.44,308.77,177.35,0.778,575.43,23,274,2
133.65,12.05,30.77,8.38,304.48,179.16,0.788,577.58,23,275,2
134.12,12.17,30.73,8.25,298.28,180.07,0.799,581.0,23,276,2
134.67,12.26,30.7,8.13,292.09,182.05,0.807,584.51,23,277,2
135.6,12.36,30.67,8.06,286.07,182.63,0.813,585.96,23,278,2
136.41,12.45,30.62,7.93,278.55,183.61,0.826,587.67,23,279,2
137.59,12.53,30.57,7.88,272.61,184.84,0.84,589.58,23,280,2
138.7,12.67,30.52,7.8,265.18,185.98,0.852,593.08,23,281,2
139.38,12.75,30.49,7.72,259.14,186.9,0.859,595.71,23,282,2
139.93,12.86,30.45,7.61,255.23,188.51,0.869,598.34,23,283,2
140.61,12.96,30.41,7.55,252.04,189.86,0.881,601.5,23,284,2
141.52,13.09,30.37,7.42,247.83,190.63,0.889,603.61,23,285,2
142.37,13.19,30.34,7.33,243.14,191.45,0.901,605.0,23,286,2
142.8,13.34,30.31,7.26,238.27,192.72,0.91,608.56,23,287,2
143.23,13.48,30.26,7.17,234.43,193.26,0.922,610.03,23,288,2
144.28,13.59,30.24,7.11,230.08,195.24,0.93,613.32,23,289,2
145.45,13.73,30.21,6.97,224.85,197.06,0.942,615.87,23,290,2
146.64,13.88,30.18,6.85,220.0,198.54,0.947,616.9,23,291,2
147.13,13.97,30.15,6.72,214.32,199.4,0.958,619.46,23,292,2
147.82,14.09,30.1,6.57,211.01,200.37,0.965,622.22,23,293,2
148.49,14.17,30.08,6.45,206.85,201.77,0.975,624.46,23,294,2
149.33,14.27,30.05,6.38,199.09,202.46,0.983,626.72,23,295,2
149.79,14.41,30.01,6.32,193.15,203.39,0.989,628.98,23,296,2
150.87,14.53,29.96,6.25,190.03,205.24,1.001,630.24,23,297,2
151.79,14.62,29.92,6.15,186.6,207.08,1.015,631.6,23,298,2
152.97,14.74,29.87,6.07,181.76,208.0,1.026,635.6,23,299,2
73.84,3.2,33.58,16.09,808.02,92.27,0.014,391.23,24,0,0
73.67,3.2,33.57,16.19,809.94,92.39,0.016,390.12,24,1,0
73.75,3.19,33.56,16.12,812.29,92.36,0.015,390.42,24,2,0
74.12,3.21,33.54,16.03,809.54,91.76,0.017,391.8,24,3,0
74.1,3.23,33.54,16.08,812.63,92.02,0.019,390.9,24,4,0
73.82,3.26,33.56,16.03,814.54,91.76,0.015,390.8,24,5,0
73.69,3.26,33.55,16.03,813.87,90.76,0.014,390.09,24,6,0
73.63,3.28,33.56,16.02,813.37,91.34,0.011,388.3,24,7,0
73.96,3.29,33.57,16.07,817.01,91.19,0.013,387.63,24,8,0
74.14,3.29,33.59,16.14,813.39,91.62,0.013,388.86,24,9,0
74.26,3.31,33.6,16.07,813.11,90.66,0.009,387.74,24,10,0
74.36,3.3,33.61,16.15,816.05,90.99,0.006,389.61,24,11,0
74.56,3.27,33.61,16.09,812.1,90.93,0.01,389.18,24,12,0
74.39,3.29,33.62,16.13,808.61,90.88,0.01,388.65,24,13,0
74.27,3.26,33.62,16.1,806.65,91.4,0.011,389.1,24,14,0
74.62,3.28,33.62,16.05,805.24,91.86,0.007,387.67,24,15,0
74.62,3.26,33.64,15.96,803.24,91.31,0.01,385.75,24,16,0
74.24,3.25,33.66,15.94,802.79,92.08,0.015,384.83,24,17,0
74.6,3.24,33.66,15.9,806.08,91.1,0.019,385.68,24,18,0
74.88,3.24,33.65,15.99,809.74,90.72,0.022,386.96,24,19,0
74.88,3.25,33.63,15.93,810.57,90.86,0.02,387.99,24,20,0
74.97,3.25,33.65,16.02,808.97,91.26,0.022,386.54,24,21,0
74.63,3.26,33.66,15.99,807.97,90.58,0.023,385.8,24,22,0
74.95,3.27,33.66,15.99,805.36,91.3,0.022,384.71,24,23,0
74.61,3.27,33.65,15.98,804.35,91.22,0.025,383.89,24,24,0
74.78,3.29,33.67,15.9,802.97,91.59,0.026,385.62,24,25,0
75.02,3.29,33.65,15.95,799.84,91.11,0.029,384.64,24,26,0
74.76,3.32,33.66,15.93,801.17,90.52,0.034,384.66,24,27,0
75.15,3.3,33.64,15.97,804.37,91.48,0.032,385.6,24,28,0
75.47,3.31,33.63,16.04,804.11,91.03,0.028,385.3,24,29,0
75.63,3.31,33.61,16.02,802.97,91.25,0.026,383.31,24,30,0
75.29,3.32,33.62,15.97,802.14,91.73,0.029,381.32,24,31,0
75.35,3.35,33.64,15.89,801.1,91.87,0.029,383.07,24,32,0
74.99,3.37,33.64,15.87,798.15,92.01,0.032,381.63,24,33,0
74.77,3.35,33.63,15.78,800.92,92.15,0.036,379.78,24,34,0
74.95,3.35,33.63,15.87,804.25,92.18,0.037,379.64,24,35,0
75.05,3.36,33.64,15.79,803.81,92.72,0.038,380.9,24,36,0
74.98,3.34,33.64,15.78,803.78,91.85,0.042,382.59,24,37,0
74.98,3.31,33.63,15.73,804.63,90.99,0.038,384.38,24,38,0
74.89,3.3,33.65,15.71,804.86,90.04,0.041,386.37,24,39,0
75.04,3.28,33.65,15.64,808.83,89.86,0.039,388.05,24,40,0
74.97,3.27,33.64,15.56,808.08,90.66,0.041,389.16,24,41,0
75.24,3.26,33.64,15.63,806.7,91.26,0.038,389.43,24,42,0
75.24,3.28,33.63,15.71,805.73,90.73,0.034,387.85,24,43,0
75.55,3.3,33.62,15.76,803.36,90.99,0.032,386.17,24,44,0
75.89,3.3,33.62,15.7,804.26,90.13,0.032,386.37,24,45,0
75.63,3.27,33.61,15.77,802.28,91.1,0.035,385.55,24,46,0
75.63,3.29,33.6,15.71,802.47,90.78,0.03,386.11,24,47,0
75.91,3.32,33.62,15.8,801.2,91.59,0.028,387.24,24,48,0
75.89,3.35,33.62,15.71,801.14,91.05,0.024,388.01,24,49,0
76.2,3.37,33.61,15.69,802.28,90.13,0.024,388.69,24,50,0
76.37,3.35,33.61,15.66,805.12,91.11,0.022,387.51,24,51,0
76.75,3.33,33.6,15.72,807.8,91.04,0.017,388.62,24,52,0
76.98,3.33,33.6,15.81,805.61,90.83,0.014,389.73,24,53,0
76.94,3.33,33.6,15.83,807.64,90.22,0.014,391.73,24,54,0
76.91,3.32,33.6,15.75,809.85,90.95,0.009,391.97,24,55,0
77.01,3.31,33.6,15.82,806.92,91.23,0.014,390.98,24,56,0
76.87,3.31,33.62,15.73,806.54,90.85,0.018,389.35,24,57,0
76.61,3.34,33.61,15.66,802.66,91.23,0.023,390.28,24,58,0
76.22,3.31,33.6,15.73,805.7,90.75,0.02,392.16,24,59,0
76.2,3.29,33.61,15.68,802.9,91.05,0.017,391.6,24,60,0
76.41,3.29,33.59,15.59,804.48,90.35,0.018,391.73,24,61,0
76.37,3.29,33.57,15.51,804.42,90.08,0.014,392.93,24,62,0
76.11,3.3,33.58,15.6,808.35,90.81,0.013,393.92,24,63,0
75.82,3.32,33.58,15.64,804.74,90.09,0.015,392.9,24,64,0
76.17,3.3,33.57,15.71,805.99,89.76,0.016,394.38,24,65,0
76.19,3.33,33.58,15.72,806.07,90.25,0.019,394.48,24,66,0
76.32,3.32,33.58,15.8,805.27,90.8,0.015,393.93,24,67,0
76.11,3.33,33.57,15.78,804.74,90.17,0.012,395.63,24,68,0
76.08,3.32,33.57,15.79,804.24,89.51,0.014,396.75,24,69,0
76.14,3.32,33.56,15.7,802.79,89.51,0.017,396.5,24,70,0
76.03,3.34,33.54,15.62,805.47,88.77,0.013,396.98,24,71,0
76.02,3.32,33.56,15.55,809.34,88.5,0.015,395.29,24,72,0
76.2,3.3,33.55,15.63,809.93,88.4,0.011,396.66,24,73,0
76.48,3.27,33.56,15.69,807.6,88.51,0.009,394.83,24,74,0
76.68,3.26,33.57,15.66,810.02,89.18,0.009,393.57,24,75,0
76.48,3.23,33.56,15.6,811.54,89.63,0.006,392.59,24,76,0
76.78,3.24,33.56,15.62,810.16,89.95,0.01,391.34,24,77,0
76.67,3.24,33.55,15.66,811.81,90.11,0.006,393.22,24,78,0
76.9,3.23,33.54,15.57,809.04,90.34,0.005,392.43,24,79,0
77.01,3.21,33.56,15.52,806.46,90.65,0.002,392.92,24,80,0
77.04,3.22,33.57,15.43,804.16,90.55,0.004,391.25,24,81,0
76.89,3.25,33.55,15.34,803.25,91.43,0.009,392.31,24,82,0
76.63,3.22,33.57,15.43,802.51,90.56,0.005,392.86,24,83,0
76.97,3.25,33.59,15.44,800.85,91.31,0.003,394.55,24,84,0
77.24,3.23,33.59,15.42,799.28,91.64,0.002,392.57,24,85,0
77.58,3.21,33.59,15.38,796.0,90.87,0.005,393.4,24,86,0
77.31,3.19,33.58,15.32,797.86,90.31,0.002,392.48,24,87,0
77.03,3.17,33.59,15.23,799.49,90.16,0.003,392.36,24,88,0
77.1,3.15,33.59,15.32,801.0,89.18,0.006,393.38,24,89,0
76.97,3.16,33.59,15.42,803.42,89.23,0.005,392.61,24,90,0
76.6,3.16,33.59,15.43,802.47,90.21,0.007,392.65,24,91,0
76.77,3.14,33.6,15.34,800.56,89.66,0.005,391.71,24,92,0
76.39,3.16,33.61,15.26,802.53,89.7,0.006,391.36,24,93,0
76.42,3.13,33.61,15.18,800.28,89.68,0.007,392.15,24,94,0
76.78,3.1,33.63,15.27,803.94,90.64,0.003,391.1,24,95,0
76.81,3.09,33.61,15.29,803.92,90.51,0.001,390.48,24,96,0
77.02,3.06,33.6,15.27,801.81,90.38,0.003,389.88,24,97,0
77.12,3.07,33.6,15.29,798.75,90.36,0.007,389.24,24,98,0
77.46,3.09,33.62,15.29,795.13,91.21,0.007,390.56,24,99,0
77.58,3.09,33.6,15.26,792.79,91.16,0.012,390.84,24,100,0
77.5,3.11,33.59,15.34,791.35,91.6,0.012,390.28,24,101,0
77.49,3.14,33.59,15.34,788.2,92.47,0.012,390.21,24,102,0
77.26,3.14,33.58,15.3,792.11,91.88,0.013,389.97,24,103,0
77.08,3.11,33.58,15.34,788.13,91.37,0.009,388.49,24,104,0
77.42,3.11,33.59,15.35,787.39,91.36,0.012,388.45,24,105,0
77.56,3.08,33.61,15.3,786.77,91.91,0.011,389.35,24,106,0
77.54,3.07,33.6,15.27,789.66,92.54,0.014,387.92,24,107,0
77.23,3.08,33.58,15.32,791.36,92.2,0.016,386.34,24,108,0
77.12,3.1,33.58,15.25,793.33,92.63,0.019,385.16,24,109,0
77.49,3.12,33.59,15.28,791.89,92.0,0.018,385.73,24,110,0
77.77,3.1,33.58,15.2,792.91,91.31,0.018,386.0,24,111,0
78.0,3.1,33.58,15.1,789.61,91.63,0.014,387.5,24,112,0
77.83,3.08,33.56,15.16,787.82,91.22,0.01,386.78,24,113,0
77.65,3.07,33.56,15.17,790.66,90.71,0.013,385.7,24,114,0
77.99,3.07,33.56,15.11,789.99,90.21,0.017,384.47,24,115,0
78.25,3.05,33.57,15.11,792.24,90.81,0.021,382.95,24,116,0
78.2,3.08,33.58,15.19,791.4,89.88,0.022,383.21,24,117,0
78.57,3.06,33.58,15.26,787.54,88.91,0.027,382.0,24,118,0
78.71,3.07,33.58,15.34,788.04,89.62,0.03,382.2,24,119,0
78.61,3.04,33.57,15.43,791.47,90.22,0.032,383.35,24,120,0
78.63,3.03,33.59,15.43,787.61,90.26,0.033,384.02,24,121,0
78.74,3.04,33.59,15.47,788.57,89.63,0.028,383.7,24,122,0
78.53,3.03,33.59,15.56,790.94,90.27,0.032,385.26,24,123,0
78.63,3.05,33.57,15.54,791.53,90.6,0.033,384.41,24,124,0
78.62,3.05,33.55,15.44,792.53,89.9,0.029,384.38,24,125,0
78.52,3.02,33.54,15.43,788.8,90.39,0.033,384.56,24,126,0
78.56,3.0,33.53,15.51,787.05,90.68,0.036,383.75,24,127,0
78.93,2.99,33.55,15.52,783.81,90.62,0.035,384.42,24,128,0
79.22,3.0,33.56,15.44,780.44,89.83,0.033,385.2,24,129,0
79.36,3.02,33.56,15.49,784.07,90.67,0.037,386.09,24,130,0
79.01,3.03,33.54,15.53,782.03,90.21,0.038,384.32,24,131,0
79.24,3.06,33.54,15.58,779.42,89.26,0.034,383.68,24,132,0
79.54,3.06,33.56,15.68,778.43,88.57,0.035,382.02,24,133,0
79.94,3.04,33.54,15.68,774.54,88.77,0.033,382.4,24,134,0
80.26,3.05,33.55,15.74,770.98,89.55,0.035,384.18,24,135,0
80.37,3.04,33.56,15.83,772.33,89.17,0.04,382.49,24,136,0
80.35,3.04,33.56,15.91,770.13,88.99,0.038,381.76,24,137,0
80.5,3.06,33.56,15.96,766.75,88.68,0.034,380.93,24,138,0
80.36,3.08,33.56,15.95,763.58,88.88,0.038,380.46,24,139,0
80.2,3.05,33.56,16.04,761.72,88.11,0.037,381.02,24,140,0
79.98,3.03,33.55,16.05,758.84,87.87,0.033,381.81,24,141,0
79.85,3.05,33.56,16.05,760.94,87.42,0.036,382.63,24,142,0
79.53,3.07,33.55,16.0,764.23,86.47,0.036,381.48,24,143,0
79.72,3.06,33.57,16.1,763.56,86.03,0.032,382.11,24,144,0
80.01,3.08,33.55,16.16,763.09,86.12,0.036,383.37,24,145,0
80.19,3.11,33.57,16.19,765.87,86.29,0.038,384.65,24,146,0
80.5,3.1,33.56,16.1,765.12,86.28,0.041,385.45,24,147,0
80.6,3.11,33.55,16.1,766.05,85.8,0.044,386.36,24,148,0
80.5,3.13,33.56,16.08,763.87,86.53,0.041,387.95,24,149,0
80.76,3.14,33.58,16.03,767.37,86.33,0.045,387.66,24,150,0
80.76,3.11,33.56,16.12,764.62,86.56,0.046,387.0,24,151,0
80.47,3.13,33.56,16.03,765.97,87.04,0.046,385.87,24,152,0
80.67,3.12,33.54,16.0,768.76,87.67,0.049,384.84,24,153,0
80.79,3.09,33.56,16.02,769.56,88.37,0.052,384.68,24,154,0
81.02,3.09,33.54,16.06,767.88,88.15,0.055,386.28,24,155,0
81.14,3.09,33.53,15.97,771.53,88.64,0.059,384.78,24,156,0
80.83,3.08,33.53,16.01,772.64,89.07,0.063,384.39,24,157,0
80.82,3.11,33.51,16.08,770.48,88.49,0.061,384.06,24,158,0
80.83,3.09,33.52,16.03,773.31,87.96,0.065,383.87,24,159,0
80.91,3.1,33.52,16.07,770.09,87.53,0.065,383.83,24,160,0
80.54,3.07,33.54,16.1,768.12,87.85,0.06,382.77,24,161,0
80.54,3.06,33.53,16.17,771.81,87.86,0.058,382.22,24,162,0
80.26,3.03,33.54,16.08,773.07,87.34,0.061,381.1,24,163,0
80.05,3.06,33.56,16.09,773.09,88.28,0.06,380.05,24,164,0
80.35,3.07,33.54,16.14,774.81,88.73,0.055,378.98,24,165,0
80.18,3.05,33.56,16.13,775.45,89.6,0.051,380.83,24,166,0
79.87,3.07,33.57,16.21,779.16,89.46,0.048,380.37,24,167,0
79.86,3.05,33.57,16.24,780.42,90.07,0.047,379.98,24,168,0
79.64,3.04,33.56,16.2,777.61,90.45,0.051,381.25,24,169,0
79.33,3.04,33.57,16.21,779.84,90.37,0.051,380.21,24,170,0
79.57,3.02,33.58,16.19,781.62,89.79,0.054,379.71,24,171,0
79.55,3.04,33.59,16.2,784.19,90.08,0.05,381.49,24,172,0
79.75,3.03,33.59,16.18,781.86,89.33,0.049,382.51,24,173,0
79.86,3.02,33.61,16.21,779.93,88.85,0.049,382.86,24,174,0
79.97,3.04,33.59,16.14,782.61,88.23,0.051,383.3,24,175,0
80.29,3.02,33.58,16.19,785.78,88.46,0.056,383.76,24,176,0
80.07,3.03,33.59,16.17,787.47,88.67,0.057,385.63,24,177,0
80.37,3.05,33.6,16.18,790.25,87.93,0.054,385.69,24,178,0
80.7,3.06,33.6,16.23,790.47,86.98,0.052,387.48,24,179,0
81.38,3.09,33.57,16.19,787.21,87.43,0.058,389.47,24,180,1
81.76,3.14,33.55,16.15,781.98,87.45,0.066,391.32,24,181,1
82.06,3.21,33.54,16.11,776.24,87.45,0.073,392.01,24,182,1
82.68,3.26,33.53,16.04,770.75,87.52,0.079,392.14,24,183,1
83.02,3.3,33.5,15.96,766.72,87.79,0.085,392.16,24,184,1
83.6,3.37,33.49,15.91,762.97,88.57,0.088,393.17,24,185,1
84.27,3.41,33.46,15.84,760.06,88.82,0.091,394.24,24,186,1
84.58,3.47,33.44,15.81,757.3,89.39,0.093,394.31,24,187,1
85.07,3.54,33.43,15.79,754.43,89.49,0.101,395.23,24,188,1
85.6,3.62,33.4,15.74,748.51,89.88,0.105,397.0,24,189,1
86.34,3.66,33.4,15.7,745.28,89.93,0.111,398.15,24,190,1
86.83,3.73,33.39,15.67,739.49,90.84,0.115,398.58,24,191,1
87.11,3.79,33.37,15.64,736.91,91.51,0.117,399.48,24,192,1
87.59,3.83,33.36,15.58,730.93,91.84,0.119,401.34,24,193,1
88.24,3.88,33.34,15.5,726.66,92.37,0.125,402.99,24,194,1
88.7,3.95,33.31,15.46,724.1,92.62,0.133,404.07,24,195,1
88.93,3.99,33.28,15.41,721.52,93.22,0.141,404.97,24,196,1
89.38,4.07,33.26,15.37,716.26,93.43,0.145,405.23,24,197,1
90.1,4.1,33.26,15.35,710.44,93.51,0.151,406.81,24,198,1
90.76,4.15,33.24,15.31,704.89,94.16,0.157,407.05,24,199,1
91.38,4.23,33.23,15.26,702.57,94.23,0.163,407.76,24,200,1
91.59,4.29,33.22,15.21,698.87,94.64,0.168,409.39,24,201,1
92.15,4.35,33.2,15.14,696.41,94.89,0.173,409.52,24,202,1
92.87,4.43,33.17,15.1,690.95,95.89,0.179,410.93,24,203,1
93.53,4.46,33.17,15.03,687.14,96.72,0.183,411.57,24,204,1
93.76,4.51,33.15,14.96,681.34,97.12,0.189,412.42,24,205,1
94.22,4.58,33.14,14.94,675.44,97.96,0.193,413.0,24,206,1
94.53,4.65,33.14,14.87,671.95,98.57,0.197,413.4,24,207,1
94.73,4.69,33.13,14.85,667.47,98.95,0.203,414.27,24,208,1
95.16,4.73,33.11,14.79,664.47,99.39,0.207,415.61,24,209,1
95.82,4.78,33.1,14.73,659.78,99.96,0.211,417.31,24,210,1
96.22,4.86,33.09,14.65,655.19,100.39,0.214,417.88,24,211,1
96.97,4.93,33.07,14.6,650.89,100.97,0.216,419.51,24,212,1
97.52,4.98,33.05,14.56,646.21,101.64,0.223,421.17,24,213,1
98.0,5.04,33.04,14.49,643.31,102.06,0.227,422.01,24,214,1
98.64,5.11,33.02,14.47,640.99,102.26,0.232,422.27,24,215,1
98.94,5.18,33.0,14.43,636.52,102.52,0.238,424.23,24,216,1
99.22,5.25,32.98,14.4,630.88,102.8,0.245,426.18,24,217,1
99.74,5.3,32.96,14.37,625.53,103.53,0.249,426.29,24,218,1
100.53,5.35,32.94,14.33,621.85,103.87,0.256,426.65,24,219,1
101.13,5.49,32.89,14.19,617.15,105.29,0.267,428.14,24,220,2
102.18,5.6,32.87,14.09,612.88,106.89,0.277,430.55,24,221,2
103.31,5.74,32.84,14.04,607.89,107.74,0.291,432.4,24,222,2
104.49,5.85,32.81,13.9,601.76,109.18,0.297,433.41,24,223,2
105.3,5.94,32.78,13.76,594.07,110.97,0.311,434.46,24,224,2
105.84,6.07,32.75,13.7,587.73,112.73,0.319,436.02,24,225,2
106.88,6.19,32.73,13.58,580.39,113.87,0.33,439.92,24,226,2
107.45,6.31,32.7,13.48,576.73,115.73,0.342,441.69,24,227,2
108.62,6.42,32.67,13.39,570.4,117.01,0.348,443.73,24,228,2
109.03,6.54,32.62,13.28,566.94,117.65,0.361,447.3,24,229,2
109.97,6.64,32.58,13.17,563.82,118.58,0.369,449.52,24,230,2
110.38,6.75,32.54,13.03,559.08,120.52,0.378,451.92,24,231,2
110.96,6.86,32.49,12.98,554.25,122.24,0.384,453.44,24,232,2
111.68,7.01,32.44,12.85,548.0,123.19,0.395,455.35,24,233,2
112.35,7.15,32.41,12.8,544.17,125.16,0.405,458.58,24,234,2
112.87,7.25,32.37,12.66,540.82,126.39,0.417,460.51,24,235,2
113.64,7.34,32.32,12.54,535.53,127.91,0.427,464.14,24,236,2
114.58,7.47,32.26,12.45,532.16,128.51,0.441,466.82,24,237,2
115.23,7.55,32.22,12.34,526.67,130.43,0.448,469.81,24,238,2
115.75,7.68,32.19,12.28,522.76,131.45,0.461,473.54,24,239,2
116.49,7.8,32.15,12.19,516.93,132.85,0.469,477.11,24,240,2
117.15,7.95,32.09,12.1,511.66,134.29,0.478,479.03,24,241,2
117.76,8.08,32.05,12.01,505.48,135.26,0.49,481.0,24,242,2
118.26,8.19,32.01,11.91,500.12,136.92,0.499,482.5,24,243,2
119.34,8.28,31.97,11.85,496.27,137.56,0.505,483.87,24,244,2
120.18,8.42,31.94,11.72,493.22,139.17,0.516,487.79,24,245,2
121.38,8.55,31.9,11.66,486.78,140.31,0.522,489.63,24,246,2
122.28,8.63,31.88,11.57,480.24,142.23,0.528,493.59,24,247,2
123.26,8.73,31.83,11.49,475.24,143.5,0.534,495.04,24,248,2
124.43,8.88,31.79,11.39,470.56,145.26,0.543,497.62,24,249,2
124.83,8.99,31.75,11.28,465.56,146.72,0.549,500.16,24,250,2
125.24,9.09,31.71,11.15,460.39,147.81,0.559,501.87,24,251,2
126.31,9.2,31.67,11.05,454.77,148.83,0.571,505.86,24,252,2
127.09,9.33,31.65,10.96,450.69,149.65,0.579,508.58,24,253,2
127.9,9.46,31.6,10.9,442.88,151.52,0.588,509.85,24,254,2
128.58,9.54,31.54,10.82,436.99,153.09,0.6,511.19,24,255,2
129.58,9.65,31.48,10.71,431.97,154.66,0.609,513.8,24,256,2
130.63,9.79,31.44,10.61,428.13,155.56,0.623,516.74,24,257,2
131.73,9.87,31.4,10.49,423.21,157.49,0.634,520.08,24,258,2
132.21,9.99,31.35,10.42,417.76,159.27,0.64,521.59,24,259,2
133.32,10.12,31.32,10.34,412.12,160.32,0.649,525.41,24,260,2
134.13,10.25,31.28,10.24,405.53,161.49,0.655,529.29,24,261,2
135.08,10.35,31.24,10.15,401.87,163.36,0.663,533.03,24,262,2
136.13,10.46,31.18,10.07,394.22,163.91,0.675,534.82,24,263,2
137.04,10.57,31.15,9.99,389.06,165.61,0.684,536.32,24,264,2
138.04,10.66,31.13,9.9,385.84,167.23,0.697,540.31,24,265,2
138.78,10.8,31.09,9.8,378.26,168.47,0.709,542.81,24,266,2
139.57,10.9,31.03,9.71,373.2,169.49,0.72,544.45,24,267,2
140.1,11.0,30.98,9.66,366.03,171.2,0.734,546.43,24,268,2
140.58,11.13,30.94,9.55,358.22,172.36,0.747,547.44,24,269,2
141.09,11.27,30.91,9.46,353.9,173.66,0.757,551.07,24,270,2
142.12,11.37,30.88,9.39,349.19,175.3,0.768,553.61,24,271,2
142.69,11.49,30.86,9.3,344.12,176.01,0.781,557.19,24,272,2
143.43,11.57,30.81,9.2,337.38,176.7,0.794,558.87,24,273,2
144.25,11.67,30.79,9.14,333.7,178.27,0.8,561.94,24,274,2
144.84,11.81,30.73,9.08,325.74,178.88,0.814,563.92,24,275,2
145.73,11.94,30.69,8.98,319.15,179.42,0.821,565.78,24,276,2
146.24,12.03,30.64,8.88,312.31,181.12,0.834,568.21,24,277,2
147.4,12.18,30.62,8.77,306.09,182.52,0.844,571.47,24,278,2
148.55,12.28,30.56,8.69,299.62,183.25,0.853,573.09,24,279,2
149.7,12.36,30.51,8.61,296.01,184.81,0.858,574.65,24,280,2
150.76,12.5,30.47,8.55,290.13,186.11,0.873,577.94,24,281,2
151.2,12.61,30.44,8.43,284.33,186.64,0.879,581.7,24,282,2
151.98,12.72,30.42,8.32,279.85,187.83,0.888,582.86,24,283,2
152.84,12.84,30.4,8.26,275.75,188.91,0.899,586.19,24,284,2
153.73,12.94,30.37,8.2,270.05,190.89,0.906,589.29,24,285,2
154.75,13.05,30.35,8.13,265.89,192.38,0.917,592.34,24,286,2
155.53,13.14,30.31,8.03,262.37,193.82,0.926,593.41,24,287,2
156.68,13.27,30.27,7.94,258.99,195.49,0.933,595.65,24,288,2
157.85,13.35,30.21,7.85,253.98,196.62,0.941,598.6,24,289,2
158.44,13.49,30.19,7.79,247.52,197.84,0.955,602.05,24,290,2
159.19,13.59,30.14,7.65,239.83,199.57,0.966,604.5,24,291,2
159.61,13.74,30.08,7.55,234.6,200.18,0.981,606.52,24,292,2
160.54,13.87,30.03,7.44,228.99,201.65,0.99,609.12,24,293,2
161.63,14.0,30.01,7.33,223.65,202.66,0.995,610.75,24,294,2
162.54,14.1,29.99,7.19,216.28,203.34,1.01,612.04,24,295,2
163.2,14.2,29.96,7.12,211.33,205.01,1.019,615.19,24,296,2
163.79,14.31,29.92,7.06,207.4,205.74,1.027,617.57,24,297,2
164.57,14.42,29.87,6.95,201.36,206.8,1.041,619.96,24,298,2
165.59,14.54,29.82,6.84,195.23,208.2,1.051,623.93,24,299,2
74.12,3.2,33.58,16.0,808.13,92.38,0.012,390.22,25,0,0
74.3,3.2,33.59,15.92,807.0,91.85,0.015,391.57,25,1,0
74.01,3.22,33.6,15.84,809.69,92.78,0.011,390.94,25,2,0
73.86,3.25,33.62,15.87,812.52,92.52,0.011,389.18,25,3,0
73.92,3.25,33.61,15.82,815.31,92.01,0.009,390.72,25,4,0
74.16,3.24,33.61,15.89,811.45,92.37,0.004,389.93,25,5,0
73.78,3.24,33.59,15.96,811.54,92.84,0.005,390.05,25,6,0
73.74,3.21,33.6,15.88,809.9,92.65,0.006,389.06,25,7,0
73.8,3.19,33.61,15.79,806.87,93.14,0.01,387.59,25,8,0
73.7,3.19,33.63,15.71,810.19,93.24,0.005,388.03,25,9,0
73.88,3.22,33.62,15.78,813.61,93.81,0.01,386.16,25,10,0
73.51,3.19,33.6,15.68,812.27,94.3,0.014,384.27,25,11,0
73.76,3.19,33.6,15.69,813.72,93.73,0.011,383.31,25,12,0
73.89,3.2,33.61,15.62,812.28,94.19,0.007,382.38,25,13,0
73.49,3.17,33.62,15.53,811.23,95.06,0.011,382.84,25,14,0
73.36,3.19,33.64,15.6,815.22,94.37,0.008,381.41,25,15,0
73.21,3.16,33.64,15.62,817.11,94.7,0.006,381.57,25,16,0
73.48,3.14,33.63,15.57,815.81,94.55,0.006,379.86,25,17,0
73.46,3.11,33.64,15.61,814.94,93.81,0.009,381.51,25,18,0
73.51,3.13,33.66,15.6,816.59,94.67,0.008,381.58,25,19,0
73.58,3.1,33.67,15.56,813.84,93.99,0.01,380.27,25,20,0
73.89,3.09,33.67,15.64,810.81,93.77,0.014,380.55,25,21,0
74.27,3.11,33.66,15.73,810.81,93.67,0.015,381.75,25,22,0
74.41,3.1,33.67,15.63,812.08,93.58,0.019,381.83,25,23,0
74.2,3.12,33.68,15.65,814.4,92.8,0.02,380.99,25,24,0
74.27,3.14,33.69,15.68,812.32,92.43,0.022,380.26,25,25,0
73.96,3.12,33.7,15.72,815.82,92.67,0.022,379.9,25,26,0
73.81,3.15,33.71,15.64,816.36,93.08,0.023,379.4,25,27,0
74.2,3.16,33.73,15.73,814.26,93.1,0.026,378.46,25,28,0
74.05,3.17,33.71,15.72,815.49,93.24,0.023,377.66,25,29,0
73.77,3.18,33.7,15.69,812.0,92.88,0.024,377.48,25,30,0
73.54,3.2,33.69,15.59,811.78,92.71,0.023,376.09,25,31,0
73.35,3.23,33.68,15.62,814.27,93.06,0.024,374.73,25,32,0
73.25,3.25,33.69,15.72,813.68,92.71,0.021,374.41,25,33,0
73.24,3.25,33.67,15.67,812.52,91.88,0.022,374.44,25,34,0
73.09,3.27,33.66,15.67,815.67,92.69,0.025,373.14,25,35,0
73.44,3.29,33.64,15.64,817.19,92.32,0.026,371.62,25,36,0
73.38,3.29,33.65,15.57,818.82,92.51,0.026,370.67,25,37,0
73.05,3.29,33.64,15.56,821.47,92.49,0.022,369.29,25,38,0
72.74,3.29,33.66,15.49,822.06,91.98,0.025,370.24,25,39,0
72.97,3.31,33.64,15.51,824.76,91.62,0.023,370.04,25,40,0
72.62,3.29,33.64,15.58,822.01,91.78,0.018,371.84,25,41,0
72.93,3.3,33.62,15.58,820.68,90.85,0.017,373.77,25,42,0
73.14,3.3,33.6,15.62,819.95,90.46,0.014,373.23,25,43,0
72.95,3.32,33.62,15.72,819.33,90.1,0.011,374.81,25,44,0
73.04,3.31,33.62,15.62,817.9,90.97,0.011,375.7,25,45,0
73.3,3.34,33.64,15.56,814.75,91.8,0.01,377.18,25,46,0
73.18,3.37,33.62,15.47,814.37,91.58,0.01,375.69,25,47,0
73.23,3.36,33.64,15.55,816.28,91.25,0.007,374.94,25,48,0
73.62,3.37,33.65,15.54,816.4,91.33,0.008,375.26,25,49,0
73.82,3.39,33.66,15.59,813.91,90.47,0.006,374.29,25,50,0
73.45,3.41,33.66,15.54,813.15,90.07,0.01,373.05,25,51,0
73.07,3.42,33.66,15.61,809.87,90.27,0.012,371.26,25,52,0
72.89,3.45,33.66,15.68,812.29,90.52,0.016,372.92,25,53,0
73.1,3.43,33.65,15.77,810.55,91.46,0.014,373.89,25,54,0
73.46,3.45,33.63,15.85,810.57,90.72,0.017,375.02,25,55,0
73.2,3.43,33.62,15.83,810.38,90.49,0.021,376.22,25,56,0
73.57,3.4,33.61,15.82,813.67,90.86,0.016,376.74,25,57,0
73.57,3.39,33.62,15.76,814.12,89.95,0.017,378.29,25,58,0
73.49,3.39,33.63,15.8,816.94,89.78,0.012,379.38,25,59,0
73.87,3.38,33.64,15.82,819.38,89.55,0.014,377.75,25,60,0
73.92,3.39,33.64,15.75,815.66,89.18,0.016,376.88,25,61,0
73.66,3.4,33.63,15.71,817.22,88.57,0.02,377.15,25,62,0
73.95,3.41,33.62,15.61,820.41,88.36,0.017,378.44,25,63,0
74.21,3.42,33.64,15.58,817.49,88.11,0.017,380.35,25,64,0
74.02,3.45,33.64,15.61,817.9,87.99,0.02,381.67,25,65,0
74.31,3.47,33.62,15.58,820.12,88.61,0.023,380.98,25,66,0
74.34,3.5,33.63,15.58,823.85,88.14,0.02,379.97,25,67,0
74.3,3.49,33.62,15.56,821.03,88.45,0.021,381.8,25,68,0
74.67,3.5,33.63,15.55,822.26,89.14,0.023,383.17,25,69,0
74.57,3.49,33.63,15.59,818.83,88.7,0.025,382.74,25,70,0
74.82,3.5,33.61,15.52,821.4,88.04,0.025,381.71,25,71,0
75.02,3.48,33.62,15.46,821.95,88.88,0.02,379.92,25,72,0
75.12,3.48,33.6,15.48,824.13,88.35,0.022,380.05,25,73,0
75.1,3.49,33.6,15.49,825.69,87.57,0.019,378.51,25,74,0
74.78,3.47,33.58,15.55,827.96,86.58,0.022,378.1,25,75,0
74.64,3.48,33.59,15.5,829.58,87.49,0.025,379.98,25,76,0
74.3,3.5,33.58,15.42,827.71,88.34,0.021,380.81,25,77,0
74.38,3.52,33.58,15.4,828.01,88.33,0.02,380.83,25,78,0
74.63,3.54,33.56,15.43,827.7,88.55,0.024,379.0,25,79,0
74.3,3.52,33.58,15.37,830.23,89.34,0.022,377.98,25,80,0
74.53,3.54,33.58,15.41,828.67,88.53,0.02,376.23,25,81,0
74.82,3.54,33.59,15.38,825.05,88.32,0.02,377.15,25,82,0
74.47,3.53,33.6,15.42,825.59,88.92,0.021,376.13,25,83,0
74.77,3.5,33.59,15.37,824.92,88.33,0.02,374.23,25,84,0
74.63,3.52,33.58,15.45,824.64,87.58,0.021,373.79,25,85,0
74.87,3.53,33.59,15.52,824.78,86.88,0.021,372.8,25,86,0
74.65,3.54,33.58,15.55,822.47,86.34,0.022,374.77,25,87,0
74.84,3.51,33.59,15.62,823.24,85.9,0.025,374.67,25,88,0
74.63,3.53,33.6,15.71,824.24,85.31,0.025,373.62,25,89,0
74.89,3.54,33.61,15.65,820.8,85.65,0.025,374.12,25,90,0
74.98,3.55,33.61,15.61,823.66,85.34,0.022,374.43,25,91,0
75.13,3.58,33.63,15.67,820.59,85.42,0.026,375.31,25,92,0
74.81,3.59,33.63,15.63,820.55,85.57,0.025,374.27,25,93,0
74.99,3.62,33.65,15.68,821.91,86.5,0.025,372.39,25,94,0
74.87,3.63,33.64,15.63,819.46,87.29,0.024,372.17,25,95,0
74.47,3.65,33.64,15.7,816.24,86.91,0.023,370.59,25,96,0
74.45,3.66,33.63,15.79,816.83,87.58,0.023,369.89,25,97,0
74.39,3.64,33.63,15.76,818.5,87.98,0.027,371.28,25,98,0
74.78,3.65,33.64,15.79,816.09,87.47,0.03,370.62,25,99,0
74.43,3.62,33.64,15.83,818.53,87.13,0.026,372.21,25,100,0
74.15,3.6,33.64,15.9,816.37,86.25,0.028,372.86,25,101,0
74.29,3.58,33.65,15.83,819.93,85.51,0.025,372.9,25,102,0
74.62,3.58,33.67,15.73,816.23,86.32,0.024,373.18,25,103,0
74.54,3.56,33.65,15.74,812.52,85.84,0.02,373.86,25,104,0
74.25,3.59,33.63,15.77,810.96,85.75,0.019,372.18,25,105,0
74.38,3.62,33.63,15.71,813.86,84.93,0.015,370.9,25,106,0
74.16,3.61,33.63,15.7,809.99,85.06,0.02,369.61,25,107,0
73.97,3.59,33.62,15.74,811.87,85.17,0.024,368.16,25,108,0
73.75,3.58,33.61,15.76,810.85,84.8,0.024,369.32,25,109,0
73.46,3.55,33.61,15.81,810.36,85.46,0.021,367.66,25,110,0
73.18,3.57,33.59,15.72,806.91,84.85,0.02,366.88,25,111,0
73.56,3.59,33.61,15.81,810.21,85.27,0.02,367.87,25,112,0
73.42,3.61,33.62,15.89,807.26,85.0,0.02,368.38,25,113,0
73.45,3.6,33.61,15.9,810.61,85.07,0.024,370.33,25,114,0
73.14,3.61,33.61,15.92,811.38,84.73,0.028,372.2,25,115,0
73.06,3.62,33.61,15.95,814.59,83.75,0.024,370.56,25,116,0
72.96,3.63,33.62,15.97,816.58,83.11,0.026,369.38,25,117,0
72.98,3.61,33.62,15.94,815.67,83.81,0.024,368.74,25,118,0
73.28,3.62,33.63,15.93,816.32,82.94,0.029,369.97,25,119,0
73.59,3.61,33.63,16.0,818.07,82.01,0.031,370.64,25,120,0
73.36,3.63,33.63,15.96,819.82,81.93,0.032,370.36,25,121,0
73.33,3.64,33.64,15.95,823.76,82.86,0.03,371.99,25,122,0
73.38,3.62,33.64,16.03,821.52,82.26,0.03,372.61,25,123,0
73.69,3.62,33.65,16.13,823.06,83.1,0.033,373.97,25,124,0
73.45,3.62,33.66,16.07,826.46,82.5,0.038,375.53,25,125,0
73.78,3.63,33.67,16.15,827.93,82.3,0.04,374.33,25,126,0
73.64,3.64,33.66,16.14,827.16,83.03,0.041,373.25,25,127,0
73.7,3.61,33.68,16.23,825.21,83.82,0.043,375.25,25,128,0
73.65,3.63,33.69,16.14,829.14,83.07,0.045,374.45,25,129,0
73.61,3.63,33.7,16.16,825.47,83.44,0.05,376.18,25,130,0
73.88,3.63,33.71,16.19,828.52,83.88,0.046,377.66,25,131,0
73.71,3.65,33.71,16.13,826.94,83.58,0.051,376.1,25,132,0
73.67,3.63,33.69,16.1,824.86,84.4,0.051,374.78,25,133,0
73.47,3.61,33.71,16.12,826.8,84.76,0.048,374.93,25,134,0
73.36,3.61,33.7,16.05,825.82,85.15,0.045,373.53,25,135,0
73.37,3.63,33.68,16.12,822.66,84.36,0.043,372.25,25,136,0
73.24,3.65,33.7,16.14,818.82,84.17,0.045,371.49,25,137,0
73.41,3.67,33.69,16.17,822.56,84.17,0.045,370.65,25,138,0
73.18,3.65,33.7,16.26,825.54,84.66,0.042,370.19,25,139,0
73.44,3.68,33.69,16.31,823.91,83.94,0.038,369.17,25,140,0
73.27,3.65,33.68,16.4,826.29,83.02,0.039,370.49,25,141,0
73.48,3.67,33.68,16.38,823.3,83.6,0.042,369.46,25,142,0
73.85,3.7,33.68,16.32,826.94,83.58,0.04,367.54,25,143,0
74.22,3.7,33.68,16.38,827.35,82.64,0.045,366.25,25,144,0
74.6,3.71,33.67,16.37,825.79,81.67,0.049,365.63,25,145,0
74.45,3.7,33.69,16.45,829.68,81.76,0.047,367.4,25,146,0
74.37,3.68,33.7,16.5,829.64,81.24,0.045,366.33,25,147,0
74.75,3.71,33.71,16.42,832.61,80.63,0.042,364.45,25,148,0
74.68,3.72,33.73,16.41,829.08,80.0,0.041,364.06,25,149,0
74.32,3.73,33.73,16.34,826.8,79.06,0.038,364.7,25,150,0
74.12,3.73,33.73,16.39,827.62,79.03,0.039,365.82,25,151,0
74.4,3.72,33.71,16.4,825.16,79.47,0.039,366.48,25,152,0
74.46,3.74,33.71,16.44,821.26,79.19,0.04,364.9,25,153,0
74.35,3.73,33.71,16.35,823.25,79.42,0.04,365.58,25,154,0
74.3,3.75,33.7,16.28,826.05,79.44,0.04,366.94,25,155,0
74.47,3.72,33.69,16.37,829.55,79.25,0.037,367.65,25,156,0
74.59,3.72,33.71,16.45,830.66,78.83,0.033,367.66,25,157,0
74.58,3.71,33.69,16.51,834.11,78.1,0.034,365.7,25,158,0
74.61,3.7,33.69,16.48,836.73,78.29,0.034,364.58,25,159,0
74.95,3.68,33.68,16.39,835.52,77.44,0.038,365.19,25,160,0
75.04,3.68,33.7,16.3,831.73,76.71,0.042,365.15,25,161,0
74.67,3.68,33.69,16.33,832.05,75.84,0.037,366.53,25,162,0
74.37,3.71,33.71,16.39,831.58,74.99,0.036,367.07,25,163,0
74.46,3.68,33.7,16.33,833.17,75.24,0.034,365.84,25,164,0
74.09,3.7,33.68,16.4,833.63,75.44,0.03,363.95,25,165,0
73.72,3.69,33.7,16.5,835.86,74.54,0.028,363.85,25,166,0
73.33,3.68,33.7,16.55,834.05,74.17,0.024,365.04,25,167,0
73.23,3.71,33.71,16.57,837.43,73.57,0.025,364.77,25,168,0
72.88,3.73,33.7,16.59,833.94,73.93,0.024,363.48,25,169,0
73.08,3.73,33.7,16.65,831.84,74.04,0.022,364.27,25,170,0
73.13,3.73,33.71,16.73,835.75,73.47,0.023,364.65,25,171,0
73.0,3.75,33.7,16.81,836.61,73.93,0.022,362.69,25,172,0
73.35,3.74,33.69,16.71,838.38,73.25,0.02,362.07,25,173,0
73.07,3.71,33.7,16.76,841.15,73.12,0.018,362.23,25,174,0
73.22,3.7,33.69,16.84,837.42,72.57,0.022,362.49,25,175,0
73.28,3.71,33.7,16.84,836.37,72.95,0.025,363.01,25,176,0
73.51,3.7,33.71,16.84,839.85,73.03,0.028,362.47,25,177,0
73.36,3.69,33.72,16.82,838.47,72.21,0.032,361.1,25,178,0
73.47,3.69,33.72,16.82,836.25,73.12,0.03,362.94,25,179,0
73.98,3.75,33.7,16.78,831.6,74.12,0.034,363.89,25,180,1
74.69,3.81,33.67,16.75,829.04,74.56,0.037,365.07,25,181,1
75.17,3.89,33.67,16.69,826.57,74.68,0.041,365.54,25,182,1
75.43,3.95,33.64,16.62,822.16,75.62,0.045,365.9,25,183,1
75.83,4.0,33.62,16.56,819.62,75.87,0.052,367.65,25,184,1
76.32,4.05,33.61,16.53,815.71,76.57,0.055,369.17,25,185,1
76.67,4.12,33.61,16.5,813.27,77.28,0.058,370.8,25,186,1
77.03,4.2,33.6,16.48,810.32,78.15,0.062,372.65,25,187,1
77.52,4.24,33.57,16.41,806.43,78.93,0.065,373.26,25,188,1
78.01,4.31,33.56,16.39,802.8,79.18,0.072,374.35,25,189,1
78.4,4.36,33.54,16.33,799.93,79.81,0.078,375.13,25,190,1
78.64,4.44,33.51,16.25,794.58,80.61,0.085,376.97,25,191,1
79.37,4.48,33.49,16.21,788.62,81.33,0.088,377.77,25,192,1
80.09,4.53,33.47,16.13,785.25,81.38,0.09,379.49,25,193,1
80.35,4.58,33.44,16.11,780.22,82.18,0.097,379.86,25,194,1
80.65,4.66,33.44,16.03,776.78,82.23,0.1,381.5,25,195,1
80.98,4.71,33.43,15.99,771.11,83.21,0.108,382.65,25,196,1
81.21,4.74,33.43,15.94,768.66,83.52,0.113,383.15,25,197,1
81.75,4.78,33.4,15.88,765.84,83.61,0.115,384.1,25,198,1
82.25,4.81,33.38,15.84,760.93,84.08,0.119,385.27,25,199,1
82.86,4.86,33.37,15.77,758.6,84.13,0.125,385.79,25,200,1
83.51,4.89,33.37,15.74,755.85,84.26,0.13,387.5,25,201,1
83.75,4.96,33.36,15.7,750.02,84.37,0.132,389.14,25,202,1
84.27,5.01,33.35,15.66,744.71,84.4,0.137,390.54,25,203,1
84.8,5.06,33.33,15.63,741.85,84.52,0.14,392.21,25,204,1
85.09,5.12,33.3,15.58,738.38,84.93,0.148,393.5,25,205,1
85.32,5.17,33.3,15.52,734.38,85.72,0.152,395.28,25,206,1
86.11,5.21,33.29,15.48,728.38,86.62,0.157,396.13,25,207,1
86.49,5.25,33.29,15.43,724.99,87.23,0.163,397.18,25,208,1
86.74,5.3,33.28,15.39,719.21,87.5,0.166,398.94,25,209,1
86.94,5.35,33.25,15.31,713.94,88.1,0.169,400.31,25,210,1
87.51,5.42,33.25,15.26,710.22,88.46,0.174,401.91,25,211,1
87.97,5.46,33.24,15.24,705.93,88.76,0.18,402.14,25,212,1
88.72,5.53,33.21,15.18,700.84,89.46,0.187,402.34,25,213,1
89.29,5.59,33.19,15.15,696.03,90.31,0.193,403.15,25,214,1
89.8,5.62,33.19,15.07,690.1,90.49,0.196,404.06,25,215,1
90.45,5.7,33.17,15.02,687.39,91.24,0.203,405.75,25,216,1
90.84,5.75,33.15,14.94,682.44,91.25,0.21,406.96,25,217,1
91.47,5.79,33.13,14.91,679.81,91.71,0.213,407.27,25,218,1
91.73,5.83,33.11,14.83,675.37,92.02,0.216,408.57,25,219,1
92.73,5.93,33.07,14.78,671.86,93.94,0.23,410.84,25,220,2
93.16,6.05,33.03,14.63,668.15,95.77,0.244,414.35,25,221,2
94.19,6.19,33.0,14.51,661.36,97.36,0.256,417.05,25,222,2
94.98,6.27,32.96,14.37,653.5,99.02,0.264,418.59,25,223,2
96.0,6.41,32.93,14.26,648.51,100.9,0.273,421.71,25,224,2
96.88,6.56,32.9,14.19,642.0,101.87,0.288,423.76,25,225,2
97.85,6.68,32.87,14.07,634.81,102.98,0.301,427.28,25,226,2
98.37,6.81,32.84,14.0,629.36,104.02,0.31,430.58,25,227,2
98.94,6.92,32.82,13.87,622.2,105.99,0.316,431.9,25,228,2
99.52,7.06,32.76,13.72,618.92,107.25,0.326,433.94,25,229,2
100.14,7.17,32.74,13.61,610.96,108.04,0.333,437.24,25,230,2
100.91,7.26,32.7,13.53,604.61,109.4,0.344,438.8,25,231,2
101.46,7.38,32.65,13.4,599.97,110.8,0.354,440.82,25,232,2
102.55,7.48,32.62,13.31,593.31,112.53,0.364,442.01,25,233,2
103.22,7.61,32.6,13.2,587.85,113.72,0.374,445.4,25,234,2
103.98,7.76,32.57,13.11,583.3,114.29,0.386,448.05,25,235,2
104.41,7.9,32.51,13.02,576.81,115.09,0.4,451.16,25,236,2
104.88,8.01,32.48,12.9,572.65,115.93,0.414,454.21,25,237,2
105.83,8.09,32.45,12.84,567.62,116.87,0.427,456.18,25,238,2
106.8,8.24,32.42,12.78,560.12,118.53,0.433,459.81,25,239,2
107.64,8.38,32.37,12.7,552.23,120.43,0.442,463.23,25,240,2
108.63,8.52,32.33,12.56,545.27,122.28,0.447,466.37,25,241,2
109.67,8.66,32.3,12.46,538.32,124.13,0.452,469.7,25,242,2
110.76,8.8,32.26,12.4,535.19,125.82,0.463,473.51,25,243,2
111.56,8.91,32.21,12.26,531.8,127.15,0.474,475.78,25,244,2
112.32,9.01,32.19,12.14,528.43,129.03,0.485,478.47,25,245,2
113.2,9.13,32.13,12.07,521.3,130.38,0.492,482.47,25,246,2
113.68,9.23,32.1,11.97,518.09,131.96,0.504,483.74,25,247,2
114.57,9.34,32.06,11.83,512.02,133.74,0.511,484.88,25,248,2
115.03,9.49,32.02,11.76,505.15,135.22,0.516,486.66,25,249,2
116.17,9.62,31.97,11.66,498.56,137.01,0.527,487.97,25,250,2
117.09,9.73,31.93,11.6,494.6,138.54,0.538,490.93,25,251,2
117.54,9.85,31.87,11.53,487.55,139.61,0.546,492.95,25,252,2
118.18,9.93,31.84,11.44,480.83,140.24,0.553,496.69,25,253,2
119.33,10.05,31.8,11.33,475.9,141.4,0.559,498.49,25,254,2
120.01,10.18,31.76,11.21,468.15,142.27,0.564,501.25,25,255,2
120.68,10.29,31.74,11.13,464.68,143.2,0.57,503.85,25,256,2
121.41,10.42,31.71,11.01,461.19,143.76,0.582,505.04,25,257,2
122.24,10.55,31.66,10.91,456.05,144.64,0.591,508.44,25,258,2
123.14,10.7,31.63,10.78,452.25,145.25,0.601,510.79,25,259,2
124.3,10.78,31.59,10.69,447.97,146.89,0.61,514.65,25,260,2
125.03,10.91,31.55,10.62,443.51,147.58,0.622,516.33,25,261,2
126.01,11.04,31.51,10.55,436.9,148.97,0.632,519.26,25,262,2
126.8,11.14,31.45,10.47,430.81,149.6,0.639,521.93,25,263,2
127.81,11.24,31.42,10.41,425.39,150.53,0.644,524.99,25,264,2
128.38,11.38,31.4,10.31,418.08,152.25,0.652,527.15,25,265,2
129.43,11.51,31.36,10.22,412.79,153.34,0.663,529.06,25,266,2
130.44,11.59,31.33,10.1,404.9,153.84,0.668,532.98,25,267,2
131.37,11.74,31.3,9.99,398.64,155.51,0.677,535.23,25,268,2
132.0,11.85,31.28,9.9,392.43,156.94,0.683,536.85,25,269,2
132.8,11.95,31.24,9.82,389.26,158.84,0.69,539.77,25,270,2
133.88,12.09,31.2,9.69,383.71,160.47,0.699,540.95,25,271,2
134.68,12.22,31.15,9.59,379.34,162.25,0.707,543.23,25,272,2
135.81,12.32,31.12,9.49,371.52,163.53,0.721,544.85,25,273,2
136.8,12.43,31.1,9.4,366.12,164.73,0.73,548.35,25,274,2
137.58,12.56,31.04,9.35,361.79,165.53,0.745,551.89,25,275,2
138.29,12.7,30.99,9.2,356.05,167.18,0.759,554.3,25,276,2
139.38,12.82,30.94,9.07,350.93,168.82,0.765,556.68,25,277,2
140.39,12.91,30.88,8.95,343.43,170.09,0.775,558.45,25,278,2
141.39,13.02,30.83,8.83,337.19,170.97,0.785,560.63,25,279,2
142.06,13.16,30.78,8.71,331.21,172.2,0.796,561.99,25,280,2
143.09,13.28,30.75,8.63,327.78,173.14,0.811,563.47,25,281,2
144.02,13.42,30.72,8.54,322.07,174.68,0.818,565.85,25,282,2
144.47,13.52,30.69,8.44,318.77,175.45,0.83,569.05,25,283,2
145.11,13.61,30.64,8.35,313.96,176.5,0.841,572.32,25,284,2
145.98,13.76,30.61,8.21,307.26,177.81,0.85,575.27,25,285,2
146.56,13.9,30.55,8.08,302.32,179.7,0.861,577.22,25,286,2
147.54,13.99,30.52,7.99,294.66,180.25,0.869,580.77,25,287,2
148.33,14.11,30.48,7.87,290.4,182.19,0.88,582.51,25,288,2
148.97,14.22,30.43,7.78,283.0,182.7,0.885,585.25,25,289,2
149.75,14.32,30.39,7.73,278.47,183.81,0.899,587.7,25,290,2
150.25,14.45,30.33,7.68,273.65,184.72,0.907,590.92,25,291,2
151.24,14.55,30.31,7.56,268.27,185.6,0.92,594.81,25,292,2
151.71,14.69,30.27,7.46,264.49,187.11,0.93,598.28,25,293,2
152.57,14.8,30.22,7.37,260.64,188.22,0.935,601.93,25,294,2
153.64,14.89,30.17,7.3,253.57,190.0,0.949,605.6,25,295,2
154.62,15.03,30.11,7.25,247.06,190.8,0.956,607.46,25,296,2
155.76,15.16,30.08,7.11,243.64,191.9,0.97,610.87,25,297,2
156.55,15.26,30.03,6.98,237.69,193.6,0.983,614.46,25,298,2
156.99,15.4,30.01,6.9,232.52,195.36,0.991,616.89,25,299,2
73.67,3.23,33.62,15.98,813.83,92.52,0.007,391.93,26,0,0
73.52,3.25,33.6,16.02,813.98,92.32,0.007,391.94,26,1,0
73.76,3.26,33.61,16.09,817.01,93.23,0.006,390.6,26,2,0
73.49,3.28,33.63,16.12,815.85,92.44,0.003,390.48,26,3,0
73.25,3.26,33.63,16.17,814.13,93.12,0.006,392.31,26,4,0
73.16,3.25,33.61,16.27,812.61,93.74,0.003,393.09,26,5,0
73.26,3.26,33.63,16.34,813.33,93.34,0.007,394.44,26,6,0
73.49,3.26,33.62,16.34,810.99,92.89,0.003,395.73,26,7,0
73.55,3.28,33.62,16.38,808.35,93.12,0.008,394.3,26,8,0
73.48,3.28,33.62,16.31,811.53,93.8,0.008,395.52,26,9,0
73.77,3.27,33.6,16.39,812.27,93.15,0.011,395.08,26,10,0
74.05,3.25,33.61,16.4,815.22,92.3,0.015,394.49,26,11,0
74.25,3.24,33.59,16.5,813.09,92.8,0.014,393.42,26,12,0
74.54,3.25,33.59,16.54,814.12,92.35,0.013,392.4,26,13,0
74.62,3.24,33.57,16.45,812.44,91.49,0.014,393.75,26,14,0
74.35,3.23,33.57,16.53,809.99,91.4,0.018,395.06,26,15,0
74.19,3.25,33.56,16.53,811.49,91.73,0.018,394.15,26,16,0
74.56,3.23,33.56,16.59,809.63,90.9,0.018,392.41,26,17,0
74.85,3.23,33.57,16.57,807.93,90.67,0.017,391.57,26,18,0
74.8,3.21,33.56,16.51,806.81,89.81,0.013,390.25,26,19,0
75.17,3.23,33.56,16.57,803.1,90.28,0.015,391.5,26,20,0
75.48,3.22,33.57,16.62,801.67,89.94,0.012,390.76,26,21,0
75.85,3.19,33.59,16.7,804.16,89.23,0.013,392.49,26,22,0
76.23,3.22,33.58,16.65,805.19,88.72,0.015,392.58,26,23,0
76.6,3.23,33.59,16.71,802.01,87.84,0.016,394.05,26,24,0
76.47,3.23,33.57,16.81,801.84,88.14,0.02,392.98,26,25,0
76.58,3.23,33.57,16.79,802.32,88.36,0.023,393.27,26,26,0
76.75,3.24,33.55,16.79,800.32,88.56,0.022,391.28,26,27,0
76.84,3.24,33.53,16.88,801.23,88.83,0.023,389.74,26,28,0
76.53,3.22,33.54,16.94,801.51,88.67,0.025,389.68,26,29,0
76.41,3.2,33.55,16.88,802.0,88.16,0.023,388.28,26,30,0
76.29,3.17,33.55,16.88,804.36,88.48,0.018,390.07,26,31,0
75.9,3.18,33.55,16.8,803.77,89.43,0.018,388.81,26,32,0
75.62,3.19,33.53,16.82,806.27,88.94,0.016,390.22,26,33,0
75.84,3.16,33.52,16.85,805.62,88.22,0.013,390.8,26,34,0
75.61,3.13,33.5,16.88,801.8,88.63,0.015,391.34,26,35,0
75.93,3.15,33.5,16.95,804.8,88.79,0.012,391.57,26,36,0
76.2,3.14,33.51,17.01,807.26,87.97,0.01,391.76,26,37,0
75.94,3.12,33.52,17.01,808.06,87.41,0.009,393.35,26,38,0
76.11,3.13,33.51,17.04,811.4,87.88,0.01,394.11,26,39,0
75.84,3.16,33.51,17.07,811.64,87.69,0.009,395.26,26,40,0
75.59,3.17,33.49,17.0,815.55,88.14,0.008,396.0,26,41,0
75.28,3.17,33.48,17.01,814.01,88.86,0.005,396.03,26,42,0
74.95,3.16,33.5,17.01,817.33,88.42,0.004,394.72,26,43,0
75.23,3.15,33.5,16.93,821.28,88.45,0.007,394.76,26,44,0
74.92,3.16,33.51,17.02,820.03,87.65,0.008,394.2,26,45,0
75.28,3.17,33.51,16.98,817.01,87.13,0.007,393.56,26,46,0
74.89,3.15,33.52,16.89,815.37,86.18,0.006,391.79,26,47,0
74.71,3.18,33.52,16.91,811.78,85.8,0.002,391.16,26,48,0
74.81,3.2,33.51,16.88,809.78,85.18,-0.001,391.42,26,49,0
74.95,3.2,33.52,16.78,812.35,86.06,-0.004,392.42,26,50,0
74.56,3.19,33.5,16.87,809.41,85.21,-0.008,390.53,26,51,0
74.84,3.2,33.5,16.86,812.3,85.23,-0.003,391.36,26,52,0
74.85,3.18,33.51,16.91,816.11,85.67,-0.002,391.86,26,53,0
74.91,3.19,33.53,16.97,817.75,85.18,0.002,391.74,26,54,0
74.52,3.2,33.51,17.03,814.97,85.92,0.0,392.43,26,55,0
74.62,3.19,33.52,16.96,816.3,84.98,-0.003,393.85,26,56,0
74.26,3.16,33.54,16.87,816.52,85.98,-0.007,394.76,26,57,0
74.19,3.17,33.55,16.85,819.43,86.53,-0.011,396.6,26,58,0
73.8,3.17,33.54,16.93,821.54,85.69,-0.009,395.26,26,59,0
73.55,3.14,33.53,16.84,820.81,86.06,-0.008,394.32,26,60,0
73.75,3.13,33.51,16.8,818.32,85.56,-0.006,392.76,26,61,0
74.11,3.11,33.52,16.89,821.12,85.33,-0.011,393.42,26,62,0
74.51,3.09,33.51,16.84,818.85,85.91,-0.013,391.88,26,63,0
74.57,3.07,33.53,16.87,816.46,86.89,-0.009,390.17,26,64,0
74.46,3.05,33.52,16.88,819.22,87.26,-0.011,391.33,26,65,0
74.56,3.06,33.52,16.96,821.2,87.27,-0.014,392.7,26,66,0
74.81,3.05,33.51,16.86,821.84,87.12,-0.01,394.39,26,67,0
75.13,3.07,33.49,16.91,820.67,86.78,-0.012,393.84,26,68,0
75.03,3.08,33.5,16.98,816.7,87.52,-0.012,394.07,26,69,0
74.94,3.05,33.49,17.0,814.16,88.33,-0.015,392.9,26,70,0
74.64,3.02,33.5,16.91,811.99,88.65,-0.011,391.49,26,71,0
74.92,3.03,33.49,17.0,808.88,89.13,-0.013,389.99,26,72,0
74.53,3.03,33.48,16.97,807.2,88.59,-0.012,391.02,26,73,0
74.19,3.02,33.49,16.94,806.38,87.6,-0.01,390.19,26,74,0
74.49,3.04,33.5,16.91,810.18,87.87,-0.009,392.1,26,75,0
74.82,3.02,33.49,16.98,813.35,87.03,-0.005,390.76,26,76,0
74.44,3.03,33.51,16.95,815.68,87.77,-0.006,392.58,26,77,0
74.73,3.02,33.49,16.95,814.91,87.41,-0.008,393.93,26,78,0
74.77,3.01,33.51,16.85,817.57,87.75,-0.01,394.8,26,79,0
74.72,3.01,33.5,16.76,817.61,87.8,-0.007,395.1,26,80,0
74.82,3.04,33.49,16.78,821.24,88.06,-0.005,396.83,26,81,0
75.19,3.01,33.5,16.72,820.27,88.77,-0.006,396.06,26,82,0
74.87,3.03,33.51,16.77,816.76,88.81,-0.008,397.78,26,83,0
75.03,3.03,33.53,16.87,819.58,89.59,-0.01,398.5,26,84,0
74.94,3.03,33.54,16.91,817.79,89.48,-0.009,396.78,26,85,0
74.82,3.03,33.56,16.95,821.33,90.11,-0.005,396.1,26,86,0
75.11,3.06,33.55,16.88,824.69,89.33,-0.005,395.0,26,87,0
75.16,3.03,33.54,16.8,822.05,88.77,-0.006,393.27,26,88,0
74.96,3.02,33.55,16.76,822.34,89.77,-0.006,393.84,26,89,0
75.14,3.03,33.56,16.69,824.74,90.62,-0.01,393.41,26,90,0
75.34,3.05,33.55,16.59,826.29,91.04,-0.012,392.76,26,91,0
75.67,3.03,33.54,16.65,828.84,90.9,-0.012,393.12,26,92,0
75.53,3.06,33.54,16.57,829.16,89.9,-0.013,391.48,26,93,0
75.52,3.06,33.53,16.56,829.48,89.24,-0.008,392.61,26,94,0
75.87,3.06,33.54,16.49,831.13,88.34,-0.009,392.52,26,95,0
75.89,3.07,33.52,16.43,834.23,87.88,-0.007,391.13,26,96,0
75.65,3.09,33.51,16.38,831.49,88.3,-0.007,389.69,26,97,0
75.93,3.07,33.51,16.35,827.63,88.58,-0.008,388.41,26,98,0
76.19,3.05,33.52,16.35,830.1,87.6,-0.007,389.84,26,99,0
75.84,3.07,33.51,16.31,833.8,87.2,-0.009,390.54,26,100,0
76.24,3.08,33.53,16.21,832.16,86.44,-0.012,388.91,26,101,0
76.59,3.09,33.53,16.2,828.49,85.96,-0.011,390.46,26,102,0
76.85,3.11,33.53,16.25,827.08,85.34,-0.007,388.54,26,103,0
76.53,3.14,33.54,16.23,830.63,84.7,-0.007,387.94,26,104,0
76.49,3.16,33.53,16.13,831.58,83.76,-0.002,387.78,26,105,0
76.69,3.14,33.52,16.13,828.36,82.77,-0.006,385.85,26,106,0
76.9,3.15,33.5,16.16,827.86,82.91,-0.007,384.06,26,107,0
76.88,3.14,33.51,16.24,830.6,83.49,-0.004,385.5,26,108,0
76.69,3.12,33.51,16.21,830.61,82.74,-0.001,386.26,26,109,0
77.0,3.1,33.5,16.11,828.25,83.41,-0.006,385.02,26,110,0
76.69,3.11,33.49,16.02,825.64,84.2,-0.005,385.67,26,111,0
76.44,3.11,33.49,15.94,826.9,84.73,-0.008,385.29,26,112,0
76.06,3.1,33.48,15.97,825.91,83.94,-0.009,384.21,26,113,0
76.3,3.11,33.49,15.92,822.84,84.05,-0.007,384.19,26,114,0
75.99,3.08,33.47,15.92,819.91,83.1,-0.005,384.86,26,115,0
76.37,3.08,33.47,15.95,816.12,83.35,-0.002,384.78,26,116,0
76.53,3.06,33.45,15.94,813.06,84.19,0.003,386.4,26,117,0
76.16,3.07,33.44,15.99,809.38,84.25,0.007,385.35,26,118,0
75.9,3.04,33.42,15.96,808.05,83.49,0.004,383.53,26,119,0
76.05,3.04,33.43,15.9,810.96,84.16,0.004,384.37,26,120,0
75.82,3.02,33.43,16.0,812.71,83.9,0.005,384.4,26,121,0
75.5,3.04,33.42,16.06,812.96,84.61,0.002,383.42,26,122,0
75.6,3.05,33.44,16.06,810.83,85.12,0.004,381.85,26,123,0
75.22,3.07,33.45,16.16,814.22,84.72,0.001,381.65,26,124,0
75.11,3.09,33.44,16.21,814.92,84.59,-0.002,382.31,26,125,0
75.49,3.07,33.45,16.26,815.67,85.34,-0.002,383.22,26,126,0
75.48,3.1,33.46,16.18,817.23,85.21,-0.003,382.27,26,127,0
75.19,3.08,33.47,16.1,820.98,84.81,-0.001,383.1,26,128,0
75.38,3.07,33.45,16.16,821.71,84.6,0.001,383.51,26,129,0
75.6,3.06,33.46,16.16,819.16,84.78,0.001,385.25,26,130,0
75.58,3.04,33.45,16.12,818.62,84.53,0.002,385.22,26,131,0
75.98,3.02,33.47,16.19,822.38,85.26,0.005,384.26,26,132,0
75.93,3.05,33.48,16.28,818.45,85.63,0.003,384.53,26,133,0
75.6,3.08,33.49,16.35,817.7,85.99,0.001,385.84,26,134,0
75.81,3.08,33.48,16.31,820.54,85.38,-0.002,386.93,26,135,0
75.76,3.1,33.47,16.31,824.29,85.84,-0.007,385.41,26,136,0
75.86,3.08,33.48,16.28,820.94,86.49,-0.008,384.56,26,137,0
76.01,3.05,33.49,16.18,820.83,86.09,-0.01,386.52,26,138,0
75.93,3.05,33.49,16.2,817.54,86.3,-0.014,386.35,26,139,0
75.89,3.04,33.47,16.19,816.5,86.15,-0.016,387.62,26,140,0
75.9,3.02,33.48,16.26,816.39,86.44,-0.02,389.44,26,141,0
76.28,3.05,33.48,16.35,818.97,86.06,-0.021,391.09,26,142,0
76.63,3.07,33.48,16.29,816.46,85.85,-0.017,389.17,26,143,0
76.91,3.07,33.48,16.33,813.67,86.4,-0.014,390.87,26,144,0
77.22,3.06,33.48,16.39,813.93,86.89,-0.016,390.61,26,145,0
77.24,3.05,33.47,16.45,816.2,87.07,-0.012,391.3,26,146,0
77.0,3.04,33.45,16.42,812.65,87.2,-0.014,392.86,26,147,0
77.27,3.04,33.45,16.44,815.61,87.23,-0.014,394.49,26,148,0
76.89,3.05,33.46,16.54,815.01,86.84,-0.016,395.75,26,149,0
77.21,3.08,33.47,16.53,817.26,87.56,-0.018,393.99,26,150,0
77.61,3.08,33.46,16.54,816.37,86.87,-0.019,393.64,26,151,0
77.37,3.09,33.46,16.46,817.91,87.86,-0.02,395.2,26,152,0
77.48,3.07,33.48,16.39,814.71,88.73,-0.023,393.7,26,153,0
77.72,3.08,33.48,16.32,816.22,87.88,-0.019,391.76,26,154,0
77.36,3.11,33.47,16.3,820.05,87.17,-0.015,390.47,26,155,0
77.26,3.09,33.49,16.3,821.28,86.87,-0.019,391.37,26,156,0
76.96,3.11,33.47,16.24,818.07,86.97,-0.015,390.19,26,157,0
77.06,3.08,33.46,16.23,820.94,87.94,-0.016,388.81,26,158,0
77.21,3.1,33.46,16.16,823.38,87.05,-0.012,388.91,26,159,0
76.85,3.1,33.45,16.2,824.25,86.51,-0.013,387.09,26,160,0
76.89,3.11,33.43,16.19,826.37,87.24,-0.012,388.21,26,161,0
77.07,3.11,33.45,16.11,825.71,87.0,-0.016,389.9,26,162,0
77.15,3.11,33.46,16.15,829.1,87.23,-0.014,389.93,26,163,0
76.79,3.12,33.45,16.06,826.45,87.56,-0.019,389.37,26,164,0
76.78,3.14,33.44,15.97,829.89,88.29,-0.022,390.16,26,165,0
76.96,3.15,33.44,15.99,831.86,88.14,-0.024,389.9,26,166,0
76.94,3.15,33.45,16.07,828.11,87.69,-0.021,389.04,26,167,0
77.11,3.17,33.43,16.16,824.85,87.82,-0.024,388.06,26,168,0
77.02,3.18,33.42,16.26,827.82,87.93,-0.026,387.6,26,169,0
76.86,3.18,33.41,16.28,830.75,88.3,-0.021,386.61,26,170,0
76.51,3.17,33.4,16.19,827.15,88.15,-0.018,385.77,26,171,0
76.87,3.17,33.42,16.14,830.07,88.18,-0.021,385.01,26,172,0
77.01,3.2,33.4,16.23,830.18,87.9,-0.022,385.07,26,173,0
76.79,3.21,33.39,16.31,829.93,88.33,-0.022,383.18,26,174,0
77.17,3.19,33.37,16.32,833.92,88.08,-0.022,382.22,26,175,0
77.56,3.17,33.37,16.32,833.95,87.4,-0.026,383.42,26,176,0
77.83,3.17,33.35,16.36,837.51,88.13,-0.027,382.94,26,177,0
78.05,3.14,33.37,16.29,837.41,87.56,-0.031,381.71,26,178,0
78.36,3.14,33.36,16.39,839.9,87.76,-0.032,382.28,26,179,0
78.92,3.21,33.34,16.34,835.44,88.29,-0.029,384.14,26,180,1
79.66,3.26,33.33,16.27,831.64,88.73,-0.024,385.33,26,181,1
80.31,3.34,33.32,16.25,825.64,88.91,-0.022,385.99,26,182,1
80.64,3.39,33.31,16.21,822.08,89.87,-0.014,386.71,26,183,1
81.4,3.46,33.28,16.16,819.34,90.61,-0.008,387.93,26,184,1
81.77,3.52,33.26,16.08,816.46,90.85,-0.002,389.44,26,185,1
82.39,3.57,33.23,16.02,811.32,91.72,0.004,389.56,26,186,1
82.97,3.64,33.21,15.97,807.45,92.7,0.008,389.72,26,187,1
83.75,3.7,33.2,15.94,801.93,93.49,0.015,389.73,26,188,1
84.23,3.77,33.2,15.87,798.22,94.02,0.021,390.83,26,189,1
84.72,3.82,33.19,15.79,793.58,94.5,0.028,391.44,26,190,1
85.18,3.9,33.17,15.74,788.22,95.23,0.032,392.29,26,191,1
85.86,3.94,33.17,15.67,785.21,95.25,0.037,393.11,26,192,1
86.3,3.97,33.16,15.6,782.92,95.85,0.043,393.17,26,193,1
86.97,4.02,33.14,15.54,780.73,96.3,0.046,393.77,26,194,1
87.69,4.06,33.13,15.48,777.2,96.6,0.052,395.74,26,195,1
88.01,4.1,33.1,15.41,773.78,96.96,0.057,395.87,26,196,1
88.74,4.13,33.1,15.34,768.05,97.44,0.059,396.92,26,197,1
89.52,4.21,33.09,15.32,765.76,97.48,0.063,397.12,26,198,1
89.99,4.25,33.09,15.26,761.98,98.11,0.068,397.75,26,199,1
90.59,4.3,33.08,15.23,757.46,98.94,0.074,398.84,26,200,1
91.09,4.38,33.06,15.21,751.53,98.98,0.077,399.8,26,201,1
91.4,4.43,33.05,15.15,748.03,99.36,0.081,400.91,26,202,1
91.75,4.47,33.05,15.07,743.1,99.86,0.084,402.68,26,203,1
92.16,4.54,33.02,15.0,740.48,100.54,0.091,403.36,26,204,1
92.83,4.61,32.99,14.96,735.32,100.62,0.096,405.04,26,205,1
93.57,4.64,32.99,14.94,732.69,100.86,0.102,406.11,26,206,1
94.35,4.69,32.99,14.91,728.85,101.49,0.106,406.88,26,207,1
94.88,4.72,32.99,14.87,724.67,101.73,0.109,407.95,26,208,1
95.35,4.79,32.97,14.83,720.2,102.44,0.116,409.12,26,209,1
95.91,4.83,32.95,14.76,717.74,102.97,0.118,409.57,26,210,1
96.27,4.89,32.94,14.69,713.61,103.13,0.123,410.07,26,211,1
96.48,4.94,32.92,14.64,709.57,103.94,0.129,411.4,26,212,1
96.86,5.01,32.92,14.61,706.36,104.85,0.136,411.57,26,213,1
97.58,5.06,32.9,14.57,701.43,105.34,0.142,413.39,26,214,1
97.88,5.13,32.89,14.5,695.58,106.17,0.148,414.05,26,215,1
98.59,5.2,32.86,14.43,690.6,106.4,0.152,414.94,26,216,1
98.82,5.26,32.85,14.4,684.81,106.82,0.157,416.05,26,217,1
99.26,5.3,32.83,14.37,679.67,107.17,0.164,417.22,26,218,1
99.88,5.33,32.81,14.33,674.77,107.51,0.17,417.24,26,219,1
100.86,5.46,32.79,14.27,671.6,108.88,0.18,419.22,26,220,2
101.82,5.59,32.75,14.13,666.9,110.01,0.189,422.61,26,221,2
102.58,5.73,32.7,14.05,662.71,111.96,0.197,424.31,26,222,2
103.63,5.87,32.65,13.93,658.34,113.12,0.211,426.37,26,223,2
104.24,5.98,32.62,13.85,651.69,113.62,0.217,429.69,26,224,2
104.76,6.06,32.58,13.79,646.17,114.51,0.224,431.8,26,225,2
105.58,6.18,32.56,13.72,641.84,115.75,0.238,434.3,26,226,2
106.76,6.31,32.5,13.62,636.27,117.01,0.25,436.58,26,227,2
107.76,6.46,32.48,13.53,631.15,118.82,0.256,438.83,26,228,2
108.8,6.57,32.44,13.39,626.55,120.74,0.264,442.33,26,229,2
109.35,6.7,32.39,13.28,622.57,122.08,0.278,446.3,26,230,2
109.88,6.83,32.36,13.14,614.74,123.01,0.284,450.3,26,231,2
110.44,6.94,32.34,13.08,610.2,124.44,0.294,453.81,26,232,2
111.06,7.08,32.29,12.93,603.01,125.12,0.303,455.25,26,233,2
111.63,7.22,32.25,12.85,598.77,127.1,0.313,458.76,26,234,2
112.62,7.34,32.22,12.74,591.36,128.26,0.32,460.46,26,235,2
113.31,7.43,32.19,12.62,585.71,129.2,0.333,463.0,26,236,2
113.76,7.53,32.14,12.56,579.7,130.7,0.338,465.42,26,237,2
114.2,7.68,32.11,12.49,574.69,131.64,0.343,467.05,26,238,2
115.34,7.82,32.07,12.36,567.13,133.12,0.355,468.72,26,239,2
116.02,7.96,32.02,12.26,564.13,134.75,0.364,471.76,26,240,2
117.13,8.04,31.98,12.11,556.78,135.6,0.37,475.62,26,241,2
118.29,8.17,31.94,11.99,552.52,136.54,0.382,477.91,26,242,2
119.37,8.3,31.89,11.93,546.68,137.34,0.388,479.99,26,243,2
120.14,8.39,31.87,11.85,538.98,138.66,0.399,483.41,26,244,2
121.06,8.5,31.84,11.77,531.83,139.34,0.41,486.43,26,245,2
121.52,8.59,31.8,11.71,524.3,140.46,0.42,489.37,26,246,2
121.94,8.68,31.78,11.59,520.21,141.94,0.433,491.3,26,247,2
122.84,8.76,31.75,11.49,513.19,142.99,0.444,493.3,26,248,2
123.3,8.9,31.69,11.42,508.37,143.76,0.455,495.07,26,249,2
124.4,9.03,31.65,11.33,502.08,144.67,0.462,496.36,26,250,2
125.13,9.16,31.62,11.21,497.64,146.57,0.47,499.08,26,251,2
125.6,9.29,31.56,11.1,494.46,148.1,0.483,501.55,26,252,2
126.03,9.41,31.5,11.03,486.48,149.85,0.493,504.22,26,253,2
126.89,9.53,31.47,10.93,479.05,151.05,0.504,505.28,26,254,2
127.98,9.63,31.42,10.85,474.01,152.88,0.513,507.12,26,255,2
128.96,9.76,31.37,10.71,469.52,154.78,0.522,508.68,26,256,2
129.68,9.89,31.32,10.61,466.3,155.67,0.534,512.07,26,257,2
130.8,10.03,31.27,10.51,462.28,157.56,0.548,514.99,26,258,2
131.49,10.12,31.22,10.44,458.58,159.3,0.557,517.28,26,259,2
132.44,10.24,31.19,10.37,450.78,161.05,0.564,520.89,26,260,2
133.28,10.33,31.13,10.25,443.7,162.31,0.571,524.82,26,261,2
134.39,10.46,31.11,10.17,440.56,164.27,0.582,526.92,26,262,2
134.82,10.61,31.06,10.04,437.55,165.2,0.59,528.93,26,263,2
135.8,10.73,31.01,9.91,429.88,166.64,0.597,532.86,26,264,2
136.71,10.84,30.96,9.81,425.14,167.68,0.61,536.82,26,265,2
137.14,10.99,30.94,9.74,418.17,168.4,0.622,539.88,26,266,2
138.21,11.11,30.9,9.61,412.38,169.16,0.635,541.79,26,267,2
138.97,11.26,30.86,9.54,406.24,171.0,0.642,543.98,26,268,2
140.0,11.36,30.81,9.42,400.64,172.43,0.656,545.96,26,269,2
140.8,11.46,30.76,9.36,395.97,174.16,0.665,549.72,26,270,2
141.92,11.6,30.73,9.22,389.32,175.02,0.674,553.14,26,271,2
142.57,11.73,30.71,9.1,382.19,176.06,0.689,555.9,26,272,2
143.46,11.85,30.68,8.96,378.69,178.02,0.697,558.08,26,273,2
144.63,11.96,30.62,8.9,372.4,179.4,0.707,561.22,26,274,2
145.17,12.08,30.59,8.76,368.83,180.81,0.713,564.42,26,275,2
146.34,12.2,30.56,8.62,363.48,181.69,0.722,568.37,26,276,2
146.92,12.28,30.51,8.53,355.75,182.42,0.733,571.28,26,277,2
148.03,12.38,30.49,8.4,347.8,183.78,0.743,574.12,26,278,2
148.51,12.52,30.45,8.29,343.47,185.15,0.75,578.07,26,279,2
149.06,12.64,30.42,8.23,338.43,185.99,0.757,579.64,26,280,2
149.47,12.75,30.37,8.14,335.31,186.97,0.765,581.44,26,281,2
150.56,12.84,30.31,8.0,327.5,188.19,0.776,584.57,26,282,2
151.03,12.94,30.26,7.91,324.04,188.74,0.785,586.79,26,283,2
152.2,13.07,30.21,7.76,321.01,190.6,0.791,590.24,26,284,2
153.0,13.17,30.19,7.69,313.38,191.78,0.799,593.66,26,285,2
153.99,13.31,30.16,7.58,309.45,192.32,0.811,596.42,26,286,2
154.87,13.44,30.1,7.51,302.61,194.04,0.823,598.34,26,287,2
155.29,13.53,30.05,7.37,296.37,194.68,0.834,599.49,26,288,2
155.89,13.65,30.0,7.24,293.13,196.02,0.847,600.95,26,289,2
156.93,13.78,29.97,7.15,286.01,197.95,0.859,602.59,26,290,2
157.88,13.86,29.92,7.01,280.05,199.54,0.866,604.85,26,291,2
158.89,14.0,29.89,6.92,275.55,201.52,0.875,606.79,26,292,2
159.5,14.14,29.86,6.86,270.69,202.23,0.886,608.41,26,293,2
159.91,14.27,29.83,6.75,264.2,204.08,0.895,610.38,26,294,2
160.92,14.35,29.78,6.62,257.29,205.43,0.904,614.3,26,295,2
161.47,14.45,29.76,6.56,251.0,206.58,0.912,618.07,26,296,2
162.29,14.6,29.72,6.5,247.66,208.09,0.925,621.81,26,297,2
163.27,14.7,29.66,6.37,243.15,210.0,0.935,625.42,26,298,2
164.18,14.8,29.62,6.23,235.26,211.35,0.946,628.98,26,299,2
74.22,3.22,33.59,16.07,813.07,92.36,0.01,390.54,27,0,0
73.93,3.25,33.61,15.98,809.34,93.08,0.005,388.7,27,1,0
74.18,3.22,33.62,16.04,806.12,94.04,0.004,390.31,27,2,0
73.88,3.2,33.61,16.13,804.3,93.43,0.008,392.08,27,3,0
73.63,3.18,33.6,16.16,805.17,94.22,0.01,391.66,27,4,0
73.91,3.17,33.6,16.07,802.55,94.67,0.01,391.07,27,5,0
74.18,3.19,33.61,16.05,803.39,94.42,0.014,392.83,27,6,0
74.34,3.22,33.61,16.11,801.95,93.79,0.011,390.9,27,7,0
74.4,3.23,33.61,16.14,800.56,93.29,0.011,390.58,27,8,0
74.28,3.22,33.61,16.17,803.22,93.72,0.012,390.89,27,9,0
74.17,3.19,33.59,16.21,799.91,93.49,0.017,392.54,27,10,0
74.53,3.17,33.58,16.29,802.79,92.89,0.019,391.69,27,11,0
74.18,3.19,33.59,16.2,799.83,92.09,0.017,391.18,27,12,0
74.55,3.17,33.61,16.25,803.15,92.79,0.016,392.81,27,13,0
74.64,3.16,33.6,16.24,806.16,92.6,0.013,392.77,27,14,0
74.68,3.16,33.61,16.24,804.43,92.09,0.01,394.44,27,15,0
75.06,3.19,33.61,16.14,804.88,91.41,0.008,393.14,27,16,0
75.37,3.19,33.62,16.22,803.96,91.96,0.004,391.27,27,17,0
75.13,3.17,33.63,16.26,803.22,92.45,0.002,392.46,27,18,0
75.1,3.17,33.63,16.26,804.27,93.2,0.0,391.1,27,19,0
74.86,3.19,33.63,16.21,804.59,93.76,-0.004,389.66,27,20,0
74.5,3.22,33.65,16.28,806.48,94.52,-0.002,389.6,27,21,0
74.41,3.24,33.65,16.3,804.74,94.88,0.002,390.3,27,22,0
74.51,3.24,33.64,16.38,804.32,94.42,0.005,389.44,27,23,0
74.3,3.26,33.64,16.4,802.69,94.2,0.004,390.17,27,24,0
74.27,3.28,33.62,16.35,805.38,93.63,0.004,388.62,27,25,0
74.36,3.26,33.63,16.26,804.87,94.62,0.001,390.01,27,26,0
74.44,3.27,33.65,16.24,808.44,95.2,-0.0,388.36,27,27,0
74.69,3.27,33.66,16.25,808.99,94.23,-0.0,387.93,27,28,0
74.35,3.29,33.65,16.32,807.68,94.39,-0.004,388.41,27,29,0
74.45,3.3,33.64,16.26,809.76,93.43,-0.006,389.88,27,30,0
74.15,3.31,33.63,16.18,806.36,92.76,-0.002,388.85,27,31,0
73.96,3.28,33.62,16.1,806.68,92.46,-0.003,389.44,27,32,0
73.67,3.27,33.63,16.01,808.56,93.12,-0.004,391.24,27,33,0
73.54,3.3,33.61,15.98,811.58,93.71,-0.001,393.09,27,34,0
73.69,3.28,33.63,15.88,810.41,93.59,0.001,391.97,27,35,0
73.36,3.28,33.63,15.89,813.11,93.0,-0.004,390.92,27,36,0
73.45,3.27,33.64,15.93,813.51,93.66,-0.009,389.5,27,37,0
73.27,3.29,33.63,15.98,811.44,93.56,-0.004,389.81,27,38,0
73.4,3.3,33.62,16.06,808.62,93.47,0.0,389.11,27,39,0
73.25,3.27,33.61,16.13,812.35,92.79,-0.0,389.52,27,40,0
73.06,3.25,33.59,16.11,814.42,92.52,0.001,389.32,27,41,0
73.06,3.25,33.58,16.12,812.29,92.5,0.001,390.94,27,42,0
72.81,3.24,33.6,16.04,811.54,93.31,-0.003,389.18,27,43,0
73.09,3.23,33.59,16.05,808.44,94.08,-0.001,389.76,27,44,0
73.34,3.22,33.58,16.08,810.46,94.65,-0.003,388.1,27,45,0
73.1,3.25,33.58,16.03,811.89,95.38,-0.006,387.95,27,46,0
73.19,3.26,33.57,16.02,811.44,94.87,-0.005,388.21,27,47,0
73.01,3.25,33.57,16.04,814.46,94.49,-0.009,387.48,27,48,0
73.3,3.23,33.57,15.98,814.31,95.18,-0.005,387.19,27,49,0
73.53,3.26,33.57,15.92,816.34,95.86,-0.002,387.38,27,50,0
73.75,3.27,33.59,15.86,813.74,96.12,0.002,385.58,27,51,0
73.89,3.24,33.57,15.96,810.56,96.22,-0.001,384.58,27,52,0
73.78,3.23,33.56,15.95,811.62,97.08,-0.002,382.9,27,53,0
74.16,3.25,33.56,15.87,813.31,97.55,-0.006,382.84,27,54,0
74.42,3.23,33.58,15.96,813.13,96.89,-0.002,384.69,27,55,0
74.16,3.23,33.56,15.88,809.48,97.04,-0.002,382.95,27,56,0
74.4,3.23,33.58,15.89,812.61,97.01,0.001,384.39,27,57,0
74.2,3.22,33.57,15.84,815.74,97.9,0.004,386.35,27,58,0
74.41,3.23,33.56,15.83,817.13,96.93,0.008,385.91,27,59,0
74.54,3.25,33.56,15.8,818.36,96.16,0.007,386.11,27,60,0
74.28,3.22,33.55,15.86,818.67,95.9,0.01,387.06,27,61,0
74.41,3.23,33.56,15.9,815.05,95.43,0.01,388.11,27,62,0
74.15,3.25,33.56,15.84,814.93,95.96,0.011,387.29,27,63,0
74.54,3.22,33.57,15.93,813.57,95.8,0.015,389.12,27,64,0
74.17,3.24,33.56,15.93,811.41,95.64,0.018,387.29,27,65,0
73.92,3.22,33.56,15.91,813.97,95.31,0.02,386.15,27,66,0
73.62,3.2,33.58,15.84,816.17,94.54,0.021,386.47,27,67,0
73.24,3.18,33.57,15.89,813.85,94.92,0.024,385.54,27,68,0
73.1,3.18,33.58,15.83,816.74,94.37,0.022,385.69,27,69,0
73.33,3.17,33.6,15.75,812.81,94.36,0.023,385.7,27,70,0
72.94,3.18,33.6,15.84,815.08,94.62,0.019,387.53,27,71,0
72.9,3.17,33.62,15.88,815.43,94.6,0.019,386.37,27,72,0
72.87,3.18,33.6,15.84,811.64,94.01,0.017,387.66,27,73,0
73.05,3.17,33.6,15.78,811.95,93.47,0.018,387.34,27,74,0
73.19,3.18,33.6,15.88,815.77,93.6,0.017,389.13,27,75,0
72.95,3.17,33.59,15.97,813.61,92.87,0.018,389.24,27,76,0
72.87,3.2,33.59,16.01,817.13,92.27,0.016,387.89,27,77,0
72.94,3.18,33.6,16.1,818.39,91.83,0.019,388.32,27,78,0
72.89,3.16,33.61,16.19,819.87,92.7,0.023,388.11,27,79,0
72.78,3.15,33.61,16.19,820.0,93.58,0.019,389.21,27,80,0
72.47,3.16,33.6,16.15,817.55,94.32,0.016,387.89,27,81,0
72.65,3.14,33.61,16.17,817.56,93.5,0.017,388.26,27,82,0
72.91,3.15,33.6,16.26,818.2,93.8,0.017,390.05,27,83,0
72.65,3.12,33.58,16.23,814.69,94.32,0.02,391.29,27,84,0
73.04,3.1,33.58,16.23,814.7,93.72,0.024,393.22,27,85,0
73.15,3.12,33.58,16.2,812.45,93.95,0.022,393.27,27,86,0
73.11,3.12,33.6,16.18,814.96,93.17,0.024,391.57,27,87,0
72.81,3.14,33.59,16.23,811.66,92.82,0.02,390.75,27,88,0
72.84,3.11,33.58,16.26,813.6,92.03,0.02,392.18,27,89,0
73.14,3.12,33.59,16.34,811.27,92.73,0.023,393.15,27,90,0
72.87,3.12,33.61,16.26,812.1,92.19,0.021,392.25,27,91,0
73.01,3.1,33.6,16.2,814.77,91.83,0.016,390.49,27,92,0
72.68,3.12,33.62,16.19,814.45,91.6,0.015,389.34,27,93,0
73.04,3.14,33.63,16.26,815.9,92.2,0.02,389.87,27,94,0
73.12,3.16,33.62,16.2,813.14,92.62,0.022,389.02,27,95,0
73.31,3.15,33.63,16.24,810.15,93.03,0.017,390.66,27,96,0
73.57,3.14,33.63,16.28,810.11,92.09,0.012,389.53,27,97,0
73.82,3.15,33.62,16.32,814.09,92.31,0.01,390.63,27,98,0
73.68,3.15,33.62,16.37,811.1,91.81,0.006,389.63,27,99,0
73.3,3.12,33.61,16.33,809.98,92.46,0.009,388.95,27,100,0
73.67,3.11,33.6,16.38,809.69,92.25,0.005,389.86,27,101,0
74.04,3.13,33.61,16.38,809.65,92.24,0.003,389.1,27,102,0
74.03,3.15,33.61,16.45,807.77,92.08,0.004,390.71,27,103,0
73.69,3.14,33.63,16.39,808.77,92.79,0.004,389.35,27,104,0
73.55,3.15,33.62,16.41,812.45,92.69,-0.001,387.79,27,105,0
73.74,3.13,33.63,16.35,810.81,91.94,0.004,386.76,27,106,0
73.61,3.15,33.62,16.43,811.72,92.45,0.001,385.36,27,107,0
73.49,3.18,33.62,16.44,815.16,91.51,0.003,386.91,27,108,0
73.78,3.19,33.62,16.36,813.6,91.51,0.006,388.4,27,109,0
73.92,3.21,33.63,16.36,813.55,92.2,0.01,389.98,27,110,0
73.67,3.21,33.62,16.37,810.76,91.33,0.011,388.58,27,111,0
73.78,3.22,33.61,16.36,813.89,91.58,0.008,388.27,27,112,0
73.38,3.21,33.6,16.34,810.98,91.93,0.003,388.64,27,113,0
73.61,3.22,33.59,16.35,812.18,91.36,-0.0,388.79,27,114,0
73.62,3.23,33.59,16.35,811.37,90.65,-0.004,389.85,27,115,0
73.96,3.25,33.6,16.37,808.05,89.91,0.001,390.13,27,116,0
74.35,3.23,33.59,16.27,809.09,89.02,0.005,390.2,27,117,0
74.04,3.23,33.59,16.27,806.5,88.89,0.0,391.58,27,118,0
74.07,3.23,33.59,16.23,808.43,89.32,0.002,391.49,27,119,0
74.36,3.22,33.6,16.32,810.02,89.73,-0.002,391.12,27,120,0
74.51,3.23,33.61,16.26,809.1,89.5,-0.006,391.87,27,121,0
74.8,3.22,33.6,16.23,807.04,90.42,-0.004,391.64,27,122,0
75.13,3.19,33.61,16.32,806.97,90.36,-0.009,393.55,27,123,0
75.47,3.21,33.61,16.26,803.56,89.48,-0.005,395.06,27,124,0
75.71,3.2,33.6,16.23,800.41,90.33,-0.002,395.13,27,125,0
75.72,3.18,33.61,16.16,802.83,89.53,-0.001,393.17,27,126,0
75.9,3.17,33.61,16.12,806.54,89.45,0.004,391.67,27,127,0
76.09,3.14,33.61,16.05,802.79,89.97,0.009,393.33,27,128,0
76.11,3.16,33.61,15.95,803.3,90.36,0.009,391.63,27,129,0
76.33,3.14,33.6,16.05,805.77,90.39,0.007,393.4,27,130,0
76.44,3.13,33.61,15.98,802.29,90.14,0.007,392.15,27,131,0
76.27,3.12,33.59,15.95,799.31,89.79,0.007,390.65,27,132,0
76.02,3.15,33.58,15.97,799.7,89.21,0.003,391.51,27,133,0
76.1,3.14,33.58,16.06,799.78,88.32,-0.001,391.14,27,134,0
76.01,3.14,33.57,16.12,798.6,87.86,-0.004,392.84,27,135,0
76.04,3.15,33.58,16.19,795.93,86.92,-0.006,391.97,27,136,0
76.05,3.12,33.57,16.21,796.34,87.44,-0.008,390.4,27,137,0
76.36,3.13,33.57,16.27,797.21,87.06,-0.006,391.57,27,138,0
76.73,3.11,33.57,16.26,799.74,87.26,-0.011,393.49,27,139,0
76.36,3.13,33.58,16.18,795.77,88.14,-0.014,393.27,27,140,0
76.31,3.15,33.58,16.17,792.14,87.5,-0.017,393.46,27,141,0
75.94,3.13,33.6,16.27,795.94,87.03,-0.016,392.12,27,142,0
75.95,3.13,33.59,16.28,791.97,86.17,-0.016,394.11,27,143,0
75.81,3.11,33.58,16.36,790.06,85.89,-0.016,393.77,27,144,0
76.02,3.13,33.57,16.36,788.39,85.01,-0.013,391.78,27,145,0
76.31,3.13,33.55,16.4,790.83,85.88,-0.009,390.76,27,146,0
76.2,3.16,33.54,16.32,789.21,85.32,-0.01,389.15,27,147,0
76.22,3.15,33.55,16.39,789.33,84.59,-0.008,390.63,27,148,0
76.36,3.16,33.56,16.38,790.43,83.6,-0.009,390.6,27,149,0
76.43,3.14,33.57,16.47,791.1,83.31,-0.011,392.31,27,150,0
76.22,3.13,33.56,16.4,794.92,83.87,-0.01,391.59,27,151,0
76.5,3.16,33.56,16.46,794.52,83.45,-0.005,389.93,27,152,0
76.49,3.15,33.55,16.53,797.99,82.66,-0.006,388.57,27,153,0
76.22,3.16,33.57,16.57,801.12,82.89,-0.007,387.79,27,154,0
75.91,3.18,33.58,16.58,800.65,82.03,-0.007,388.28,27,155,0
75.57,3.2,33.56,16.65,801.27,81.83,-0.006,390.23,27,156,0
75.18,3.22,33.57,16.63,800.55,80.97,-0.003,391.58,27,157,0
75.07,3.25,33.58,16.58,799.73,81.95,0.002,392.18,27,158,0
74.99,3.24,33.57,16.6,799.53,82.83,0.004,390.41,27,159,0
74.73,3.26,33.58,16.56,802.47,82.82,0.005,388.97,27,160,0
74.48,3.24,33.58,16.48,801.8,83.16,0.005,387.92,27,161,0
74.63,3.23,33.59,16.52,802.29,83.11,0.006,388.51,27,162,0
74.49,3.24,33.58,16.44,804.26,83.7,0.001,388.47,27,163,0
74.87,3.24,33.57,16.5,803.3,84.26,-0.002,387.48,27,164,0
75.14,3.26,33.57,16.56,806.22,84.45,0.002,388.22,27,165,0
74.92,3.23,33.56,16.47,802.73,83.88,0.004,386.77,27,166,0
75.05,3.23,33.54,16.46,805.56,84.47,0.006,388.18,27,167,0
75.35,3.21,33.56,16.55,804.48,83.52,0.004,389.36,27,168,0
75.06,3.24,33.57,16.5,801.58,83.52,0.008,391.35,27,169,0
74.95,3.25,33.58,16.45,801.18,84.01,0.011,389.84,27,170,0
75.01,3.25,33.59,16.4,804.24,83.07,0.012,390.65,27,171,0
75.1,3.27,33.6,16.45,807.63,82.87,0.01,391.78,27,172,0
75.27,3.26,33.6,16.5,805.56,83.49,0.014,391.11,27,173,0
75.04,3.25,33.59,16.43,809.27,83.58,0.015,391.57,27,174,0
75.04,3.23,33.61,16.34,807.93,84.12,0.016,392.85,27,175,0
75.4,3.2,33.63,16.44,807.22,83.72,0.015,391.59,27,176,0
75.15,3.21,33.62,16.45,803.25,83.11,0.01,391.79,27,177,0
75.32,3.23,33.63,16.42,804.15,82.59,0.006,392.25,27,178,0
75.03,3.22,33.63,16.36,806.26,82.77,0.007,390.74,27,179,0
75.49,3.28,33.61,16.33,800.58,82.91,0.01,391.73,27,180,1
75.94,3.34,33.6,16.3,798.22,82.99,0.017,393.26,27,181,1
76.54,3.38,33.6,16.25,794.0,83.6,0.023,394.63,27,182,1
76.89,3.42,33.6,16.19,789.8,83.62,0.03,396.16,27,183,1
77.27,3.46,33.57,16.12,785.87,83.84,0.037,396.42,27,184,1
77.76,3.49,33.56,16.06,783.79,83.85,0.04,398.04,27,185,1
78.03,3.54,33.54,16.03,779.45,83.86,0.048,399.35,27,186,1
78.32,3.62,33.52,16.0,776.5,84.42,0.052,400.79,27,187,1
79.08,3.65,33.49,15.93,773.1,85.16,0.06,401.77,27,188,1
79.41,3.7,33.48,15.87,767.28,85.42,0.063,403.4,27,189,1
79.61,3.77,33.47,15.83,763.14,85.43,0.067,404.29,27,190,1
80.04,3.81,33.44,15.77,760.16,85.7,0.071,405.93,27,191,1
80.62,3.86,33.41,15.7,757.36,85.79,0.079,407.49,27,192,1
81.36,3.92,33.4,15.63,754.65,86.43,0.084,407.6,27,193,1
81.98,3.96,33.39,15.58,748.91,86.99,0.09,408.85,27,194,1
82.29,4.01,33.37,15.54,746.86,87.09,0.097,409.61,27,195,1
83.06,4.07,33.37,15.47,744.36,87.57,0.101,410.11,27,196,1
83.52,4.1,33.35,15.4,738.78,87.84,0.106,411.24,27,197,1
83.82,4.16,33.32,15.34,733.33,87.98,0.11,411.66,27,198,1
84.47,4.21,33.31,15.29,729.23,88.07,0.112,412.51,27,199,1
85.14,4.27,33.3,15.27,726.38,88.36,0.12,412.72,27,200,1
85.79,4.32,33.28,15.22,724.17,88.72,0.126,413.9,27,201,1
86.58,4.39,33.27,15.19,718.23,88.8,0.133,415.53,27,202,1
86.81,4.45,33.25,15.11,713.04,89.57,0.138,415.9,27,203,1
87.03,4.51,33.23,15.05,710.08,90.1,0.142,417.05,27,204,1
87.57,4.54,33.22,15.03,707.51,90.37,0.147,418.53,27,205,1
87.88,4.6,33.2,15.0,701.96,91.17,0.154,419.23,27,206,1
88.09,4.67,33.19,14.94,699.61,91.32,0.161,419.58,27,207,1
88.41,4.72,33.16,14.86,696.26,91.61,0.165,420.3,27,208,1
88.96,4.77,33.16,14.81,691.28,91.62,0.172,421.91,27,209,1
89.35,4.84,33.14,14.76,687.47,91.66,0.176,422.97,27,210,1
89.85,4.89,33.13,14.68,683.01,91.99,0.179,423.12,27,211,1
90.62,4.95,33.11,14.62,680.49,92.91,0.186,425.04,27,212,1
91.3,4.99,33.1,14.6,676.2,93.32,0.193,425.44,27,213,1
91.87,5.03,33.1,14.58,670.71,93.43,0.197,425.99,27,214,1
92.07,5.06,33.09,14.5,667.85,93.73,0.203,426.18,27,215,1
92.72,5.13,33.07,14.46,663.33,93.82,0.209,427.84,27,216,1
93.43,5.16,33.05,14.44,657.46,94.35,0.217,429.08,27,217,1
94.02,5.21,33.04,14.39,651.85,95.22,0.221,430.93,27,218,1
94.31,5.25,33.02,14.32,648.52,95.38,0.225,431.39,27,219,1
94.99,5.38,32.97,14.26,644.11,95.96,0.24,432.49,27,220,2
95.61,5.5,32.91,14.13,640.12,97.65,0.248,433.89,27,221,2
96.35,5.62,32.89,14.05,632.12,99.33,0.258,437.7,27,222,2
96.81,5.74,32.85,13.94,628.31,100.72,0.264,441.04,27,223,2
97.69,5.88,32.82,13.87,620.88,102.18,0.27,443.1,27,224,2
98.5,6.03,32.78,13.77,616.45,103.64,0.284,445.88,27,225,2
99.11,6.18,32.74,13.62,611.66,104.58,0.292,449.71,27,226,2
100.07,6.29,32.71,13.53,605.91,105.66,0.302,452.88,27,227,2
101.05,6.41,32.67,13.4,602.32,106.98,0.314,456.33,27,228,2
102.04,6.55,32.61,13.26,597.29,107.83,0.321,457.98,27,229,2
103.01,6.68,32.59,13.17,589.6,109.66,0.332,459.34,27,230,2
103.66,6.82,32.54,13.05,585.95,111.32,0.342,462.79,27,231,2
104.73,6.91,32.51,12.98,582.42,112.29,0.353,464.29,27,232,2
105.58,7.05,32.47,12.86,578.77,113.89,0.363,466.86,27,233,2
106.3,7.16,32.45,12.8,571.27,114.71,0.376,469.14,27,234,2
106.87,7.24,32.41,12.65,566.71,115.46,0.384,470.91,27,235,2
107.91,7.33,32.38,12.53,562.26,116.07,0.391,472.16,27,236,2
108.88,7.43,32.35,12.42,557.49,117.07,0.402,476.11,27,237,2
109.42,7.58,32.3,12.32,552.27,118.03,0.415,479.44,27,238,2
110.32,7.7,32.25,12.26,545.73,119.64,0.423,480.82,27,239,2
111.49,7.82,32.21,12.17,539.52,121.6,0.429,482.31,27,240,2
112.23,7.93,32.16,12.03,532.21,122.68,0.436,484.92,27,241,2
113.25,8.05,32.12,11.88,528.43,124.29,0.45,487.28,27,242,2
113.66,8.13,32.07,11.77,521.6,126.12,0.458,490.03,27,243,2
114.54,8.28,32.02,11.71,518.4,127.55,0.472,493.64,27,244,2
115.35,8.39,31.96,11.65,511.23,128.68,0.482,496.95,27,245,2
116.33,8.53,31.93,11.58,507.92,130.18,0.491,500.83,27,246,2
117.17,8.67,31.89,11.44,500.22,130.91,0.498,503.48,27,247,2
118.24,8.78,31.86,11.36,496.63,132.02,0.505,504.7,27,248,2
119.36,8.91,31.81,11.29,490.77,132.63,0.52,507.0,27,249,2
120.04,9.04,31.76,11.18,485.41,134.28,0.532,508.84,27,250,2
120.52,9.18,31.74,11.05,479.82,135.08,0.546,511.82,27,251,2
120.97,9.28,31.68,10.97,473.51,136.15,0.556,514.61,27,252,2
121.44,9.42,31.66,10.87,465.93,136.83,0.566,518.45,27,253,2
121.94,9.55,31.62,10.77,462.58,137.74,0.578,521.97,27,254,2
122.52,9.64,31.56,10.71,454.92,139.13,0.59,525.09,27,255,2
123.35,9.74,31.53,10.63,449.59,139.64,0.605,528.92,27,256,2
124.25,9.87,31.49,10.54,443.89,141.18,0.614,530.96,27,257,2
124.92,9.99,31.45,10.42,438.76,142.28,0.622,534.79,27,258,2
126.09,10.12,31.41,10.27,431.33,143.5,0.63,536.26,27,259,2
126.97,10.26,31.38,10.15,423.61,145.03,0.64,537.57,27,260,2
128.04,10.4,31.35,10.06,417.43,146.55,0.647,539.05,27,261,2
128.98,10.49,31.32,9.97,411.58,148.05,0.658,542.39,27,262,2
130.03,10.62,31.28,9.88,404.09,148.61,0.671,545.07,27,263,2
130.61,10.75,31.25,9.82,396.35,149.18,0.682,546.96,27,264,2
131.58,10.86,31.21,9.76,388.75,150.35,0.691,549.61,27,265,2
132.0,10.95,31.16,9.71,385.71,151.34,0.702,553.28,27,266,2
133.17,11.1,31.12,9.56,378.12,152.64,0.712,556.55,27,267,2
134.12,11.22,31.07,9.45,373.57,153.76,0.726,558.22,27,268,2
134.62,11.34,31.05,9.31,368.99,155.22,0.738,561.52,27,269,2
135.68,11.46,31.02,9.24,365.78,157.09,0.745,563.86,27,270,2
136.25,11.6,30.98,9.1,361.79,158.55,0.755,565.05,27,271,2
136.73,11.71,30.94,9.04,356.6,159.64,0.764,567.5,27,272,2
137.81,11.82,30.88,8.9,350.45,160.96,0.777,570.7,27,273,2
138.8,11.96,30.85,8.79,346.9,162.3,0.782,573.93,27,274,2
139.72,12.08,30.8,8.7,340.38,164.29,0.795,575.96,27,275,2
140.14,12.23,30.75,8.64,333.71,165.78,0.8,577.4,27,276,2
141.29,12.32,30.7,8.57,328.14,167.56,0.808,580.21,27,277,2
142.31,12.46,30.66,8.45,320.86,168.12,0.821,583.88,27,278,2
142.94,12.56,30.62,8.39,317.66,169.86,0.833,587.88,27,279,2
144.1,12.69,30.57,8.32,313.18,170.78,0.845,591.73,27,280,2
144.72,12.8,30.55,8.25,309.66,171.46,0.852,593.45,27,281,2
145.48,12.91,30.5,8.15,303.41,173.32,0.862,597.15,27,282,2
146.4,13.01,30.46,8.05,300.24,174.93,0.868,599.03,27,283,2
147.21,13.16,30.43,7.95,295.07,176.58,0.881,601.06,27,284,2
148.19,13.3,30.37,7.88,288.55,177.61,0.895,604.32,27,285,2
148.72,13.45,30.33,7.77,280.86,178.39,0.907,605.48,27,286,2
149.76,13.59,30.28,7.7,277.21,180.14,0.922,606.5,27,287,2
150.72,13.7,30.24,7.64,270.96,181.14,0.934,608.65,27,288,2
151.55,13.8,30.18,7.49,266.71,181.71,0.943,609.71,27,289,2
152.2,13.91,30.13,7.44,263.54,182.93,0.954,612.21,27,290,2
153.05,14.0,30.08,7.38,256.27,184.75,0.965,615.63,27,291,2
153.66,14.13,30.03,7.28,250.22,185.28,0.979,616.65,27,292,2
154.31,14.21,29.97,7.15,242.85,186.52,0.985,618.13,27,293,2
155.4,14.3,29.93,7.07,238.4,187.79,0.997,621.91,27,294,2
156.55,14.41,29.9,6.95,230.44,188.46,1.01,623.58,27,295,2
157.64,14.51,29.88,6.8,224.21,189.3,1.022,626.76,27,296,2
158.78,14.61,29.82,6.73,216.26,190.92,1.03,629.84,27,297,2
159.97,14.71,29.78,6.59,208.62,192.47,1.045,632.12,27,298,2
160.5,14.83,29.75,6.53,203.12,194.16,1.057,634.39,27,299,2
73.74,3.22,33.62,15.94,811.5,92.34,0.006,390.47,28,0,0
73.67,3.24,33.63,15.84,808.5,91.67,0.008,388.75,28,1,0
73.82,3.25,33.62,15.86,805.16,91.63,0.006,387.32,28,2,0
74.04,3.22,33.62,15.77,805.6,90.69,0.007,387.18,28,3,0
73.98,3.22,33.6,15.83,802.36,90.96,0.01,387.71,28,4,0
73.74,3.23,33.62,15.78,801.72,91.04,0.014,387.63,28,5,0
74.11,3.23,33.61,15.69,802.67,91.14,0.011,388.0,28,6,0
74.15,3.25,33.62,15.71,800.88,91.98,0.013,388.43,28,7,0
74.05,3.27,33.62,15.75,797.46,91.33,0.012,388.98,28,8,0
74.0,3.24,33.62,15.68,798.18,90.76,0.016,387.4,28,9,0
73.86,3.26,33.61,15.66,795.1,90.79,0.017,388.39,28,10,0
73.73,3.27,33.6,15.57,797.58,89.88,0.017,387.24,28,11,0
73.96,3.24,33.58,15.57,795.01,90.1,0.02,386.62,28,12,0
74.27,3.26,33.58,15.48,794.3,89.37,0.02,386.05,28,13,0
74.56,3.27,33.58,15.49,792.79,89.7,0.018,386.54,28,14,0
74.95,3.26,33.57,15.44,793.77,90.63,0.018,385.24,28,15,0
75.03,3.27,33.57,15.44,795.32,90.73,0.02,385.77,28,16,0
75.3,3.27,33.55,15.48,799.09,90.3,0.021,384.7,28,17,0
75.19,3.3,33.55,15.52,800.2,90.37,0.016,382.73,28,18,0
75.28,3.29,33.54,15.6,798.02,90.47,0.018,384.68,28,19,0
75.27,3.3,33.54,15.53,795.78,91.04,0.02,382.86,28,20,0
75.27,3.32,33.55,15.61,794.39,90.78,0.015,383.95,28,21,0
75.55,3.34,33.56,15.66,791.07,91.36,0.017,383.14,28,22,0
75.19,3.31,33.55,15.6,789.38,91.29,0.013,381.78,28,23,0
75.4,3.3,33.56,15.61,786.45,92.19,0.012,383.74,28,24,0
75.75,3.28,33.57,15.59,786.28,91.69,0.008,382.18,28,25,0
75.85,3.28,33.57,15.62,783.28,92.55,0.008,381.27,28,26,0
75.49,3.26,33.58,15.63,782.37,93.53,0.01,379.45,28,27,0
75.76,3.27,33.56,15.73,780.45,92.55,0.007,378.95,28,28,0
75.75,3.25,33.56,15.68,781.9,92.54,0.006,379.73,28,29,0
75.38,3.24,33.57,15.72,779.64,91.78,0.008,378.88,28,30,0
75.69,3.26,33.57,15.82,781.0,91.66,0.013,377.89,28,31,0
75.46,3.28,33.57,15.83,779.43,91.27,0.009,376.34,28,32,0
75.37,3.29,33.56,15.85,781.6,90.84,0.008,376.84,28,33,0
75.13,3.27,33.56,15.8,781.44,90.64,0.01,376.17,28,34,0
75.5,3.3,33.57,15.73,784.67,90.52,0.012,376.66,28,35,0
75.19,3.27,33.59,15.67,785.19,91.04,0.013,378.13,28,36,0
74.9,3.27,33.6,15.63,782.84,90.51,0.016,376.42,28,37,0
75.26,3.26,33.58,15.59,785.17,91.21,0.017,377.3,28,38,0
75.3,3.29,33.57,15.62,783.98,91.54,0.021,376.47,28,39,0
75.63,3.31,33.58,15.71,782.17,92.04,0.02,377.68,28,40,0
75.3,3.32,33.56,15.66,779.66,91.51,0.022,376.6,28,41,0
75.68,3.29,33.58,15.75,776.45,92.05,0.024,376.93,28,42,0
75.78,3.31,33.57,15.69,775.5,91.08,0.026,375.18,28,43,0
75.83,3.32,33.56,15.63,779.21,90.65,0.031,376.36,28,44,0
75.58,3.3,33.56,15.66,778.14,90.17,0.035,375.97,28,45,0
75.28,3.32,33.56,15.72,775.2,89.67,0.033,377.59,28,46,0
75.03,3.3,33.57,15.7,772.75,88.86,0.035,376.9,28,47,0
75.12,3.3,33.59,15.61,771.13,89.32,0.034,378.89,28,48,0
74.94,3.29,33.58,15.52,770.94,88.64,0.029,377.18,28,49,0
74.76,3.3,33.56,15.44,773.12,88.2,0.033,377.53,28,50,0
74.75,3.28,33.56,15.49,776.5,88.16,0.032,379.44,28,51,0
75.0,3.25,33.55,15.57,776.08,88.13,0.029,378.34,28,52,0
75.21,3.26,33.55,15.66,774.58,88.1,0.027,379.64,28,53,0
75.59,3.27,33.57,15.67,775.3,88.13,0.029,379.43,28,54,0
75.65,3.28,33.57,15.59,776.61,87.32,0.032,380.9,28,55,0
75.99,3.26,33.57,15.61,776.96,86.45,0.034,382.89,28,56,0
75.67,3.28,33.56,15.62,776.49,86.93,0.032,382.52,28,57,0
75.98,3.26,33.55,15.68,774.78,87.6,0.028,384.08,28,58,0
76.36,3.26,33.56,15.59,775.48,87.33,0.027,385.18,28,59,0
76.12,3.25,33.55,15.61,774.94,87.64,0.023,385.72,28,60,0
76.05,3.26,33.55,15.68,777.69,86.84,0.027,387.42,28,61,0
75.65,3.24,33.57,15.76,777.99,86.6,0.025,386.63,28,62,0
75.43,3.22,33.57,15.69,780.67,87.6,0.024,387.89,28,63,0
75.17,3.19,33.57,15.78,783.14,87.69,0.025,387.32,28,64,0
75.39,3.21,33.57,15.73,779.56,88.54,0.026,388.22,28,65,0
75.5,3.19,33.58,15.78,776.56,87.77,0.029,390.17,28,66,0
75.52,3.18,33.59,15.74,779.52,87.48,0.025,390.1,28,67,0
75.39,3.21,33.61,15.65,780.04,86.9,0.026,391.75,28,68,0
75.61,3.23,33.6,15.62,782.35,87.69,0.025,391.53,28,69,0
75.55,3.21,33.6,15.7,781.85,87.41,0.02,390.32,28,70,0
75.58,3.22,33.59,15.61,783.8,86.43,0.022,390.03,28,71,0
75.22,3.23,33.59,15.53,782.62,86.97,0.02,390.03,28,72,0
74.92,3.23,33.6,15.52,785.82,86.04,0.016,391.96,28,73,0
75.02,3.24,33.6,15.59,783.71,85.8,0.013,392.47,28,74,0
74.75,3.25,33.59,15.63,786.1,85.91,0.016,392.01,28,75,0
74.57,3.28,33.58,15.71,784.32,86.15,0.016,391.31,28,76,0
74.5,3.27,33.58,15.69,780.37,85.62,0.02,391.85,28,77,0
74.75,3.25,33.59,15.68,779.74,84.9,0.016,390.89,28,78,0
74.39,3.27,33.58,15.77,780.71,85.36,0.017,392.59,28,79,0
74.77,3.28,33.58,15.75,778.35,84.78,0.013,394.03,28,80,0
74.73,3.3,33.58,15.75,781.0,85.32,0.013,394.93,28,81,0
74.34,3.27,33.57,15.77,781.5,85.69,0.01,393.99,28,82,0
73.97,3.28,33.56,15.81,784.68,85.59,0.012,392.28,28,83,0
73.84,3.28,33.55,15.72,784.9,85.78,0.009,391.48,28,84,0
73.74,3.28,33.55,15.68,788.61,84.97,0.004,391.01,28,85,0
73.6,3.28,33.56,15.62,788.26,84.46,0.007,390.88,28,86,0
73.89,3.29,33.57,15.59,785.26,83.97,0.003,391.74,28,87,0
74.16,3.3,33.56,15.62,788.21,83.28,0.007,393.64,28,88,0
74.43,3.27,33.58,15.55,784.32,84.11,0.01,395.25,28,89,0
74.3,3.25,33.57,15.55,782.52,84.13,0.007,394.33,28,90,0
74.33,3.26,33.58,15.5,785.75,83.19,0.006,392.94,28,91,0
74.07,3.26,33.57,15.46,787.62,82.78,0.006,393.39,28,92,0
74.13,3.27,33.57,15.47,791.35,82.47,0.007,392.13,28,93,0
73.94,3.26,33.59,15.39,794.41,82.89,0.007,392.72,28,94,0
74.08,3.28,33.6,15.41,792.52,82.98,0.008,394.71,28,95,0
73.9,3.28,33.59,15.43,792.66,82.84,0.011,393.7,28,96,0
74.14,3.28,33.58,15.34,795.15,83.58,0.012,392.94,28,97,0
74.27,3.29,33.6,15.37,794.59,83.69,0.017,391.87,28,98,0
74.06,3.27,33.61,15.44,792.99,83.49,0.014,391.06,28,99,0
74.21,3.28,33.62,15.43,795.51,82.79,0.016,390.69,28,100,0
74.29,3.3,33.61,15.46,792.78,82.27,0.015,392.51,28,101,0
74.61,3.29,33.61,15.52,793.22,81.42,0.018,391.82,28,102,0
74.33,3.27,33.61,15.48,795.3,80.51,0.022,392.14,28,103,0
74.51,3.27,33.6,15.38,797.19,80.19,0.018,390.65,28,104,0
74.24,3.29,33.61,15.45,794.57,79.39,0.014,389.22,28,105,0
74.4,3.32,33.6,15.47,793.51,79.13,0.012,388.38,28,106,0
74.49,3.31,33.6,15.42,796.67,78.16,0.007,386.68,28,107,0
74.37,3.32,33.61,15.32,795.42,78.51,0.008,387.51,28,108,0
74.58,3.34,33.61,15.26,793.48,79.32,0.011,388.26,28,109,0
74.76,3.34,33.6,15.21,794.28,80.18,0.01,387.54,28,110,0
74.39,3.35,33.59,15.22,796.81,79.48,0.005,387.25,28,111,0
74.74,3.36,33.6,15.24,795.91,80.03,0.009,385.27,28,112,0
74.82,3.36,33.61,15.31,798.57,80.35,0.009,386.37,28,113,0
75.08,3.38,33.59,15.37,796.49,80.71,0.014,384.61,28,114,0
75.06,3.36,33.6,15.36,794.91,79.81,0.015,385.89,28,115,0
75.43,3.35,33.6,15.31,798.61,78.94,0.012,386.65,28,116,0
75.72,3.32,33.58,15.29,794.74,78.16,0.009,387.15,28,117,0
75.69,3.3,33.57,15.21,795.58,77.89,0.012,387.05,28,118,0
75.99,3.3,33.55,15.13,792.08,78.3,0.008,386.44,28,119,0
75.7,3.32,33.55,15.22,792.7,79.03,0.005,387.83,28,120,0
75.99,3.33,33.53,15.29,796.44,79.37,0.005,388.01,28,121,0
76.29,3.3,33.54,15.19,798.7,78.67,0.003,387.85,28,122,0
76.28,3.31,33.56,15.22,797.38,79.17,0.001,389.71,28,123,0
76.19,3.29,33.58,15.15,797.6,79.94,0.004,387.82,28,124,0
76.11,3.3,33.6,15.24,797.16,79.97,0.005,388.51,28,125,0
76.46,3.29,33.59,15.16,797.25,79.84,0.002,387.73,28,126,0
76.54,3.28,33.59,15.21,799.63,80.69,-0.002,387.72,28,127,0
76.31,3.31,33.61,15.28,800.49,79.89,-0.006,389.26,28,128,0
76.29,3.32,33.59,15.28,797.62,80.46,-0.004,390.33,28,129,0
76.11,3.35,33.59,15.28,794.45,80.73,-0.003,391.29,28,130,0
76.24,3.34,33.59,15.2,796.81,79.88,-0.007,391.86,28,131,0
76.05,3.35,33.59,15.17,798.26,80.13,-0.005,392.49,28,132,0
75.99,3.38,33.61,15.19,796.91,79.56,-0.004,391.35,28,133,0
75.66,3.37,33.6,15.29,793.02,79.64,-0.005,391.59,28,134,0
75.63,3.34,33.6,15.22,791.52,79.39,-0.008,391.68,28,135,0
75.7,3.33,33.61,15.24,788.59,79.68,-0.007,392.78,28,136,0
75.34,3.34,33.63,15.27,790.18,80.59,-0.005,391.76,28,137,0
75.5,3.31,33.64,15.22,788.88,79.85,-0.007,391.59,28,138,0
75.69,3.32,33.62,15.15,789.27,79.98,-0.003,391.97,28,139,0
75.34,3.35,33.61,15.24,791.82,79.1,0.001,390.48,28,140,0
75.41,3.36,33.62,15.3,793.0,78.3,-0.001,391.51,28,141,0
75.67,3.35,33.6,15.34,795.38,77.34,-0.005,390.1,28,142,0
75.39,3.37,33.58,15.37,795.89,77.44,-0.001,391.49,28,143,0
75.39,3.4,33.6,15.34,793.26,76.77,-0.003,392.74,28,144,0
75.28,3.42,33.61,15.24,792.61,76.04,-0.005,392.89,28,145,0
75.17,3.43,33.63,15.24,794.43,75.32,-0.009,394.49,28,146,0
75.24,3.43,33.63,15.32,796.53,74.99,-0.008,393.0,28,147,0
74.85,3.4,33.65,15.32,796.07,74.87,-0.012,394.63,28,148,0
75.13,3.37,33.64,15.39,798.76,75.22,-0.01,395.2,28,149,0
74.98,3.38,33.63,15.43,795.22,74.63,-0.01,393.56,28,150,0
74.66,3.37,33.63,15.52,791.71,74.75,-0.01,393.93,28,151,0
74.98,3.34,33.63,15.61,788.78,74.63,-0.009,393.48,28,152,0
74.68,3.31,33.62,15.52,787.78,74.22,-0.012,394.25,28,153,0
75.04,3.32,33.61,15.6,787.94,73.65,-0.01,395.38,28,154,0
74.97,3.33,33.61,15.64,790.74,72.86,-0.013,395.59,28,155,0
75.13,3.34,33.61,15.58,789.45,73.83,-0.009,394.86,28,156,0
74.94,3.36,33.61,15.51,787.07,73.57,-0.005,393.67,28,157,0
74.82,3.39,33.6,15.47,786.89,74.23,-0.009,393.23,28,158,0
74.54,3.37,33.59,15.57,786.94,75.02,-0.006,394.93,28,159,0
74.81,3.36,33.59,15.49,786.71,74.16,-0.008,394.81,28,160,0
74.44,3.37,33.58,15.41,788.18,73.65,-0.006,394.74,28,161,0
74.24,3.34,33.59,15.48,790.68,73.95,-0.003,392.77,28,162,0
74.05,3.34,33.59,15.58,792.03,73.63,-0.004,393.84,28,163,0
73.65,3.36,33.58,15.55,794.17,73.84,-0.009,391.9,28,164,0
73.79,3.34,33.58,15.47,792.9,74.2,-0.008,392.94,28,165,0
73.42,3.35,33.56,15.49,789.85,73.85,-0.007,391.07,28,166,0
73.08,3.33,33.55,15.54,786.67,74.69,-0.002,392.26,28,167,0
73.47,3.33,33.54,15.63,789.22,75.43,-0.0,392.04,28,168,0
73.28,3.35,33.56,15.72,792.1,76.06,0.003,391.8,28,169,0
72.91,3.34,33.54,15.72,793.25,76.54,-0.001,393.79,28,170,0
72.89,3.36,33.53,15.73,789.75,76.4,-0.004,395.66,28,171,0
72.66,3.37,33.53,15.76,787.22,76.65,-0.007,395.21,28,172,0
72.94,3.4,33.52,15.84,789.4,76.24,-0.011,396.29,28,173,0
73.12,3.41,33.54,15.74,790.91,76.56,-0.01,397.37,28,174,0
72.78,3.43,33.54,15.68,789.39,76.47,-0.014,395.79,28,175,0
72.86,3.45,33.52,15.73,793.3,76.37,-0.013,394.25,28,176,0
72.48,3.48,33.5,15.65,793.88,75.53,-0.01,394.78,28,177,0
72.74,3.49,33.52,15.71,794.55,75.87,-0.006,394.02,28,178,0
72.71,3.47,33.51,15.69,795.44,76.56,-0.011,394.84,28,179,0
73.37,3.53,33.48,15.64,791.11,76.94,-0.007,396.07,28,180,1
73.8,3.58,33.46,15.6,786.94,77.59,-0.003,397.01,28,181,1
74.49,3.65,33.44,15.55,782.65,78.46,0.005,398.3,28,182,1
74.97,3.69,33.43,15.48,778.92,79.3,0.01,399.23,28,183,1
75.74,3.77,33.4,15.41,776.39,79.4,0.014,399.33,28,184,1
76.35,3.81,33.39,15.35,772.56,79.47,0.017,401.06,28,185,1
77.06,3.88,33.37,15.32,767.11,80.27,0.021,402.7,28,186,1
77.43,3.95,33.35,15.25,763.82,81.18,0.026,404.01,28,187,1
77.79,4.02,33.32,15.2,758.36,81.5,0.03,404.36,28,188,1
78.18,4.07,33.32,15.15,755.9,81.9,0.033,405.32,28,189,1
78.68,4.15,33.31,15.09,753.67,82.74,0.04,407.13,28,190,1
79.45,4.2,33.31,15.03,751.44,82.76,0.043,408.33,28,191,1
79.87,4.27,33.28,14.98,745.86,82.93,0.046,409.94,28,192,1
80.49,4.32,33.26,14.91,741.73,83.15,0.052,410.9,28,193,1
80.87,4.36,33.24,14.84,738.66,83.38,0.055,412.55,28,194,1
81.4,4.44,33.24,14.82,734.31,83.42,0.06,412.78,28,195,1
81.82,4.48,33.22,14.77,729.13,83.52,0.065,413.13,28,196,1
82.55,4.52,33.22,14.72,725.21,83.78,0.072,414.02,28,197,1
83.24,4.56,33.2,14.64,721.78,84.23,0.077,415.46,28,198,1
83.52,4.62,33.2,14.62,715.88,84.42,0.083,416.84,28,199,1
84.01,4.66,33.17,14.56,713.48,85.1,0.091,418.03,28,200,1
84.71,4.73,33.15,14.53,711.46,85.58,0.096,418.59,28,201,1
84.97,4.78,33.14,14.46,707.36,86.02,0.102,419.87,28,202,1
85.77,4.84,33.12,14.41,702.84,86.33,0.108,421.61,28,203,1
86.41,4.88,33.09,14.35,699.85,86.37,0.112,422.4,28,204,1
86.64,4.95,33.07,14.29,695.32,86.91,0.12,423.25,28,205,1
87.38,4.99,33.04,14.21,692.78,86.92,0.124,424.54,28,206,1
87.89,5.03,33.02,14.14,690.42,87.8,0.13,426.5,28,207,1
88.31,5.1,33.01,14.07,687.79,88.0,0.136,426.62,28,208,1
88.95,5.17,32.99,13.99,683.97,88.76,0.139,427.99,28,209,1
89.57,5.24,32.97,13.96,679.07,88.92,0.141,428.6,28,210,1
90.34,5.29,32.96,13.91,676.79,89.91,0.148,428.79,28,211,1
90.73,5.33,32.94,13.87,671.8,90.71,0.15,429.57,28,212,1
90.98,5.4,32.94,13.8,666.08,91.05,0.156,431.57,28,213,1
91.54,5.44,32.92,13.73,663.52,91.28,0.161,431.72,28,214,1
92.18,5.51,32.91,13.67,659.63,92.22,0.166,433.17,28,215,1
92.7,5.59,32.9,13.6,655.71,92.27,0.169,433.77,28,216,1
92.94,5.63,32.87,13.55,650.39,92.58,0.175,435.29,28,217,1
93.15,5.69,32.86,13.47,646.25,92.66,0.18,435.99,28,218,1
93.48,5.72,32.84,13.44,643.0,93.04,0.187,436.91,28,219,1
94.66,5.84,32.78,13.34,635.97,94.04,0.194,438.61,28,220,2
95.31,5.96,32.75,13.28,630.87,94.73,0.204,440.03,28,221,2
96.29,6.07,32.73,13.19,625.5,95.7,0.211,443.04,28,222,2
96.78,6.17,32.68,13.08,621.58,97.07,0.217,446.26,28,223,2
97.76,6.29,32.63,12.95,617.84,98.37,0.231,447.29,28,224,2
98.57,6.39,32.58,12.9,612.7,99.79,0.239,449.19,28,225,2
99.01,6.49,32.55,12.76,607.18,101.41,0.254,451.92,28,226,2
100.2,6.61,32.51,12.67,603.61,102.41,0.268,453.7,28,227,2
101.04,6.75,32.48,12.56,597.18,103.63,0.281,454.78,28,228,2
101.83,6.84,32.45,12.44,594.08,105.31,0.289,455.93,28,229,2
102.42,6.96,32.4,12.35,590.51,105.87,0.295,457.9,28,230,2
103.01,7.09,32.36,12.22,584.59,106.78,0.307,460.22,28,231,2
104.1,7.21,32.34,12.15,580.83,108.59,0.318,464.02,28,232,2
104.51,7.3,32.31,12.0,577.25,110.12,0.333,467.54,28,233,2
105.28,7.43,32.26,11.87,569.54,110.94,0.343,471.3,28,234,2
106.4,7.54,32.23,11.76,566.37,111.91,0.356,474.28,28,235,2
106.9,7.66,32.18,11.66,558.47,112.66,0.366,477.25,28,236,2
107.97,7.76,32.14,11.58,554.6,113.5,0.374,479.61,28,237,2
109.08,7.87,32.11,11.53,549.24,114.39,0.389,480.78,28,238,2
110.14,8.01,32.09,11.44,541.43,115.24,0.397,483.88,28,239,2
110.99,8.11,32.05,11.34,536.28,116.41,0.41,486.21,28,240,2
111.89,8.2,32.01,11.28,530.78,117.19,0.425,489.13,28,241,2
112.82,8.31,31.99,11.18,526.49,117.92,0.438,492.15,28,242,2
113.81,8.45,31.93,11.08,522.36,119.65,0.449,493.41,28,243,2
114.63,8.59,31.91,10.96,514.95,121.63,0.46,496.08,28,244,2
115.48,8.68,31.88,10.87,511.63,123.24,0.468,497.09,28,245,2
116.39,8.82,31.86,10.76,503.85,123.86,0.475,500.19,28,246,2
117.45,8.93,31.83,10.7,498.98,125.32,0.483,501.65,28,247,2
117.86,9.01,31.78,10.64,492.14,126.45,0.498,504.39,28,248,2
118.55,9.16,31.74,10.52,489.03,128.3,0.511,507.14,28,249,2
119.66,9.29,31.7,10.4,481.27,130.22,0.516,509.04,28,250,2
120.41,9.37,31.67,10.26,474.17,131.93,0.525,510.12,28,251,2
121.58,9.48,31.62,10.14,466.82,133.18,0.534,514.01,28,252,2
122.47,9.6,31.58,10.02,461.17,135.06,0.545,515.65,28,253,2
123.17,9.7,31.54,9.87,456.61,136.39,0.554,518.67,28,254,2
123.6,9.84,31.5,9.72,451.09,137.21,0.563,522.21,28,255,2
124.69,9.94,31.45,9.63,444.23,138.39,0.573,523.41,28,256,2
125.66,10.03,31.42,9.51,439.63,140.12,0.581,524.83,28,257,2
126.77,10.14,31.38,9.42,432.0,141.23,0.588,527.59,28,258,2
127.39,10.23,31.33,9.36,428.22,142.96,0.603,530.47,28,259,2
127.91,10.33,31.3,9.25,423.72,144.76,0.618,533.24,28,260,2
128.73,10.44,31.26,9.16,417.45,145.57,0.633,535.98,28,261,2
129.26,10.53,31.23,9.06,412.5,147.51,0.647,537.97,28,262,2
129.98,10.62,31.2,9.01,405.48,148.9,0.657,540.63,28,263,2
131.02,10.74,31.17,8.91,401.88,149.47,0.668,543.76,28,264,2
131.89,10.85,31.13,8.8,396.5,150.57,0.678,545.17,28,265,2
132.82,10.97,31.07,8.68,390.55,152.04,0.69,547.81,28,266,2
133.37,11.08,31.01,8.6,382.97,154.01,0.704,549.79,28,267,2
133.81,11.19,30.97,8.52,378.4,154.92,0.716,550.85,28,268,2
134.39,11.27,30.94,8.43,375.22,156.43,0.725,553.37,28,269,2
135.29,11.4,30.9,8.29,371.19,158.25,0.735,554.4,28,270,2
136.21,11.5,30.86,8.2,364.44,159.38,0.746,557.8,28,271,2
137.28,11.64,30.8,8.12,359.68,161.1,0.751,560.15,28,272,2
138.3,11.73,30.76,8.04,356.35,162.07,0.758,564.04,28,273,2
138.94,11.84,30.73,7.91,349.89,162.76,0.769,566.12,28,274,2
139.85,11.98,30.69,7.84,342.52,164.63,0.778,568.05,28,275,2
140.37,12.07,30.66,7.76,335.52,166.03,0.785,571.74,28,276,2
141.32,12.16,30.62,7.65,328.13,166.88,0.8,572.82,28,277,2
142.45,12.29,30.58,7.59,321.92,168.75,0.807,574.53,28,278,2
143.43,12.38,30.54,7.44,315.19,170.47,0.822,577.4,28,279,2
144.41,12.52,30.5,7.38,308.39,171.16,0.83,580.82,28,280,2
145.5,12.65,30.45,7.28,302.44,171.81,0.838,584.08,28,281,2
146.48,12.74,30.39,7.2,295.47,173.36,0.845,586.83,28,282,2
147.26,12.84,30.33,7.07,289.95,174.86,0.857,588.52,28,283,2
148.24,12.95,30.29,6.97,286.35,176.13,0.871,592.46,28,284,2
149.17,13.08,30.24,6.83,279.4,177.78,0.878,593.91,28,285,2
149.74,13.2,30.18,6.72,274.1,178.38,0.889,597.19,28,286,2
150.79,13.28,30.13,6.62,270.96,180.19,0.9,599.95,28,287,2
151.9,13.38,30.08,6.47,267.69,182.0,0.91,601.33,28,288,2
152.85,13.46,30.03,6.39,263.8,183.97,0.922,603.45,28,289,2
153.69,13.55,30.01,6.26,255.92,185.86,0.934,604.73,28,290,2
154.14,13.68,29.98,6.12,250.92,187.5,0.945,605.89,28,291,2
155.34,13.78,29.94,5.99,246.61,188.37,0.958,607.23,28,292,2
155.83,13.86,29.89,5.91,242.54,189.36,0.971,610.35,28,293,2
156.31,13.98,29.85,5.82,235.33,190.24,0.977,613.62,28,294,2
157.1,14.08,29.79,5.76,228.29,191.69,0.99,614.95,28,295,2
158.23,14.22,29.75,5.65,223.44,192.39,1.003,618.27,28,296,2
158.69,14.36,29.69,5.53,218.0,193.93,1.012,619.33,28,297,2
159.17,14.47,29.64,5.45,211.86,195.64,1.024,622.09,28,298,2
160.11,14.56,29.6,5.38,205.4,196.85,1.034,625.35,28,299,2
73.93,3.17,33.61,16.07,810.66,92.52,0.006,391.92,29,0,0
73.98,3.15,33.63,16.13,812.72,92.69,0.007,390.12,29,1,0
73.92,3.12,33.62,16.07,810.42,93.37,0.011,391.35,29,2,0
73.97,3.1,33.63,15.98,808.15,93.65,0.013,391.33,29,3,0
74.03,3.11,33.62,16.02,804.84,93.52,0.011,389.48,29,4,0
74.2,3.13,33.6,15.95,805.31,94.19,0.007,391.05,29,5,0
73.81,3.15,33.6,15.99,802.67,93.19,0.003,392.03,29,6,0
73.98,3.12,33.62,15.92,801.84,94.08,0.001,393.27,29,7,0
74.08,3.14,33.63,15.87,805.2,94.39,-0.001,394.57,29,8,0
74.15,3.16,33.64,15.92,804.5,95.17,0.0,396.12,29,9,0
74.0,3.18,33.64,15.89,806.41,94.3,-0.004,396.37,29,10,0
74.3,3.2,33.65,15.98,808.17,94.47,-0.005,398.19,29,11,0
74.12,3.21,33.66,15.89,808.37,95.12,-0.005,398.79,29,12,0
74.04,3.22,33.66,15.79,809.0,94.8,-0.002,397.13,29,13,0
73.9,3.21,33.65,15.77,811.13,95.42,-0.002,396.15,29,14,0
73.73,3.2,33.66,15.8,811.87,95.84,-0.004,395.37,29,15,0
73.88,3.19,33.66,15.87,808.25,96.07,-0.008,397.24,29,16,0
73.54,3.17,33.67,15.86,806.71,96.91,-0.013,398.43,29,17,0
73.34,3.17,33.68,15.81,806.82,97.16,-0.016,397.93,29,18,0
73.69,3.18,33.68,15.86,804.14,97.62,-0.015,397.97,29,19,0
74.0,3.17,33.69,15.87,807.06,98.36,-0.013,397.53,29,20,0
73.61,3.15,33.69,15.95,808.32,98.55,-0.015,396.07,29,21,0
73.89,3.18,33.69,15.91,804.45,98.56,-0.012,394.89,29,22,0
74.22,3.15,33.69,16.01,805.42,99.34,-0.011,393.58,29,23,0
74.1,3.17,33.69,15.91,803.16,99.14,-0.01,392.46,29,24,0
73.8,3.16,33.69,15.97,800.69,98.41,-0.006,393.61,29,25,0
74.18,3.18,33.7,15.92,799.05,97.91,-0.005,393.5,29,26,0
74.15,3.15,33.72,16.01,802.19,97.51,-0.008,392.19,29,27,0
74.21,3.17,33.72,15.95,801.39,98.0,-0.009,391.87,29,28,0
74.57,3.18,33.71,15.85,803.64,97.28,-0.011,390.77,29,29,0
74.36,3.18,33.72,15.94,800.79,96.86,-0.014,391.86,29,30,0
74.24,3.17,33.7,15.96,801.58,97.41,-0.018,390.61,29,31,0
74.03,3.18,33.69,15.93,803.23,97.15,-0.023,390.58,29,32,0
73.69,3.19,33.69,15.97,800.68,96.3,-0.02,390.94,29,33,0
73.64,3.18,33.67,15.98,798.1,96.68,-0.021,392.51,29,34,0
73.32,3.2,33.67,15.98,797.63,95.96,-0.024,390.77,29,35,0
73.42,3.2,33.66,16.07,794.44,95.65,-0.02,389.62,29,36,0
73.33,3.22,33.66,16.15,795.82,95.62,-0.022,387.7,29,37,0
73.59,3.21,33.64,16.19,798.95,96.54,-0.022,387.67,29,38,0
73.19,3.22,33.62,16.21,795.39,96.63,-0.018,388.23,29,39,0
73.31,3.2,33.63,16.3,797.46,95.78,-0.014,388.89,29,40,0
73.64,3.23,33.64,16.22,794.67,95.18,-0.011,387.4,29,41,0
73.82,3.22,33.64,16.28,793.96,95.03,-0.008,385.79,29,42,0
73.97,3.23,33.64,16.31,796.31,94.53,-0.008,385.14,29,43,0
73.58,3.26,33.62,16.38,796.28,95.38,-0.011,386.92,29,44,0
73.65,3.25,33.62,16.3,793.54,94.98,-0.01,387.04,29,45,0
73.88,3.23,33.63,16.34,796.59,94.89,-0.012,386.45,29,46,0
74.19,3.21,33.63,16.28,800.54,95.7,-0.015,387.87,29,47,0
74.3,3.21,33.62,16.34,800.29,96.5,-0.012,389.27,29,48,0
74.66,3.21,33.64,16.32,802.09,96.4,-0.008,388.28,29,49,0
74.37,3.19,33.63,16.26,804.58,96.22,-0.013,388.51,29,50,0
74.29,3.16,33.62,16.17,805.35,95.65,-0.01,389.96,29,51,0
74.04,3.14,33.63,16.22,802.77,95.48,-0.014,388.35,29,52,0
73.81,3.16,33.64,16.21,800.06,94.52,-0.018,387.84,29,53,0
73.63,3.16,33.62,16.19,801.58,94.7,-0.016,388.36,29,54,0
73.69,3.17,33.6,16.23,797.96,94.53,-0.021,388.5,29,55,0
73.51,3.19,33.61,16.32,800.55,94.37,-0.017,388.97,29,56,0
73.8,3.16,33.62,16.24,801.91,93.46,-0.017,390.84,29,57,0
73.47,3.18,33.62,16.23,803.08,92.81,-0.018,388.86,29,58,0
73.25,3.16,33.6,16.31,803.86,91.81,-0.014,389.05,29,59,0
73.5,3.15,33.61,16.41,804.19,92.09,-0.014,390.08,29,60,0
73.19,3.14,33.63,16.46,804.78,92.17,-0.009,389.47,29,61,0
72.9,3.11,33.64,16.48,802.91,93.14,-0.009,390.14,29,62,0
73.0,3.12,33.64,16.54,804.81,92.85,-0.013,390.75,29,63,0
72.8,3.1,33.65,16.49,806.89,93.81,-0.01,392.43,29,64,0
72.91,3.13,33.65,16.48,809.47,93.76,-0.014,394.02,29,65,0
72.77,3.11,33.65,16.5,807.47,93.0,-0.01,395.51,29,66,0
72.87,3.08,33.64,16.51,807.17,93.08,-0.012,394.93,29,67,0
73.23,3.07,33.64,16.58,805.81,93.9,-0.013,394.96,29,68,0
72.92,3.07,33.62,16.64,805.89,94.45,-0.015,393.9,29,69,0
72.7,3.09,33.62,16.69,803.23,94.95,-0.017,394.12,29,70,0
72.6,3.11,33.61,16.62,802.02,95.25,-0.021,395.51,29,71,0
72.48,3.14,33.63,16.67,800.01,95.13,-0.022,395.49,29,72,0
72.37,3.12,33.64,16.61,797.46,94.78,-0.021,394.82,29,73,0
72.01,3.12,33.62,16.53,800.84,94.37,-0.018,394.15,29,74,0
71.92,3.11,33.6,16.6,798.59,94.72,-0.014,394.16,29,75,0
71.76,3.09,33.58,16.59,800.56,94.81,-0.016,393.07,29,76,0
71.46,3.07,33.6,16.65,797.26,95.07,-0.015,392.08,29,77,0
71.28,3.05,33.59,16.71,799.02,95.71,-0.012,391.32,29,78,0
71.01,3.07,33.59,16.75,802.69,94.85,-0.01,390.41,29,79,0
71.12,3.07,33.58,16.72,802.87,95.24,-0.011,388.43,29,80,0
71.31,3.08,33.57,16.63,799.07,96.2,-0.01,387.91,29,81,0
71.5,3.1,33.55,16.62,800.9,95.73,-0.01,389.12,29,82,0
71.59,3.11,33.56,16.7,798.84,95.65,-0.01,390.53,29,83,0
71.74,3.12,33.56,16.68,795.75,94.74,-0.009,391.75,29,84,0
72.04,3.13,33.58,16.6,799.11,94.65,-0.014,392.4,29,85,0
71.81,3.11,33.57,16.67,796.71,94.74,-0.011,390.45,29,86,0
71.89,3.11,33.57,16.63,797.2,95.39,-0.015,389.14,29,87,0
72.18,3.11,33.58,16.73,794.84,94.52,-0.015,387.95,29,88,0
72.49,3.08,33.59,16.65,792.24,93.92,-0.012,387.44,29,89,0
72.25,3.06,33.61,16.56,791.39,94.2,-0.011,387.76,29,90,0
72.02,3.05,33.6,16.58,794.22,93.73,-0.009,388.36,29,91,0
72.33,3.05,33.59,16.52,793.24,94.37,-0.011,387.11,29,92,0
72.18,3.05,33.58,16.48,790.68,93.75,-0.009,386.75,29,93,0
72.48,3.08,33.58,16.46,793.42,93.26,-0.004,388.28,29,94,0
72.63,3.08,33.56,16.51,792.6,92.87,-0.003,388.8,29,95,0
72.38,3.09,33.58,16.52,795.83,92.5,-0.006,387.18,29,96,0
72.38,3.1,33.56,16.47,796.38,93.35,-0.01,386.88,29,97,0
71.98,3.09,33.57,16.54,799.5,94.06,-0.005,386.95,29,98,0
72.34,3.07,33.59,16.57,800.64,93.27,-0.007,385.98,29,99,0
72.12,3.09,33.58,16.48,803.62,94.03,-0.005,385.81,29,100,0
72.17,3.06,33.58,16.44,800.63,93.53,-0.006,383.85,29,101,0
72.26,3.06,33.58,16.46,803.28,94.32,-0.006,384.89,29,102,0
72.31,3.07,33.59,16.48,806.65,93.69,-0.001,385.95,29,103,0
72.46,3.04,33.58,16.48,804.68,93.83,-0.0,384.23,29,104,0
72.84,3.05,33.58,16.55,802.34,93.05,-0.003,385.04,29,105,0
73.02,3.05,33.6,16.58,804.96,93.96,-0.001,385.57,29,106,0
73.31,3.05,33.6,16.59,801.02,93.25,-0.001,384.93,29,107,0
73.61,3.08,33.6,16.62,797.73,92.9,-0.004,385.77,29,108,0
73.55,3.07,33.62,16.56,793.88,93.71,-0.006,386.13,29,109,0
73.78,3.07,33.62,16.49,797.74,93.74,-0.005,387.39,29,110,0
73.94,3.07,33.63,16.55,794.15,93.64,-0.009,387.1,29,111,0
74.29,3.07,33.65,16.53,793.82,92.98,-0.01,386.16,29,112,0
74.49,3.06,33.63,16.54,794.44,92.34,-0.014,385.04,29,113,0
74.4,3.06,33.63,16.59,797.84,92.4,-0.014,383.77,29,114,0
74.67,3.04,33.63,16.6,797.56,93.25,-0.016,383.81,29,115,0
74.59,3.07,33.63,16.5,798.31,94.17,-0.014,382.77,29,116,0
74.41,3.05,33.64,16.52,796.82,93.76,-0.015,384.61,29,117,0
74.32,3.07,33.64,16.46,797.78,94.03,-0.017,386.18,29,118,0
74.56,3.09,33.63,16.54,801.13,94.37,-0.017,384.47,29,119,0
74.2,3.09,33.63,16.59,797.68,94.89,-0.019,385.67,29,120,0
73.84,3.08,33.63,16.56,795.46,94.03,-0.021,384.41,29,121,0
74.16,3.09,33.64,16.59,793.23,93.18,-0.019,385.24,29,122,0
74.15,3.11,33.65,16.69,793.94,92.91,-0.022,384.73,29,123,0
74.11,3.12,33.65,16.77,793.81,92.46,-0.02,385.5,29,124,0
74.1,3.13,33.65,16.74,794.47,91.56,-0.021,387.43,29,125,0
74.0,3.13,33.66,16.7,793.34,92.34,-0.024,386.53,29,126,0
74.13,3.1,33.67,16.63,793.07,93.07,-0.022,385.48,29,127,0
73.82,3.1,33.68,16.6,793.45,92.31,-0.018,386.9,29,128,0
74.19,3.11,33.68,16.55,794.82,92.88,-0.018,385.71,29,129,0
74.48,3.09,33.69,16.56,793.62,93.59,-0.015,383.93,29,130,0
74.1,3.11,33.7,16.66,792.49,94.26,-0.019,383.14,29,131,0
74.16,3.14,33.69,16.75,790.09,93.48,-0.014,382.7,29,132,0
74.45,3.17,33.7,16.79,793.83,93.31,-0.013,381.11,29,133,0
74.14,3.17,33.7,16.71,793.69,92.73,-0.015,382.46,29,134,0
73.89,3.2,33.69,16.77,794.59,91.95,-0.016,382.89,29,135,0
74.24,3.2,33.69,16.71,794.81,92.09,-0.012,382.05,29,136,0
74.04,3.18,33.69,16.64,791.59,92.6,-0.016,380.51,29,137,0
74.34,3.19,33.68,16.63,788.37,91.88,-0.016,379.23,29,138,0
74.0,3.19,33.69,16.54,788.31,91.28,-0.019,379.82,29,139,0
73.9,3.16,33.68,16.49,790.71,91.18,-0.024,379.73,29,140,0
74.25,3.18,33.67,16.43,794.46,91.07,-0.021,380.08,29,141,0
74.04,3.16,33.68,16.46,793.28,91.64,-0.02,380.15,29,142,0
73.78,3.18,33.69,16.4,796.22,90.66,-0.024,381.43,29,143,0
73.98,3.18,33.67,16.33,799.62,89.75,-0.02,379.88,29,144,0
74.24,3.16,33.67,16.38,798.36,89.36,-0.016,378.57,29,145,0
74.04,3.15,33.68,16.48,800.52,90.23,-0.019,379.34,29,146,0
74.04,3.16,33.67,16.43,803.49,90.3,-0.019,377.45,29,147,0
73.87,3.18,33.65,16.38,804.84,89.31,-0.021,376.47,29,148,0
74.09,3.17,33.66,16.4,802.7,88.44,-0.025,374.71,29,149,0
73.93,3.19,33.66,16.46,800.65,88.23,-0.029,375.27,29,150,0
74.25,3.2,33.64,16.36,799.99,88.01,-0.024,376.99,29,151,0
74.55,3.18,33.65,16.32,803.32,88.86,-0.023,377.62,29,152,0
74.53,3.19,33.63,16.32,802.08,89.53,-0.023,377.86,29,153,0
74.17,3.18,33.62,16.35,803.28,90.17,-0.025,379.11,29,154,0
73.96,3.19,33.61,16.29,806.06,89.69,-0.03,381.02,29,155,0
74.11,3.22,33.6,16.3,807.08,89.08,-0.032,382.47,29,156,0
73.76,3.23,33.61,16.37,804.95,88.59,-0.031,381.44,29,157,0
73.53,3.23,33.62,16.31,806.8,87.97,-0.035,380.66,29,158,0
73.65,3.26,33.61,16.3,805.2,87.26,-0.032,381.68,29,159,0
73.9,3.28,33.61,16.39,808.9,87.81,-0.036,382.66,29,160,0
74.25,3.28,33.62,16.32,805.4,88.12,-0.033,381.07,29,161,0
74.32,3.26,33.61,16.23,808.02,87.52,-0.031,380.87,29,162,0
74.59,3.27,33.6,16.3,805.15,87.62,-0.032,379.68,29,163,0
74.55,3.27,33.6,16.25,807.84,87.39,-0.035,381.19,29,164,0
74.93,3.26,33.59,16.21,806.3,87.61,-0.04,381.65,29,165,0
74.92,3.25,33.58,16.23,808.83,88.17,-0.036,381.32,29,166,0
74.71,3.25,33.58,16.19,810.15,88.58,-0.04,379.42,29,167,0
74.32,3.26,33.6,16.23,813.92,87.83,-0.036,379.92,29,168,0
74.55,3.28,33.59,16.18,817.22,88.66,-0.035,381.61,29,169,0
74.82,3.31,33.58,16.2,813.8,89.54,-0.031,380.19,29,170,0
74.68,3.3,33.58,16.28,814.0,90.09,-0.031,378.37,29,171,0
74.57,3.28,33.57,16.24,817.29,90.79,-0.029,377.07,29,172,0
74.28,3.29,33.57,16.17,819.44,91.61,-0.034,375.76,29,173,0
74.02,3.31,33.58,16.23,818.84,92.6,-0.029,375.13,29,174,0
74.25,3.31,33.59,16.21,818.72,92.15,-0.027,373.46,29,175,0
74.26,3.3,33.59,16.14,819.31,92.42,-0.031,374.03,29,176,0
74.25,3.3,33.61,16.17,818.81,92.63,-0.031,375.18,29,177,0
73.98,3.3,33.6,16.1,821.52,92.69,-0.032,373.69,29,178,0
73.97,3.27,33.6,16.0,824.63,92.29,-0.034,375.05,29,179,0
74.7,3.31,33.6,15.97,819.78,92.91,-0.028,376.43,29,180,1
75.44,3.37,33.58,15.9,814.6,93.41,-0.023,377.46,29,181,1
76.14,3.42,33.57,15.85,811.42,94.17,-0.02,378.83,29,182,1
76.65,3.47,33.56,15.81,808.3,94.93,-0.016,379.78,29,183,1
77.14,3.53,33.55,15.75,802.63,95.08,-0.009,380.96,29,184,1
77.78,3.57,33.53,15.72,798.66,95.29,-0.002,382.25,29,185,1
78.1,3.6,33.53,15.66,795.47,95.98,0.005,383.57,29,186,1
78.8,3.66,33.5,15.63,790.62,96.0,0.012,383.61,29,187,1
79.37,3.73,33.49,15.61,785.11,96.9,0.016,384.56,29,188,1
79.64,3.79,33.49,15.56,781.68,97.58,0.02,385.3,29,189,1
80.19,3.86,33.47,15.48,776.51,98.05,0.026,386.17,29,190,1
80.58,3.9,33.47,15.42,771.86,98.52,0.03,387.81,29,191,1
81.26,3.94,33.46,15.37,768.98,98.94,0.034,389.59,29,192,1
81.81,3.98,33.45,15.3,763.26,99.47,0.038,390.75,29,193,1
82.08,4.02,33.45,15.23,757.39,100.27,0.045,392.62,29,194,1
82.36,4.06,33.42,15.2,755.13,100.71,0.048,393.57,29,195,1
82.97,4.13,33.4,15.14,752.38,100.84,0.053,393.73,29,196,1
83.2,4.17,33.39,15.07,747.32,101.5,0.061,394.92,29,197,1
83.71,4.23,33.37,15.03,742.76,102.07,0.065,395.95,29,198,1
84.47,4.3,33.34,15.01,740.04,102.22,0.07,397.9,29,199,1
84.71,4.36,33.34,14.96,734.71,102.49,0.076,399.18,29,200,1
85.38,4.4,33.32,14.92,730.64,103.03,0.081,401.01,29,201,1
85.59,4.45,33.3,14.85,728.31,103.83,0.083,401.42,29,202,1
86.09,4.51,33.29,14.78,724.08,104.09,0.087,402.44,29,203,1
86.35,4.56,33.26,14.75,719.53,104.7,0.095,402.47,29,204,1
86.63,4.6,33.25,14.69,714.06,105.05,0.101,402.95,29,205,1
87.09,4.67,33.24,14.66,708.13,105.31,0.104,403.81,29,206,1
87.64,4.73,33.22,14.62,704.54,105.54,0.109,405.46,29,207,1
88.15,4.79,33.2,14.55,699.71,106.01,0.117,405.78,29,208,1
88.61,4.86,33.17,14.48,694.82,106.32,0.123,407.16,29,209,1
88.83,4.89,33.15,14.46,689.74,107.04,0.131,407.98,29,210,1
89.08,4.96,33.15,14.39,687.18,107.7,0.138,408.9,29,211,1
89.78,5.01,33.14,14.36,684.88,107.71,0.14,409.27,29,212,1
90.27,5.06,33.11,14.31,679.11,108.56,0.143,410.48,29,213,1
90.77,5.11,33.11,14.24,676.78,109.08,0.146,410.61,29,214,1
91.2,5.18,33.08,14.17,671.0,109.6,0.151,412.13,29,215,1
91.79,5.25,33.05,14.09,667.74,110.24,0.156,412.92,29,216,1
92.3,5.31,33.05,14.03,663.86,110.83,0.163,414.06,29,217,1
93.06,5.38,33.02,14.0,661.62,111.22,0.169,415.41,29,218,1
93.55,5.45,33.0,13.94,659.44,111.91,0.175,415.61,29,219,1
94.25,5.55,32.95,13.88,652.5,112.48,0.183,417.81,29,220,2
94.87,5.64,32.91,13.81,648.78,113.04,0.198,419.5,29,221,2
95.53,5.78,32.88,13.73,645.42,113.81,0.209,420.98,29,222,2
96.27,5.92,32.84,13.67,641.46,114.52,0.222,424.37,29,223,2
97.35,6.02,32.8,13.6,635.08,115.57,0.23,426.89,29,224,2
98.0,6.1,32.76,13.5,631.0,116.53,0.236,428.15,29,225,2
99.01,6.19,32.71,13.36,626.78,117.79,0.245,432.1,29,226,2
99.83,6.34,32.67,13.27,621.15,118.43,0.255,433.36,29,227,2
100.83,6.43,32.61,13.14,613.61,119.41,0.269,435.95,29,228,2
101.5,6.51,32.59,12.99,607.93,120.79,0.275,438.39,29,229,2
102.34,6.61,32.56,12.86,601.89,121.95,0.288,440.29,29,230,2
103.11,6.7,32.52,12.77,595.54,122.64,0.297,441.81,29,231,2
104.0,6.84,32.49,12.68,591.24,123.55,0.305,445.41,29,232,2
104.5,6.97,32.46,12.54,584.57,125.3,0.316,449.35,29,233,2
105.04,7.05,32.44,12.42,580.11,125.98,0.324,451.01,29,234,2
105.99,7.15,32.4,12.33,575.95,127.22,0.338,452.37,29,235,2
107.15,7.24,32.34,12.22,569.36,128.17,0.352,455.57,29,236,2
107.57,7.35,32.29,12.11,566.14,129.5,0.357,459.26,29,237,2
108.22,7.49,32.24,11.97,561.36,130.46,0.37,460.74,29,238,2
109.27,7.58,32.2,11.85,554.04,132.13,0.385,463.07,29,239,2
109.98,7.68,32.17,11.76,548.6,133.68,0.391,464.22,29,240,2
110.69,7.76,32.11,11.66,541.04,135.51,0.398,465.5,29,241,2
111.37,7.9,32.08,11.57,534.76,136.3,0.411,467.95,29,242,2
112.07,8.05,32.03,11.44,527.81,137.37,0.418,470.28,29,243,2
113.07,8.19,31.98,11.38,523.65,138.0,0.428,471.36,29,244,2
114.09,8.29,31.92,11.3,516.41,138.71,0.435,475.29,29,245,2
114.97,8.38,31.89,11.21,510.61,139.42,0.447,476.69,29,246,2
116.02,8.51,31.85,11.16,505.47,140.39,0.454,479.48,29,247,2
117.21,8.64,31.8,11.03,499.12,140.98,0.466,482.53,29,248,2
118.21,8.73,31.76,10.95,492.25,142.35,0.473,485.47,29,249,2
119.1,8.85,31.73,10.9,487.35,143.97,0.487,488.7,29,250,2
119.93,8.93,31.71,10.76,481.57,144.79,0.497,492.12,29,251,2
120.62,9.07,31.67,10.71,478.01,146.01,0.503,494.05,29,252,2
121.54,9.16,31.64,10.57,472.95,147.04,0.513,497.07,29,253,2
122.22,9.25,31.6,10.45,465.51,148.92,0.527,500.54,29,254,2
123.07,9.37,31.55,10.38,458.44,149.46,0.535,503.82,29,255,2
123.76,9.51,31.51,10.27,452.52,150.41,0.546,507.63,29,256,2
124.38,9.62,31.48,10.16,446.39,151.63,0.559,511.62,29,257,2
125.24,9.72,31.42,10.06,439.39,152.88,0.565,512.97,29,258,2
125.89,9.83,31.4,9.99,434.64,154.11,0.572,516.47,29,259,2
126.64,9.93,31.38,9.91,430.84,156.1,0.586,519.41,29,260,2
127.41,10.03,31.34,9.82,426.7,157.77,0.597,522.37,29,261,2
128.38,10.16,31.28,9.74,418.85,158.37,0.607,525.54,29,262,2
128.99,10.29,31.24,9.66,412.56,158.99,0.616,528.02,29,263,2
129.97,10.39,31.21,9.59,408.45,159.62,0.624,530.26,29,264,2
130.64,10.49,31.17,9.48,400.78,160.26,0.632,532.43,29,265,2
131.52,10.61,31.11,9.4,397.46,161.14,0.64,534.47,29,266,2
132.25,10.76,31.09,9.29,394.0,163.07,0.646,538.43,29,267,2
132.84,10.88,31.07,9.15,389.9,163.81,0.659,540.03,29,268,2
133.86,10.98,31.01,9.01,382.49,165.05,0.666,542.57,29,269,2
134.71,11.08,30.98,8.9,378.71,166.2,0.674,545.92,29,270,2
135.79,11.22,30.95,8.84,375.1,168.01,0.68,549.33,29,271,2
136.26,11.36,30.92,8.73,368.61,169.17,0.689,550.98,29,272,2
136.86,11.48,30.9,8.68,364.8,170.89,0.697,553.42,29,273,2
137.52,11.59,30.87,8.62,359.54,171.6,0.708,556.41,29,274,2
138.5,11.71,30.83,8.55,355.78,172.65,0.718,559.39,29,275,2
139.17,11.81,30.78,8.43,348.64,173.78,0.733,561.02,29,276,2
139.99,11.91,30.74,8.34,343.88,175.34,0.744,564.57,29,277,2
141.03,12.0,30.7,8.26,337.34,177.23,0.757,566.14,29,278,2
141.54,12.1,30.64,8.12,329.6,177.87,0.771,568.33,29,279,2
142.42,12.19,30.62,7.98,321.95,178.93,0.786,571.81,29,280,2
143.36,12.33,30.6,7.88,317.77,179.57,0.798,575.43,29,281,2
144.17,12.44,30.55,7.83,309.89,180.53,0.806,576.58,29,282,2
144.76,12.57,30.53,7.72,302.42,182.19,0.819,579.76,29,283,2
145.29,12.7,30.49,7.64,298.12,183.18,0.829,583.6,29,284,2
146.24,12.82,30.44,7.52,294.97,185.12,0.842,586.06,29,285,2
147.26,12.9,30.39,7.39,289.23,186.39,0.85,588.61,29,286,2
147.96,12.99,30.37,7.33,281.28,188.39,0.861,590.03,29,287,2
149.14,13.09,30.34,7.23,276.91,190.27,0.869,592.99,29,288,2
149.76,13.18,30.32,7.13,270.83,191.32,0.878,595.27,29,289,2
150.94,13.33,30.26,7.02,263.42,192.44,0.888,598.42,29,290,2
152.09,13.47,30.23,6.95,256.92,193.5,0.896,600.05,29,291,2
152.59,13.61,30.2,6.85,250.55,194.62,0.903,601.74,29,292,2
153.75,13.74,30.15,6.78,246.65,196.54,0.916,604.6,29,293,2
154.38,13.86,30.09,6.69,240.2,198.05,0.93,606.14,29,294,2
155.47,13.95,30.07,6.57,237.01,198.64,0.942,607.2,29,295,2
156.65,14.06,30.02,6.48,231.6,199.16,0.954,608.85,29,296,2
157.73,14.2,30.0,6.41,226.18,200.65,0.961,612.64,29,297,2
158.9,14.31,29.95,6.36,220.99,201.87,0.971,614.9,29,298,2
159.35,14.43,29.9,6.31,216.03,202.77,0.983,618.84,29,299,2
74.01,3.19,33.6,15.9,806.73,92.38,0.006,390.45,30,0,0
73.74,3.17,33.61,16.0,810.33,93.19,0.007,388.87,30,1,0
73.75,3.18,33.61,15.95,809.06,93.88,0.006,388.44,30,2,0
73.9,3.19,33.61,15.9,810.44,93.99,0.008,389.68,30,3,0
74.17,3.2,33.59,15.8,810.4,94.92,0.01,389.82,30,4,0
74.52,3.19,33.6,15.79,813.65,95.65,0.007,391.52,30,5,0
74.66,3.18,33.59,15.78,811.45,95.52,0.003,390.43,30,6,0
74.42,3.18,33.59,15.81,810.77,96.41,0.003,390.73,30,7,0
74.31,3.19,33.58,15.9,813.92,96.85,0.003,391.18,30,8,0
74.64,3.17,33.59,15.91,811.28,96.01,0.0,391.5,30,9,0
74.74,3.2,33.59,15.87,814.74,96.25,0.002,390.39,30,10,0
75.06,3.17,33.59,15.89,810.92,95.62,0.006,390.27,30,11,0
75.45,3.19,33.57,15.94,814.65,96.55,0.002,390.51,30,12,0
75.54,3.21,33.58,15.95,811.88,97.15,-0.002,389.05,30,13,0
75.28,3.22,33.58,16.0,812.67,97.44,-0.005,387.73,30,14,0
74.93,3.23,33.56,16.03,815.71,96.65,-0.001,389.33,30,15,0
74.81,3.21,33.57,15.97,818.32,97.07,-0.004,388.69,30,16,0
74.64,3.24,33.55,15.89,822.19,96.48,-0.001,387.9,30,17,0
75.0,3.21,33.55,15.84,819.65,96.89,-0.0,386.71,30,18,0
75.4,3.21,33.56,15.88,818.34,97.64,-0.004,387.78,30,19,0
75.19,3.22,33.55,15.88,815.52,97.89,-0.007,389.3,30,20,0
75.49,3.2,33.54,15.91,813.35,98.04,-0.002,390.29,30,21,0
75.67,3.2,33.54,15.99,811.74,97.55,0.002,388.5,30,22,0
75.9,3.23,33.53,15.92,811.67,97.01,0.001,389.5,30,23,0
75.73,3.23,33.52,15.96,812.56,97.36,0.001,389.36,30,24,0
75.49,3.2,33.52,15.96,815.08,97.38,-0.004,390.17,30,25,0
75.55,3.22,33.54,15.94,817.42,97.02,-0.005,390.29,30,26,0
75.26,3.23,33.53,15.89,816.96,97.69,-0.006,391.29,30,27,0
75.24,3.22,33.55,15.98,813.08,97.55,-0.003,390.52,30,28,0
75.48,3.22,33.56,16.07,811.48,96.78,0.0,388.76,30,29,0
75.51,3.21,33.57,16.0,810.99,97.12,0.0,389.1,30,30,0
75.43,3.19,33.59,15.94,808.69,96.73,-0.001,388.32,30,31,0
75.12,3.18,33.57,15.91,808.28,96.48,0.002,390.31,30,32,0
75.12,3.15,33.57,15.94,805.67,95.76,0.003,389.79,30,33,0
75.4,3.15,33.59,15.9,802.92,94.9,0.004,389.66,30,34,0
75.5,3.15,33.58,15.8,806.8,94.62,0.008,388.4,30,35,0
75.69,3.15,33.57,15.83,806.86,94.11,0.004,389.71,30,36,0
75.58,3.14,33.56,15.81,809.26,94.97,0.007,389.3,30,37,0
75.75,3.11,33.56,15.74,812.68,95.42,0.007,389.7,30,38,0
75.96,3.12,33.55,15.83,814.01,96.06,0.01,388.51,30,39,0
75.58,3.13,33.53,15.9,815.94,96.61,0.006,388.89,30,40,0
75.78,3.13,33.55,15.89,818.99,96.54,0.006,387.4,30,41,0
75.63,3.15,33.53,15.8,816.44,96.06,0.003,388.21,30,42,0
75.43,3.15,33.53,15.75,817.28,96.77,0.005,386.61,30,43,0
75.69,3.13,33.53,15.67,820.11,95.83,0.005,387.67,30,44,0
75.4,3.14,33.54,15.57,816.82,96.34,0.006,387.32,30,45,0
75.62,3.15,33.53,15.6,814.54,97.21,0.008,387.86,30,46,0
75.79,3.13,33.53,15.66,815.92,97.67,0.005,386.53,30,47,0
75.98,3.11,33.52,15.64,814.38,97.91,0.003,387.95,30,48,0
76.29,3.09,33.51,15.61,815.46,97.91,0.002,389.78,30,49,0
75.98,3.09,33.49,15.56,818.66,97.19,0.005,388.08,30,50,0
76.23,3.09,33.49,15.59,821.0,96.28,0.005,387.6,30,51,0
75.84,3.1,33.49,15.59,819.99,96.77,0.006,388.34,30,52,0
75.77,3.12,33.49,15.49,822.8,96.13,0.007,387.94,30,53,0
75.72,3.11,33.5,15.39,824.21,95.98,0.007,387.88,30,54,0
75.81,3.08,33.51,15.35,825.79,95.24,0.008,386.77,30,55,0
75.58,3.07,33.51,15.31,822.3,95.4,0.01,388.15,30,56,0
75.91,3.09,33.53,15.23,822.47,95.44,0.012,388.8,30,57,0
75.87,3.07,33.51,15.21,819.43,96.11,0.013,388.08,30,58,0
75.94,3.09,33.51,15.17,821.96,95.98,0.011,388.32,30,59,0
75.91,3.08,33.52,15.19,821.64,96.23,0.014,389.99,30,60,0
75.91,3.06,33.52,15.24,823.61,95.42,0.012,391.69,30,61,0
75.7,3.05,33.52,15.32,824.63,94.85,0.008,391.76,30,62,0
75.53,3.06,33.53,15.3,825.13,94.09,0.01,392.03,30,63,0
75.74,3.07,33.54,15.33,823.05,95.09,0.01,390.16,30,64,0
75.55,3.06,33.55,15.33,825.1,95.14,0.011,389.41,30,65,0
75.88,3.07,33.57,15.27,825.76,94.45,0.007,390.94,30,66,0
75.61,3.07,33.57,15.33,825.22,95.39,0.004,392.84,30,67,0
75.89,3.08,33.57,15.24,824.63,96.23,0.001,391.39,30,68,0
75.91,3.08,33.57,15.15,823.24,96.84,0.004,393.26,30,69,0
76.26,3.07,33.59,15.06,823.84,96.49,0.004,395.07,30,70,0
76.29,3.04,33.57,15.13,825.18,96.84,0.001,393.78,30,71,0
76.39,3.06,33.59,15.15,823.34,96.8,0.003,394.88,30,72,0
76.71,3.09,33.58,15.16,820.37,96.78,0.002,394.31,30,73,0
76.72,3.1,33.6,15.25,820.06,95.84,0.002,396.1,30,74,0
77.05,3.08,33.59,15.18,822.19,96.38,0.002,398.02,30,75,0
77.33,3.09,33.57,15.11,820.66,96.25,0.004,397.67,30,76,0
77.18,3.09,33.59,15.08,822.04,95.57,0.003,398.01,30,77,0
76.79,3.12,33.57,15.05,825.31,95.84,0.006,399.61,30,78,0
76.48,3.11,33.59,15.06,828.73,96.32,0.006,400.42,30,79,0
76.21,3.09,33.59,15.11,827.91,95.5,0.011,398.95,30,80,0
76.11,3.11,33.6,15.18,829.16,95.41,0.016,398.33,30,81,0
76.3,3.1,33.6,15.12,831.04,95.45,0.021,400.0,30,82,0
76.61,3.11,33.59,15.17,831.56,94.54,0.022,398.24,30,83,0
76.97,3.13,33.59,15.08,829.41,95.03,0.022,399.88,30,84,0
76.67,3.1,33.59,15.02,825.66,94.3,0.026,399.2,30,85,0
77.0,3.1,33.59,14.99,829.2,93.68,0.028,397.65,30,86,0
77.12,3.1,33.6,14.93,825.58,94.55,0.028,397.13,30,87,0
76.91,3.12,33.59,14.87,824.12,94.47,0.027,398.98,30,88,0
76.82,3.13,33.58,14.8,827.29,93.53,0.025,398.56,30,89,0
76.77,3.16,33.57,14.72,826.43,93.68,0.027,398.73,30,90,0
76.73,3.15,33.55,14.7,823.56,93.3,0.027,399.86,30,91,0
76.42,3.16,33.56,14.77,823.1,94.28,0.029,401.27,30,92,0
76.34,3.14,33.58,14.86,823.1,94.02,0.033,402.46,30,93,0
75.99,3.11,33.58,14.89,825.8,93.73,0.033,400.5,30,94,0
76.19,3.1,33.57,14.82,825.95,94.14,0.029,401.19,30,95,0
76.41,3.13,33.57,14.78,828.38,94.49,0.027,399.71,30,96,0
76.38,3.14,33.57,14.77,832.2,95.0,0.029,398.25,30,97,0
76.27,3.12,33.58,14.75,832.37,95.29,0.03,399.99,30,98,0
76.15,3.1,33.58,14.84,830.33,94.93,0.025,400.17,30,99,0
75.81,3.11,33.58,14.9,831.23,95.58,0.026,400.11,30,100,0
75.65,3.11,33.59,14.87,829.59,95.64,0.023,398.62,30,101,0
75.54,3.09,33.58,14.79,828.34,95.96,0.028,399.74,30,102,0
75.79,3.1,33.57,14.7,828.8,95.21,0.023,399.94,30,103,0
76.0,3.12,33.59,14.6,828.6,95.5,0.027,398.66,30,104,0
76.02,3.11,33.6,14.52,826.89,95.88,0.031,400.27,30,105,0
76.07,3.1,33.58,14.55,825.24,96.21,0.034,400.89,30,106,0
75.98,3.07,33.59,14.64,827.82,96.68,0.029,401.93,30,107,0
75.77,3.06,33.6,14.64,829.98,97.12,0.024,402.96,30,108,0
75.99,3.07,33.61,14.74,826.38,96.8,0.022,402.24,30,109,0
76.12,3.05,33.61,14.76,829.05,96.35,0.025,400.66,30,110,0
76.41,3.05,33.61,14.78,827.69,96.63,0.022,401.25,30,111,0
76.18,3.05,33.6,14.73,823.82,96.33,0.025,402.06,30,112,0
76.51,3.05,33.62,14.73,825.29,95.66,0.021,401.85,30,113,0
76.12,3.07,33.61,14.75,827.94,96.39,0.023,403.8,30,114,0
76.35,3.09,33.62,14.85,828.65,96.09,0.025,402.23,30,115,0
76.42,3.08,33.6,14.82,829.69,96.96,0.027,402.99,30,116,0
76.39,3.08,33.58,14.75,829.62,96.42,0.026,402.25,30,117,0
76.72,3.1,33.6,14.77,831.25,96.2,0.022,401.38,30,118,0
76.68,3.11,33.6,14.7,830.51,96.6,0.025,399.95,30,119,0
76.51,3.13,33.6,14.68,827.47,96.98,0.022,399.11,30,120,0
76.17,3.15,33.58,14.77,827.15,97.84,0.025,398.01,30,121,0
76.26,3.15,33.57,14.87,825.1,97.89,0.022,399.66,30,122,0
76.09,3.17,33.56,14.81,826.13,98.3,0.023,398.88,30,123,0
76.18,3.16,33.54,14.86,825.81,99.13,0.027,397.14,30,124,0
76.29,3.16,33.53,14.94,823.25,100.12,0.023,396.52,30,125,0
76.6,3.18,33.54,15.04,820.27,99.29,0.027,394.9,30,126,0
76.63,3.2,33.52,15.12,823.09,99.47,0.022,394.57,30,127,0
76.42,3.2,33.52,15.16,825.46,99.12,0.022,392.68,30,128,0
76.23,3.2,33.5,15.21,825.85,99.24,0.018,393.65,30,129,0
76.2,3.19,33.52,15.24,826.5,99.47,0.016,395.45,30,130,0
75.88,3.2,33.51,15.31,823.49,99.95,0.02,393.78,30,131,0
75.83,3.22,33.52,15.4,824.67,99.16,0.015,395.75,30,132,0
76.11,3.21,33.52,15.31,826.86,99.13,0.015,395.35,30,133,0
76.15,3.22,33.5,15.41,825.91,98.5,0.013,397.01,30,134,0
76.36,3.24,33.52,15.37,826.54,99.09,0.01,396.96,30,135,0
76.41,3.23,33.53,15.36,828.46,99.78,0.009,395.24,30,136,0
76.49,3.22,33.52,15.43,827.62,99.96,0.011,397.06,30,137,0
76.14,3.21,33.54,15.46,829.87,100.86,0.011,396.05,30,138,0
76.33,3.22,33.54,15.47,833.37,100.02,0.012,396.42,30,139,0
76.24,3.21,33.54,15.43,831.04,100.31,0.012,397.7,30,140,0
75.87,3.23,33.53,15.42,833.81,100.22,0.009,397.36,30,141,0
75.58,3.21,33.52,15.44,834.11,99.44,0.004,397.63,30,142,0
75.77,3.19,33.53,15.44,831.6,99.42,0.002,395.92,30,143,0
75.71,3.17,33.55,15.35,828.72,98.79,0.003,396.84,30,144,0
75.83,3.19,33.57,15.31,828.4,99.38,0.001,396.48,30,145,0
75.72,3.19,33.56,15.39,831.53,98.69,-0.0,394.75,30,146,0
75.39,3.2,33.55,15.33,834.54,98.28,-0.004,393.99,30,147,0
75.33,3.19,33.53,15.34,834.62,97.4,-0.008,394.57,30,148,0
75.35,3.22,33.53,15.38,832.88,98.22,-0.007,393.54,30,149,0
75.62,3.2,33.52,15.34,831.01,97.44,-0.012,394.26,30,150,0
75.78,3.17,33.52,15.4,829.36,96.61,-0.014,395.53,30,151,0
75.64,3.16,33.54,15.4,830.65,97.13,-0.018,394.53,30,152,0
75.86,3.15,33.53,15.48,832.78,97.54,-0.015,394.53,30,153,0
75.94,3.12,33.51,15.54,830.1,98.23,-0.013,394.49,30,154,0
75.84,3.13,33.5,15.57,829.07,98.61,-0.01,393.82,30,155,0
76.05,3.13,33.52,15.6,832.71,98.93,-0.013,393.91,30,156,0
75.65,3.12,33.5,15.6,835.36,99.25,-0.016,393.85,30,157,0
75.28,3.15,33.49,15.62,833.77,98.95,-0.013,395.76,30,158,0
74.93,3.12,33.5,15.54,829.81,99.73,-0.017,394.84,30,159,0
74.75,3.14,33.48,15.49,831.3,100.3,-0.016,394.32,30,160,0
75.13,3.16,33.47,15.47,827.79,100.64,-0.015,395.28,30,161,0
75.27,3.13,33.48,15.37,830.57,101.18,-0.012,395.71,30,162,0
75.57,3.15,33.47,15.3,834.37,100.19,-0.013,395.81,30,163,0
75.8,3.16,33.47,15.32,831.94,100.82,-0.017,396.05,30,164,0
75.44,3.18,33.48,15.32,832.87,101.68,-0.013,395.46,30,165,0
75.37,3.17,33.48,15.34,835.08,101.28,-0.011,396.16,30,166,0
75.39,3.17,33.48,15.38,832.89,102.08,-0.014,394.74,30,167,0
75.08,3.2,33.48,15.3,832.07,101.95,-0.014,395.78,30,168,0
74.79,3.23,33.47,15.34,828.1,101.66,-0.017,394.46,30,169,0
75.04,3.24,33.47,15.25,829.59,101.71,-0.019,392.62,30,170,0
74.87,3.22,33.45,15.32,832.27,101.76,-0.019,392.85,30,171,0
74.98,3.22,33.43,15.35,835.96,102.27,-0.015,394.83,30,172,0
74.74,3.23,33.44,15.44,839.46,102.61,-0.019,394.79,30,173,0
74.79,3.21,33.44,15.42,843.31,101.93,-0.02,396.76,30,174,0
75.06,3.24,33.43,15.51,841.95,102.16,-0.017,397.04,30,175,0
75.17,3.24,33.44,15.56,843.37,103.01,-0.017,397.83,30,176,0
74.98,3.22,33.45,15.48,842.29,103.17,-0.02,399.03,30,177,0
74.87,3.23,33.44,15.47,842.59,102.31,-0.024,397.81,30,178,0
75.26,3.21,33.46,15.57,846.35,101.82,-0.027,397.42,30,179,0
75.59,3.25,33.43,15.53,841.18,102.71,-0.022,399.29,30,180,1
76.3,3.28,33.42,15.46,836.05,103.55,-0.017,400.75,30,181,1
76.67,3.35,33.41,15.43,831.05,103.73,-0.01,400.97,30,182,1
77.35,3.41,33.4,15.36,827.36,104.1,-0.006,402.91,30,183,1
78.02,3.45,33.38,15.33,822.3,104.49,0.0,403.09,30,184,1
78.65,3.5,33.36,15.31,817.28,105.07,0.008,403.67,30,185,1
79.42,3.56,33.34,15.29,813.05,105.13,0.01,405.42,30,186,1
80.08,3.6,33.32,15.22,807.24,105.2,0.014,407.36,30,187,1
80.52,3.67,33.32,15.19,803.13,106.03,0.017,408.31,30,188,1
81.31,3.71,33.3,15.16,799.86,106.49,0.019,409.61,30,189,1
81.61,3.74,33.27,15.14,795.91,106.58,0.025,410.59,30,190,1
81.92,3.79,33.27,15.1,793.8,107.08,0.032,412.53,30,191,1
82.65,3.83,33.26,15.07,788.94,107.94,0.038,414.3,30,192,1
83.04,3.87,33.25,15.0,783.56,108.48,0.043,415.3,30,193,1
83.79,3.92,33.23,14.96,778.36,109.3,0.05,416.79,30,194,1
84.08,4.0,33.23,14.93,774.92,109.35,0.058,418.33,30,195,1
84.72,4.04,33.21,14.86,771.76,110.26,0.061,419.64,30,196,1
85.17,4.12,33.19,14.8,767.48,110.94,0.065,419.97,30,197,1
85.55,4.18,33.18,14.73,762.43,110.96,0.072,420.23,30,198,1
85.94,4.22,33.15,14.68,760.34,111.63,0.077,421.53,30,199,1
86.6,4.26,33.15,14.64,754.36,112.45,0.081,422.48,30,200,1
87.12,4.33,33.12,14.61,749.07,113.28,0.088,422.86,30,201,1
87.54,4.4,33.1,14.56,743.74,114.18,0.094,424.2,30,202,1
87.93,4.47,33.09,14.52,740.23,115.15,0.101,425.51,30,203,1
88.54,4.52,33.07,14.5,736.0,115.48,0.104,426.41,30,204,1
88.93,4.57,33.04,14.48,731.31,115.63,0.109,427.51,30,205,1
89.52,4.65,33.03,14.43,727.87,115.69,0.115,429.08,30,206,1
90.28,4.72,33.0,14.39,724.54,116.39,0.122,430.87,30,207,1
90.64,4.77,32.99,14.31,718.79,117.34,0.127,432.37,30,208,1
90.86,4.85,32.99,14.27,714.46,118.24,0.129,433.19,30,209,1
91.49,4.9,32.96,14.2,711.86,118.58,0.136,433.68,30,210,1
92.12,4.93,32.96,14.16,709.52,118.73,0.14,433.96,30,211,1
92.84,4.98,32.94,14.09,703.56,119.49,0.144,434.49,30,212,1
93.46,5.01,32.91,14.03,700.46,120.21,0.15,436.27,30,213,1
94.19,5.06,32.89,13.97,695.64,120.58,0.156,438.15,30,214,1
94.97,5.12,32.88,13.93,693.11,120.83,0.164,438.84,30,215,1
95.21,5.19,32.86,13.91,687.19,121.23,0.172,439.05,30,216,1
95.91,5.26,32.83,13.83,685.08,121.72,0.174,439.93,30,217,1
96.6,5.31,32.82,13.8,682.21,121.96,0.181,440.11,30,218,1
97.09,5.38,32.79,13.73,676.77,122.48,0.188,440.94,30,219,1
97.73,5.46,32.74,13.61,673.37,123.31,0.202,443.49,30,220,2
98.81,5.56,32.72,13.52,668.12,124.77,0.207,444.98,30,221,2
99.68,5.65,32.69,13.39,664.92,126.4,0.217,447.51,30,222,2
100.44,5.8,32.67,13.33,657.63,127.08,0.226,450.26,30,223,2
101.08,5.94,32.64,13.22,651.31,128.25,0.234,453.42,30,224,2
102.11,6.08,32.61,13.12,647.62,129.35,0.244,455.71,30,225,2
103.15,6.2,32.56,13.05,643.94,130.16,0.255,459.44,30,226,2
103.74,6.32,32.54,12.92,636.82,131.71,0.265,461.93,30,227,2
104.19,6.43,32.5,12.79,630.8,133.7,0.272,463.97,30,228,2
105.34,6.54,32.47,12.65,624.05,135.11,0.28,466.13,30,229,2
106.47,6.67,32.44,12.58,619.89,136.58,0.292,468.6,30,230,2
106.94,6.78,32.39,12.5,616.5,138.15,0.3,470.91,30,231,2
107.48,6.92,32.35,12.39,610.64,139.74,0.308,474.89,30,232,2
108.64,7.0,32.32,12.27,602.86,140.75,0.322,476.01,30,233,2
109.18,7.1,32.27,12.16,599.73,142.25,0.334,479.96,30,234,2
110.29,7.25,32.23,12.06,594.18,143.72,0.342,481.2,30,235,2
111.04,7.34,32.2,11.93,590.0,145.51,0.352,484.91,30,236,2
111.88,7.47,32.15,11.81,583.74,146.14,0.366,488.36,30,237,2
112.55,7.57,32.12,11.68,576.17,148.12,0.379,492.17,30,238,2
113.11,7.66,32.06,11.55,569.77,149.03,0.391,494.2,30,239,2
114.29,7.78,32.01,11.49,562.82,150.6,0.406,496.87,30,240,2
115.38,7.93,31.96,11.41,556.53,152.11,0.411,499.48,30,241,2
115.97,8.06,31.91,11.31,550.52,153.44,0.418,503.08,30,242,2
117.03,8.15,31.88,11.21,545.61,153.97,0.426,506.62,30,243,2
118.18,8.24,31.84,11.1,539.74,155.05,0.433,510.58,30,244,2
118.75,8.39,31.81,10.98,534.13,156.66,0.445,514.33,30,245,2
119.74,8.48,31.75,10.88,528.97,158.03,0.455,515.89,30,246,2
120.24,8.61,31.69,10.73,521.12,159.89,0.468,519.31,30,247,2
120.79,8.72,31.66,10.64,516.19,160.63,0.475,520.53,30,248,2
121.35,8.82,31.6,10.5,513.0,161.58,0.485,523.8,30,249,2
122.03,8.97,31.56,10.35,505.33,162.17,0.496,525.88,30,250,2
122.84,9.09,31.51,10.29,498.58,163.74,0.503,527.97,30,251,2
123.96,9.23,31.48,10.15,491.6,165.29,0.513,530.1,30,252,2
124.45,9.37,31.43,10.07,487.82,167.2,0.521,531.86,30,253,2
125.58,9.46,31.4,9.95,481.48,168.45,0.534,533.41,30,254,2
126.69,9.55,31.36,9.9,477.14,170.37,0.543,534.51,30,255,2
127.15,9.67,31.31,9.82,471.43,171.41,0.551,537.8,30,256,2
127.78,9.8,31.27,9.7,467.8,173.31,0.557,541.45,30,257,2
128.49,9.89,31.24,9.61,459.95,173.9,0.563,542.89,30,258,2
129.23,10.04,31.21,9.46,453.97,175.76,0.575,545.9,30,259,2
130.42,10.15,31.19,9.39,446.34,176.7,0.589,547.53,30,260,2
131.51,10.24,31.15,9.29,440.0,178.24,0.599,550.29,30,261,2
132.37,10.33,31.12,9.16,434.3,179.51,0.604,551.97,30,262,2
133.49,10.42,31.09,9.1,431.16,181.05,0.611,553.71,30,263,2
134.25,10.56,31.05,9.04,423.84,182.92,0.62,557.61,30,264,2
135.19,10.64,31.02,8.94,419.57,183.43,0.634,560.81,30,265,2
135.93,10.73,30.97,8.85,414.83,183.97,0.641,562.12,30,266,2
136.76,10.84,30.91,8.72,407.36,185.2,0.65,564.26,30,267,2
137.45,10.99,30.86,8.67,404.34,186.34,0.658,568.0,30,268,2
137.93,11.07,30.83,8.55,398.06,187.55,0.667,570.7,30,269,2
138.67,11.15,30.79,8.42,394.46,188.06,0.681,572.59,30,270,2
139.67,11.25,30.75,8.31,390.87,190.05,0.694,573.61,30,271,2
140.46,11.35,30.73,8.2,384.85,191.43,0.703,577.16,30,272,2
141.11,11.48,30.7,8.12,380.42,192.16,0.715,580.14,30,273,2
142.28,11.57,30.65,8.0,377.01,193.33,0.728,581.44,30,274,2
143.19,11.7,30.6,7.85,373.03,194.84,0.733,583.37,30,275,2
144.16,11.84,30.55,7.75,366.33,196.43,0.741,584.51,30,276,2
145.04,11.95,30.53,7.62,358.74,197.04,0.748,587.1,30,277,2
145.97,12.06,30.48,7.51,350.87,198.01,0.762,590.09,30,278,2
146.44,12.15,30.44,7.36,343.92,199.04,0.775,594.09,30,279,2
147.16,12.25,30.41,7.26,337.21,200.28,0.786,597.13,30,280,2
148.3,12.37,30.37,7.17,329.67,201.51,0.797,598.27,30,281,2
149.36,12.51,30.33,7.05,324.01,202.13,0.808,599.92,30,282,2
149.8,12.61,30.28,6.93,320.62,203.07,0.815,601.9,30,283,2
150.96,12.7,30.22,6.85,313.74,203.95,0.827,605.86,30,284,2
151.58,12.83,30.17,6.77,306.02,204.56,0.835,607.35,30,285,2
152.13,12.97,30.11,6.67,299.95,206.39,0.846,609.62,30,286,2
152.87,13.07,30.05,6.54,294.18,208.25,0.853,612.11,30,287,2
153.69,13.19,30.03,6.4,289.57,210.23,0.865,613.43,30,288,2
154.75,13.31,29.97,6.33,286.01,212.22,0.874,617.15,30,289,2
155.36,13.45,29.95,6.2,279.74,214.1,0.882,620.88,30,290,2
156.54,13.54,29.89,6.11,272.55,215.69,0.891,624.43,30,291,2
157.73,13.66,29.83,6.03,265.42,217.18,0.896,625.44,30,292,2
158.23,13.76,29.8,5.9,258.35,217.75,0.911,627.98,30,293,2
159.42,13.9,29.76,5.82,251.08,219.12,0.92,629.31,30,294,2
159.99,14.03,29.74,5.69,244.66,219.79,0.926,630.98,30,295,2
160.46,14.14,29.71,5.55,239.53,221.07,0.94,633.89,30,296,2
160.91,14.28,29.67,5.42,232.86,221.99,0.955,636.11,30,297,2
161.44,14.4,29.63,5.27,225.96,222.95,0.964,638.11,30,298,2
161.92,14.53,29.61,5.2,221.53,224.14,0.977,641.99,30,299,2
